Unity Editor version:    2022.3.39f1 (4e1b0f82c39a)
Branch:                  2022.3/staging
Build type:              Release
Batch mode:              YES
macOS version:           Version 26.6.2 (Build 25G83)
Darwin version:          25.6.0
Architecture:            arm64
Running under Rosetta:   NO
Available memory:        8192 MB
Using pre-set license
Pro License: YES

COMMAND LINE ARGUMENTS:
/Applications/Unity/Hub/Editor/2022.3.39f1/Unity.app/Contents/MacOS/Unity
-adb2
-batchMode
-noUpm
-name
AssetImportWorker2
-projectPath
/Users/winston/Duos
-logFile
Logs/AssetImportWorker2.log
-srvPort
65053
Successfully changed project path to: /Users/winston/Duos
/Users/winston/Duos
[UnityMemory] Configuration Parameters - Can be set up in boot.config
    "memorysetup-bucket-allocator-granularity=16"
    "memorysetup-bucket-allocator-bucket-count=8"
    "memorysetup-bucket-allocator-block-size=33554432"
    "memorysetup-bucket-allocator-block-count=8"
    "memorysetup-main-allocator-block-size=16777216"
    "memorysetup-thread-allocator-block-size=16777216"
    "memorysetup-gfx-main-allocator-block-size=16777216"
    "memorysetup-gfx-thread-allocator-block-size=16777216"
    "memorysetup-cache-allocator-block-size=4194304"
    "memorysetup-typetree-allocator-block-size=2097152"
    "memorysetup-profiler-bucket-allocator-granularity=16"
    "memorysetup-profiler-bucket-allocator-bucket-count=8"
    "memorysetup-profiler-bucket-allocator-block-size=33554432"
    "memorysetup-profiler-bucket-allocator-block-count=8"
    "memorysetup-profiler-allocator-block-size=16777216"
    "memorysetup-profiler-editor-allocator-block-size=1048576"
    "memorysetup-temp-allocator-size-main=16777216"
    "memorysetup-job-temp-allocator-block-size=2097152"
    "memorysetup-job-temp-allocator-block-size-background=1048576"
    "memorysetup-job-temp-allocator-reduction-small-platforms=262144"
    "memorysetup-allocator-temp-initial-block-size-main=262144"
    "memorysetup-allocator-temp-initial-block-size-worker=262144"
    "memorysetup-temp-allocator-size-background-worker=32768"
    "memorysetup-temp-allocator-size-job-worker=262144"
    "memorysetup-temp-allocator-size-preload-manager=33554432"
    "memorysetup-temp-allocator-size-nav-mesh-worker=65536"
    "memorysetup-temp-allocator-size-audio-worker=65536"
    "memorysetup-temp-allocator-size-cloud-worker=32768"
    "memorysetup-temp-allocator-size-gi-baking-worker=262144"
    "memorysetup-temp-allocator-size-gfx=262144"
Player connection [8519541120]  Target information:

Player connection [8519541120]  * "[IP] 192.168.0.155 [Port] 0 [Flags] 2 [Guid] 1634835340 [EditorId] 1634835340 [Version] 1048832 [Id] OSXEditor(0,MacBookAir.modem) [Debug] 1 [PackageName] OSXEditor [ProjectName] Editor" 

Player connection [8519541120] Host joined multi-casting on [225.0.0.222:54997]...
Player connection [8519541120] Host joined alternative multi-casting on [225.0.0.222:34997]...
[PhysX] Initialized MultithreadedTaskDispatcher with 8 workers.
Refreshing native plugins compatible for Editor in 340.37 ms, found 3 plugins.
Preloading 0 native plugins for Editor in 0.00 ms.
Initialize engine version: 2022.3.39f1 (4e1b0f82c39a)
[Subsystems] Discovering subsystems at path /Applications/Unity/Hub/Editor/2022.3.39f1/Unity.app/Contents/Resources/UnitySubsystems
[Subsystems] Discovering subsystems at path /Users/winston/Duos/Assets
GfxDevice: creating device client; threaded=0; jobified=0
 preferred device: Apple M1 (high power)
Metal devices available: 1
0: Apple M1 (high power)
Using device Apple M1 (high power)
Initializing Metal device caps: Apple M1
Initialize mono
Mono path[0] = '/Applications/Unity/Hub/Editor/2022.3.39f1/Unity.app/Contents/Managed'
Mono path[1] = '/Applications/Unity/Hub/Editor/2022.3.39f1/Unity.app/Contents/MonoBleedingEdge/lib/mono/unityjit-macos'
Mono config path = '/Applications/Unity/Hub/Editor/2022.3.39f1/Unity.app/Contents/MonoBleedingEdge/etc'
Using monoOptions --debugger-agent=transport=dt_socket,embedding=1,server=y,suspend=n,address=127.0.0.1:56017
Begin MonoManager ReloadAssembly
Registering precompiled unity dll's ...
Register platform support module: /Applications/Unity/Hub/Editor/2022.3.39f1/Unity.app/Contents/PlaybackEngines/MacStandaloneSupport/UnityEditor.OSXStandalone.Extensions.dll
Registered in 0.002577 seconds.
- Loaded All Assemblies, in  0.499 seconds
Native extension for OSXStandalone target not found
Mono: successfully reloaded assembly
- Finished resetting the current domain, in  0.194 seconds
Domain Reload Profiling: 693ms
	BeginReloadAssembly (118ms)
		ExecutionOrderSort (0ms)
		DisableScriptedObjects (0ms)
		BackupInstance (0ms)
		ReleaseScriptingObjects (0ms)
		CreateAndSetChildDomain (1ms)
	RebuildCommonClasses (68ms)
	RebuildNativeTypeToScriptingClass (8ms)
	initialDomainReloadingComplete (38ms)
	LoadAllAssembliesAndSetupDomain (266ms)
		LoadAssemblies (120ms)
		RebuildTransferFunctionScriptingTraits (0ms)
		AnalyzeDomain (262ms)
			TypeCache.Refresh (261ms)
				TypeCache.ScanAssembly (213ms)
			ScanForSourceGeneratedMonoScriptInfo (0ms)
			ResolveRequiredComponents (1ms)
	FinalizeReload (194ms)
		ReleaseScriptCaches (0ms)
		RebuildScriptCaches (0ms)
		SetupLoadedEditorAssemblies (154ms)
			LogAssemblyErrors (0ms)
			InitializePlatformSupportModulesInManaged (6ms)
			SetLoadedEditorAssemblies (5ms)
			RefreshPlugins (0ms)
			BeforeProcessingInitializeOnLoad (1ms)
			ProcessInitializeOnLoadAttributes (104ms)
			ProcessInitializeOnLoadMethodAttributes (37ms)
			AfterProcessingInitializeOnLoad (0ms)
			EditorAssembliesLoaded (0ms)
		ExecutionOrderSort2 (0ms)
		AwakeInstancesAfterBackupRestoration (0ms)
========================================================================
Worker process is ready to serve import requests
Begin MonoManager ReloadAssembly
- Loaded All Assemblies, in  0.574 seconds
Refreshing native plugins compatible for Editor in 2.77 ms, found 3 plugins.
Native extension for OSXStandalone target not found
<HackaTime> Initializing...
UnityEngine.StackTraceUtility:ExtractStackTrace () (at /Users/bokken/build/output/unity/unity/Runtime/Export/Scripting/StackTrace.cs:37)
UnityEngine.DebugLogHandler:LogFormat (UnityEngine.LogType,UnityEngine.Object,string,object[])
UnityEngine.Logger:Log (UnityEngine.LogType,object)
UnityEngine.Debug:Log (object)
WakaTime.Plugin:Initialize () (at ./Library/PackageCache/com.daniel-geo.unityhackatime@5ac210a9a2/Editor/Plugin.cs:76)
WakaTime.Plugin:.cctor () (at ./Library/PackageCache/com.daniel-geo.unityhackatime@5ac210a9a2/Editor/Plugin.cs:41)
System.Runtime.CompilerServices.RuntimeHelpers:RunClassConstructor (System.RuntimeTypeHandle)
UnityEditor.EditorAssemblies:ProcessInitializeOnLoadAttributes (System.Type[]) (at /Users/bokken/build/output/unity/unity/Editor/Mono/EditorAssemblies.cs:119)

(Filename: ./Library/PackageCache/com.daniel-geo.unityhackatime@5ac210a9a2/Editor/Plugin.cs Line: 76)

<HackaTime> Sending heartbeat...
UnityEngine.StackTraceUtility:ExtractStackTrace () (at /Users/bokken/build/output/unity/unity/Runtime/Export/Scripting/StackTrace.cs:37)
UnityEngine.DebugLogHandler:LogFormat (UnityEngine.LogType,UnityEngine.Object,string,object[])
UnityEngine.Logger:Log (UnityEngine.LogType,object)
UnityEngine.Debug:Log (object)
WakaTime.Plugin/<SendHeartbeat>d__29:MoveNext () (at ./Library/PackageCache/com.daniel-geo.unityhackatime@5ac210a9a2/Editor/Plugin.cs:144)
System.Runtime.CompilerServices.AsyncVoidMethodBuilder:Start<WakaTime.Plugin/<SendHeartbeat>d__29> (WakaTime.Plugin/<SendHeartbeat>d__29&)
WakaTime.Plugin:SendHeartbeat (bool)
WakaTime.Plugin:Initialize () (at ./Library/PackageCache/com.daniel-geo.unityhackatime@5ac210a9a2/Editor/Plugin.cs:78)
WakaTime.Plugin:.cctor () (at ./Library/PackageCache/com.daniel-geo.unityhackatime@5ac210a9a2/Editor/Plugin.cs:41)
System.Runtime.CompilerServices.RuntimeHelpers:RunClassConstructor (System.RuntimeTypeHandle)
UnityEditor.EditorAssemblies:ProcessInitializeOnLoadAttributes (System.Type[]) (at /Users/bokken/build/output/unity/unity/Editor/Mono/EditorAssemblies.cs:119)

(Filename: ./Library/PackageCache/com.daniel-geo.unityhackatime@5ac210a9a2/Editor/Plugin.cs Line: 144)

Mono: successfully reloaded assembly
- Finished resetting the current domain, in  0.513 seconds
Domain Reload Profiling: 1089ms
	BeginReloadAssembly (112ms)
		ExecutionOrderSort (0ms)
		DisableScriptedObjects (3ms)
		BackupInstance (0ms)
		ReleaseScriptingObjects (0ms)
		CreateAndSetChildDomain (20ms)
	RebuildCommonClasses (26ms)
	RebuildNativeTypeToScriptingClass (8ms)
	initialDomainReloadingComplete (28ms)
	LoadAllAssembliesAndSetupDomain (402ms)
		LoadAssemblies (296ms)
		RebuildTransferFunctionScriptingTraits (0ms)
		AnalyzeDomain (159ms)
			TypeCache.Refresh (142ms)
				TypeCache.ScanAssembly (118ms)
			ScanForSourceGeneratedMonoScriptInfo (11ms)
			ResolveRequiredComponents (4ms)
	FinalizeReload (513ms)
		ReleaseScriptCaches (0ms)
		RebuildScriptCaches (0ms)
		SetupLoadedEditorAssemblies (415ms)
			LogAssemblyErrors (0ms)
			InitializePlatformSupportModulesInManaged (3ms)
			SetLoadedEditorAssemblies (2ms)
			RefreshPlugins (0ms)
			BeforeProcessingInitializeOnLoad (34ms)
			ProcessInitializeOnLoadAttributes (362ms)
			ProcessInitializeOnLoadMethodAttributes (12ms)
			AfterProcessingInitializeOnLoad (1ms)
			EditorAssembliesLoaded (0ms)
		ExecutionOrderSort2 (0ms)
		AwakeInstancesAfterBackupRestoration (3ms)
Launching external process: /Applications/Unity/Hub/Editor/2022.3.39f1/Unity.app/Contents/Tools/UnityShaderCompiler
Launched and connected shader compiler UnityShaderCompiler after 0.54 seconds
Refreshing native plugins compatible for Editor in 8.88 ms, found 3 plugins.
Preloading 0 native plugins for Editor in 0.00 ms.
<HackaTime> Got response
{"id":2720695431,"user_id":61064,"branch":"main","category":"coding","dependencies":[],"editor":"unity","entity":"Unsaved Scene","language":"unity","machine":null,"operating_system":null,"project":"Duos","type":"file","user_agent":"unity-hackatime","line_additions":null,"line_deletions":null,"lineno":null,"lines":null,"cursorpos":null,"project_root_count":null,"time":1789268480.0,"is_write":false,"created_at":"2026-09-13T03:00:18.144Z","updated_at":"2026-09-13T03:00:18.144Z","fields_hash":"8ba4135bf933663b074b36e230a4c410","source_type":"direct_entry","ip_address":"2001:8003:cc20:b000:3c85:4bd:9b58:8559","deleted_at":null,"ja4_id":41,"ai_model":null,"ai_session":null,"ai_subscription_plan":null,"ai_input_tokens":null,"ai_output_tokens":null,"ai_prompt_length":null,"ai_line_changes":null,"human_line_changes":null}
UnityEngine.StackTraceUtility:ExtractStackTrace () (at /Users/bokken/build/output/unity/unity/Runtime/Export/Scripting/StackTrace.cs:37)
UnityEngine.DebugLogHandler:LogFormat (UnityEngine.LogType,UnityEngine.Object,string,object[])
UnityEngine.Logger:Log (UnityEngine.LogType,object)
UnityEngine.Debug:Log (object)
WakaTime.Plugin/<SendHeartbeat>d__29:MoveNext () (at ./Library/PackageCache/com.daniel-geo.unityhackatime@5ac210a9a2/Editor/Plugin.cs:187)
System.Runtime.CompilerServices.AsyncMethodBuilderCore/MoveNextRunner:InvokeMoveNext (object)
System.Threading.ExecutionContext:RunInternal (System.Threading.ExecutionContext,System.Threading.ContextCallback,object,bool)
System.Threading.ExecutionContext:Run (System.Threading.ExecutionContext,System.Threading.ContextCallback,object,bool)
System.Runtime.CompilerServices.AsyncMethodBuilderCore/MoveNextRunner:Run ()
System.Threading.Tasks.AwaitTaskContinuation:InvokeAction (object)
System.Threading.Tasks.AwaitTaskContinuation:RunCallback (System.Threading.ContextCallback,object,System.Threading.Tasks.Task&)
System.Threading.Tasks.SynchronizationContextAwaitTaskContinuation:Run (System.Threading.Tasks.Task,bool)
System.Threading.Tasks.Task:FinishContinuations ()
System.Threading.Tasks.Task:FinishStageThree ()
System.Threading.Tasks.Task`1<bool>:TrySetResult (bool)
System.Threading.Tasks.TaskCompletionSource`1<bool>:TrySetResult (bool)
WakaTime.Plugin/<>c__DisplayClass29_0:<SendHeartbeat>b__0 (UnityEngine.AsyncOperation) (at ./Library/PackageCache/com.daniel-geo.unityhackatime@5ac210a9a2/Editor/Plugin.cs:176)
UnityEngine.AsyncOperation:InvokeCompletionEvent () (at /Users/bokken/build/output/unity/unity/Runtime/Export/Scripting/AsyncOperation.cs:21)

(Filename: ./Library/PackageCache/com.daniel-geo.unityhackatime@5ac210a9a2/Editor/Plugin.cs Line: 187)

<HackaTime> Sent heartbeat!
UnityEngine.StackTraceUtility:ExtractStackTrace () (at /Users/bokken/build/output/unity/unity/Runtime/Export/Scripting/StackTrace.cs:37)
UnityEngine.DebugLogHandler:LogFormat (UnityEngine.LogType,UnityEngine.Object,string,object[])
UnityEngine.Logger:Log (UnityEngine.LogType,object)
UnityEngine.Debug:Log (object)
WakaTime.Plugin/<SendHeartbeat>d__29:MoveNext () (at ./Library/PackageCache/com.daniel-geo.unityhackatime@5ac210a9a2/Editor/Plugin.cs:203)
System.Runtime.CompilerServices.AsyncMethodBuilderCore/MoveNextRunner:InvokeMoveNext (object)
System.Threading.ExecutionContext:RunInternal (System.Threading.ExecutionContext,System.Threading.ContextCallback,object,bool)
System.Threading.ExecutionContext:Run (System.Threading.ExecutionContext,System.Threading.ContextCallback,object,bool)
System.Runtime.CompilerServices.AsyncMethodBuilderCore/MoveNextRunner:Run ()
System.Threading.Tasks.AwaitTaskContinuation:InvokeAction (object)
System.Threading.Tasks.AwaitTaskContinuation:RunCallback (System.Threading.ContextCallback,object,System.Threading.Tasks.Task&)
System.Threading.Tasks.SynchronizationContextAwaitTaskContinuation:Run (System.Threading.Tasks.Task,bool)
System.Threading.Tasks.Task:FinishContinuations ()
System.Threading.Tasks.Task:FinishStageThree ()
System.Threading.Tasks.Task`1<bool>:TrySetResult (bool)
System.Threading.Tasks.TaskCompletionSource`1<bool>:TrySetResult (bool)
WakaTime.Plugin/<>c__DisplayClass29_0:<SendHeartbeat>b__0 (UnityEngine.AsyncOperation) (at ./Library/PackageCache/com.daniel-geo.unityhackatime@5ac210a9a2/Editor/Plugin.cs:176)
UnityEngine.AsyncOperation:InvokeCompletionEvent () (at /Users/bokken/build/output/unity/unity/Runtime/Export/Scripting/AsyncOperation.cs:21)

(Filename: ./Library/PackageCache/com.daniel-geo.unityhackatime@5ac210a9a2/Editor/Plugin.cs Line: 203)

Unloading 3730 Unused Serialized files (Serialized files now loaded: 0)
Unloading 56 unused Assets / (1.8 MB). Loaded Objects now: 4199.
Memory consumption went from 165.2 MB to 163.4 MB.
Total: 23.426542 ms (FindLiveObjects: 0.485708 ms CreateObjectMapping: 0.118542 ms MarkObjects: 20.730917 ms  DeleteObjects: 2.089000 ms)

AssetImportParameters requested are different than current active one (requested -> active):
  custom:container-demuxer-ogg: 62fdf1f143b41e24485cea50d1cbac27 -> 
  custom:video-decoder-ogg-theora: a1e56fd34408186e4bbccfd4996cb3dc -> 
  custom:CustomObjectIndexerAttribute: 9a22284fe3817be447336de3de66b15e -> 
  custom:container-demuxer-webm: 4f35f7cbe854078d1ac9338744f61a02 -> 
  custom:container-muxer-webm: aa71ff27fc2769a1b78a27578f13a17b -> 
  custom:video-decoder-webm-vp8: 9c59270c3fd7afecdb556c50c9e8de78 -> 
  custom:SearchIndexIgnoredProperties: e643bd26f0fe6173181afceb89e7c659 -> 
  custom:AudioImporter_EditorPlatform: 3918e3fc78b5a79bad01e8451be0beb8 -> 
  custom:framework-osx-AVFoundation: e770b220cccbd017edd2c1fefb359320 -> 
  custom:video-encoder-webm-vp8: eb34c28f22e8b96e1ab97ce403110664 -> 
  custom:audio-decoder-ogg-vorbis: bf7c407c2cedff20999df2af8eb42d56 -> 
  custom:audio-encoder-webm-vorbis: bf7c407c2cedff20999df2af8eb42d56 -> 
========================================================================
Received Prepare
Begin MonoManager ReloadAssembly
Thread 0x16d8bb000 may have been prematurely finalized
- Loaded All Assemblies, in  0.649 seconds
Refreshing native plugins compatible for Editor in 3.57 ms, found 3 plugins.
Native extension for OSXStandalone target not found
<HackaTime> Initializing...
UnityEngine.StackTraceUtility:ExtractStackTrace () (at /Users/bokken/build/output/unity/unity/Runtime/Export/Scripting/StackTrace.cs:37)
UnityEngine.DebugLogHandler:LogFormat (UnityEngine.LogType,UnityEngine.Object,string,object[])
UnityEngine.Logger:Log (UnityEngine.LogType,object)
UnityEngine.Debug:Log (object)
WakaTime.Plugin:Initialize () (at ./Library/PackageCache/com.daniel-geo.unityhackatime@5ac210a9a2/Editor/Plugin.cs:76)
WakaTime.Plugin:.cctor () (at ./Library/PackageCache/com.daniel-geo.unityhackatime@5ac210a9a2/Editor/Plugin.cs:41)
System.Runtime.CompilerServices.RuntimeHelpers:RunClassConstructor (System.RuntimeTypeHandle)
UnityEditor.EditorAssemblies:ProcessInitializeOnLoadAttributes (System.Type[]) (at /Users/bokken/build/output/unity/unity/Editor/Mono/EditorAssemblies.cs:119)

(Filename: ./Library/PackageCache/com.daniel-geo.unityhackatime@5ac210a9a2/Editor/Plugin.cs Line: 76)

<HackaTime> Sending heartbeat...
UnityEngine.StackTraceUtility:ExtractStackTrace () (at /Users/bokken/build/output/unity/unity/Runtime/Export/Scripting/StackTrace.cs:37)
UnityEngine.DebugLogHandler:LogFormat (UnityEngine.LogType,UnityEngine.Object,string,object[])
UnityEngine.Logger:Log (UnityEngine.LogType,object)
UnityEngine.Debug:Log (object)
WakaTime.Plugin/<SendHeartbeat>d__29:MoveNext () (at ./Library/PackageCache/com.daniel-geo.unityhackatime@5ac210a9a2/Editor/Plugin.cs:144)
System.Runtime.CompilerServices.AsyncVoidMethodBuilder:Start<WakaTime.Plugin/<SendHeartbeat>d__29> (WakaTime.Plugin/<SendHeartbeat>d__29&)
WakaTime.Plugin:SendHeartbeat (bool)
WakaTime.Plugin:Initialize () (at ./Library/PackageCache/com.daniel-geo.unityhackatime@5ac210a9a2/Editor/Plugin.cs:78)
WakaTime.Plugin:.cctor () (at ./Library/PackageCache/com.daniel-geo.unityhackatime@5ac210a9a2/Editor/Plugin.cs:41)
System.Runtime.CompilerServices.RuntimeHelpers:RunClassConstructor (System.RuntimeTypeHandle)
UnityEditor.EditorAssemblies:ProcessInitializeOnLoadAttributes (System.Type[]) (at /Users/bokken/build/output/unity/unity/Editor/Mono/EditorAssemblies.cs:119)

(Filename: ./Library/PackageCache/com.daniel-geo.unityhackatime@5ac210a9a2/Editor/Plugin.cs Line: 144)

Mono: successfully reloaded assembly
- Finished resetting the current domain, in  2.273 seconds
Domain Reload Profiling: 2923ms
	BeginReloadAssembly (201ms)
		ExecutionOrderSort (0ms)
		DisableScriptedObjects (5ms)
		BackupInstance (0ms)
		ReleaseScriptingObjects (0ms)
		CreateAndSetChildDomain (62ms)
	RebuildCommonClasses (30ms)
	RebuildNativeTypeToScriptingClass (9ms)
	initialDomainReloadingComplete (26ms)
	LoadAllAssembliesAndSetupDomain (384ms)
		LoadAssemblies (453ms)
		RebuildTransferFunctionScriptingTraits (0ms)
		AnalyzeDomain (30ms)
			TypeCache.Refresh (22ms)
				TypeCache.ScanAssembly (0ms)
			ScanForSourceGeneratedMonoScriptInfo (0ms)
			ResolveRequiredComponents (6ms)
	FinalizeReload (2274ms)
		ReleaseScriptCaches (0ms)
		RebuildScriptCaches (0ms)
		SetupLoadedEditorAssemblies (527ms)
			LogAssemblyErrors (0ms)
			InitializePlatformSupportModulesInManaged (6ms)
			SetLoadedEditorAssemblies (3ms)
			RefreshPlugins (0ms)
			BeforeProcessingInitializeOnLoad (46ms)
			ProcessInitializeOnLoadAttributes (455ms)
			ProcessInitializeOnLoadMethodAttributes (16ms)
			AfterProcessingInitializeOnLoad (1ms)
			EditorAssembliesLoaded (0ms)
		ExecutionOrderSort2 (0ms)
		AwakeInstancesAfterBackupRestoration (4ms)
Refreshing native plugins compatible for Editor in 30.16 ms, found 3 plugins.
Preloading 0 native plugins for Editor in 0.00 ms.
<HackaTime> Got response
{"id":2720695431,"user_id":61064,"branch":"main","category":"coding","dependencies":[],"editor":"unity","entity":"Unsaved Scene","language":"unity","machine":null,"operating_system":null,"project":"Duos","type":"file","user_agent":"unity-hackatime","line_additions":null,"line_deletions":null,"lineno":null,"lines":null,"cursorpos":null,"project_root_count":null,"time":1789268480.0,"is_write":false,"created_at":"2026-09-13T03:00:18.144Z","updated_at":"2026-09-13T03:00:18.144Z","fields_hash":"8ba4135bf933663b074b36e230a4c410","source_type":"direct_entry","ip_address":"2001:8003:cc20:b000:3c85:4bd:9b58:8559","deleted_at":null,"ja4_id":41,"ai_model":null,"ai_session":null,"ai_subscription_plan":null,"ai_input_tokens":null,"ai_output_tokens":null,"ai_prompt_length":null,"ai_line_changes":null,"human_line_changes":null}
UnityEngine.StackTraceUtility:ExtractStackTrace () (at /Users/bokken/build/output/unity/unity/Runtime/Export/Scripting/StackTrace.cs:37)
UnityEngine.DebugLogHandler:LogFormat (UnityEngine.LogType,UnityEngine.Object,string,object[])
UnityEngine.Logger:Log (UnityEngine.LogType,object)
UnityEngine.Debug:Log (object)
WakaTime.Plugin/<SendHeartbeat>d__29:MoveNext () (at ./Library/PackageCache/com.daniel-geo.unityhackatime@5ac210a9a2/Editor/Plugin.cs:187)
System.Runtime.CompilerServices.AsyncMethodBuilderCore/MoveNextRunner:InvokeMoveNext (object)
System.Threading.ExecutionContext:RunInternal (System.Threading.ExecutionContext,System.Threading.ContextCallback,object,bool)
System.Threading.ExecutionContext:Run (System.Threading.ExecutionContext,System.Threading.ContextCallback,object,bool)
System.Runtime.CompilerServices.AsyncMethodBuilderCore/MoveNextRunner:Run ()
System.Threading.Tasks.AwaitTaskContinuation:InvokeAction (object)
System.Threading.Tasks.AwaitTaskContinuation:RunCallback (System.Threading.ContextCallback,object,System.Threading.Tasks.Task&)
System.Threading.Tasks.SynchronizationContextAwaitTaskContinuation:Run (System.Threading.Tasks.Task,bool)
System.Threading.Tasks.Task:FinishContinuations ()
System.Threading.Tasks.Task:FinishStageThree ()
System.Threading.Tasks.Task`1<bool>:TrySetResult (bool)
System.Threading.Tasks.TaskCompletionSource`1<bool>:TrySetResult (bool)
WakaTime.Plugin/<>c__DisplayClass29_0:<SendHeartbeat>b__0 (UnityEngine.AsyncOperation) (at ./Library/PackageCache/com.daniel-geo.unityhackatime@5ac210a9a2/Editor/Plugin.cs:176)
UnityEngine.AsyncOperation:InvokeCompletionEvent () (at /Users/bokken/build/output/unity/unity/Runtime/Export/Scripting/AsyncOperation.cs:21)

(Filename: ./Library/PackageCache/com.daniel-geo.unityhackatime@5ac210a9a2/Editor/Plugin.cs Line: 187)

<HackaTime> Sent heartbeat!
UnityEngine.StackTraceUtility:ExtractStackTrace () (at /Users/bokken/build/output/unity/unity/Runtime/Export/Scripting/StackTrace.cs:37)
UnityEngine.DebugLogHandler:LogFormat (UnityEngine.LogType,UnityEngine.Object,string,object[])
UnityEngine.Logger:Log (UnityEngine.LogType,object)
UnityEngine.Debug:Log (object)
WakaTime.Plugin/<SendHeartbeat>d__29:MoveNext () (at ./Library/PackageCache/com.daniel-geo.unityhackatime@5ac210a9a2/Editor/Plugin.cs:203)
System.Runtime.CompilerServices.AsyncMethodBuilderCore/MoveNextRunner:InvokeMoveNext (object)
System.Threading.ExecutionContext:RunInternal (System.Threading.ExecutionContext,System.Threading.ContextCallback,object,bool)
System.Threading.ExecutionContext:Run (System.Threading.ExecutionContext,System.Threading.ContextCallback,object,bool)
System.Runtime.CompilerServices.AsyncMethodBuilderCore/MoveNextRunner:Run ()
System.Threading.Tasks.AwaitTaskContinuation:InvokeAction (object)
System.Threading.Tasks.AwaitTaskContinuation:RunCallback (System.Threading.ContextCallback,object,System.Threading.Tasks.Task&)
System.Threading.Tasks.SynchronizationContextAwaitTaskContinuation:Run (System.Threading.Tasks.Task,bool)
System.Threading.Tasks.Task:FinishContinuations ()
System.Threading.Tasks.Task:FinishStageThree ()
System.Threading.Tasks.Task`1<bool>:TrySetResult (bool)
System.Threading.Tasks.TaskCompletionSource`1<bool>:TrySetResult (bool)
WakaTime.Plugin/<>c__DisplayClass29_0:<SendHeartbeat>b__0 (UnityEngine.AsyncOperation) (at ./Library/PackageCache/com.daniel-geo.unityhackatime@5ac210a9a2/Editor/Plugin.cs:176)
UnityEngine.AsyncOperation:InvokeCompletionEvent () (at /Users/bokken/build/output/unity/unity/Runtime/Export/Scripting/AsyncOperation.cs:21)

(Filename: ./Library/PackageCache/com.daniel-geo.unityhackatime@5ac210a9a2/Editor/Plugin.cs Line: 203)

Unloading 3681 Unused Serialized files (Serialized files now loaded: 0)
Unloading 47 unused Assets / (1.8 MB). Loaded Objects now: 4203.
Memory consumption went from 160.9 MB to 159.2 MB.
Total: 6.656500 ms (FindLiveObjects: 0.148709 ms CreateObjectMapping: 0.047708 ms MarkObjects: 6.061500 ms  DeleteObjects: 0.398166 ms)

Prepare: number of updated asset objects reloaded= 0
AssetImportParameters requested are different than current active one (requested -> active):
  custom:container-demuxer-ogg: 62fdf1f143b41e24485cea50d1cbac27 -> 
  custom:video-decoder-ogg-theora: a1e56fd34408186e4bbccfd4996cb3dc -> 
  custom:CustomObjectIndexerAttribute: 9a22284fe3817be447336de3de66b15e -> 
  custom:container-demuxer-webm: 4f35f7cbe854078d1ac9338744f61a02 -> 
  custom:container-muxer-webm: aa71ff27fc2769a1b78a27578f13a17b -> 
  custom:video-decoder-webm-vp8: 9c59270c3fd7afecdb556c50c9e8de78 -> 
  custom:SearchIndexIgnoredProperties: e643bd26f0fe6173181afceb89e7c659 -> 
  custom:AudioImporter_EditorPlatform: 3918e3fc78b5a79bad01e8451be0beb8 -> 
  custom:framework-osx-AVFoundation: e770b220cccbd017edd2c1fefb359320 -> 
  custom:video-encoder-webm-vp8: eb34c28f22e8b96e1ab97ce403110664 -> 
  custom:audio-decoder-ogg-vorbis: bf7c407c2cedff20999df2af8eb42d56 -> 
  custom:audio-encoder-webm-vorbis: bf7c407c2cedff20999df2af8eb42d56 -> 
========================================================================
Received Prepare
Begin MonoManager ReloadAssembly
Thread 0x16d8bb000 may have been prematurely finalized
- Loaded All Assemblies, in  0.532 seconds
Refreshing native plugins compatible for Editor in 6.35 ms, found 3 plugins.
Native extension for OSXStandalone target not found
<HackaTime> Initializing...
UnityEngine.StackTraceUtility:ExtractStackTrace () (at /Users/bokken/build/output/unity/unity/Runtime/Export/Scripting/StackTrace.cs:37)
UnityEngine.DebugLogHandler:LogFormat (UnityEngine.LogType,UnityEngine.Object,string,object[])
UnityEngine.Logger:Log (UnityEngine.LogType,object)
UnityEngine.Debug:Log (object)
WakaTime.Plugin:Initialize () (at ./Library/PackageCache/com.daniel-geo.unityhackatime@5ac210a9a2/Editor/Plugin.cs:76)
WakaTime.Plugin:.cctor () (at ./Library/PackageCache/com.daniel-geo.unityhackatime@5ac210a9a2/Editor/Plugin.cs:41)
System.Runtime.CompilerServices.RuntimeHelpers:RunClassConstructor (System.RuntimeTypeHandle)
UnityEditor.EditorAssemblies:ProcessInitializeOnLoadAttributes (System.Type[]) (at /Users/bokken/build/output/unity/unity/Editor/Mono/EditorAssemblies.cs:119)

(Filename: ./Library/PackageCache/com.daniel-geo.unityhackatime@5ac210a9a2/Editor/Plugin.cs Line: 76)

<HackaTime> Sending heartbeat...
UnityEngine.StackTraceUtility:ExtractStackTrace () (at /Users/bokken/build/output/unity/unity/Runtime/Export/Scripting/StackTrace.cs:37)
UnityEngine.DebugLogHandler:LogFormat (UnityEngine.LogType,UnityEngine.Object,string,object[])
UnityEngine.Logger:Log (UnityEngine.LogType,object)
UnityEngine.Debug:Log (object)
WakaTime.Plugin/<SendHeartbeat>d__29:MoveNext () (at ./Library/PackageCache/com.daniel-geo.unityhackatime@5ac210a9a2/Editor/Plugin.cs:144)
System.Runtime.CompilerServices.AsyncVoidMethodBuilder:Start<WakaTime.Plugin/<SendHeartbeat>d__29> (WakaTime.Plugin/<SendHeartbeat>d__29&)
WakaTime.Plugin:SendHeartbeat (bool)
WakaTime.Plugin:Initialize () (at ./Library/PackageCache/com.daniel-geo.unityhackatime@5ac210a9a2/Editor/Plugin.cs:78)
WakaTime.Plugin:.cctor () (at ./Library/PackageCache/com.daniel-geo.unityhackatime@5ac210a9a2/Editor/Plugin.cs:41)
System.Runtime.CompilerServices.RuntimeHelpers:RunClassConstructor (System.RuntimeTypeHandle)
UnityEditor.EditorAssemblies:ProcessInitializeOnLoadAttributes (System.Type[]) (at /Users/bokken/build/output/unity/unity/Editor/Mono/EditorAssemblies.cs:119)

(Filename: ./Library/PackageCache/com.daniel-geo.unityhackatime@5ac210a9a2/Editor/Plugin.cs Line: 144)

Mono: successfully reloaded assembly
- Finished resetting the current domain, in  2.305 seconds
Domain Reload Profiling: 2840ms
	BeginReloadAssembly (182ms)
		ExecutionOrderSort (0ms)
		DisableScriptedObjects (6ms)
		BackupInstance (0ms)
		ReleaseScriptingObjects (0ms)
		CreateAndSetChildDomain (51ms)
	RebuildCommonClasses (41ms)
	RebuildNativeTypeToScriptingClass (10ms)
	initialDomainReloadingComplete (20ms)
	LoadAllAssembliesAndSetupDomain (282ms)
		LoadAssemblies (345ms)
		RebuildTransferFunctionScriptingTraits (0ms)
		AnalyzeDomain (32ms)
			TypeCache.Refresh (23ms)
				TypeCache.ScanAssembly (0ms)
			ScanForSourceGeneratedMonoScriptInfo (0ms)
			ResolveRequiredComponents (7ms)
	FinalizeReload (2306ms)
		ReleaseScriptCaches (0ms)
		RebuildScriptCaches (0ms)
		SetupLoadedEditorAssemblies (721ms)
			LogAssemblyErrors (0ms)
			InitializePlatformSupportModulesInManaged (8ms)
			SetLoadedEditorAssemblies (5ms)
			RefreshPlugins (0ms)
			BeforeProcessingInitializeOnLoad (64ms)
			ProcessInitializeOnLoadAttributes (620ms)
			ProcessInitializeOnLoadMethodAttributes (22ms)
			AfterProcessingInitializeOnLoad (1ms)
			EditorAssembliesLoaded (1ms)
		ExecutionOrderSort2 (0ms)
		AwakeInstancesAfterBackupRestoration (4ms)
Refreshing native plugins compatible for Editor in 13.09 ms, found 3 plugins.
Preloading 0 native plugins for Editor in 0.00 ms.
<HackaTime> Got response
{"id":2720695431,"user_id":61064,"branch":"main","category":"coding","dependencies":[],"editor":"unity","entity":"Unsaved Scene","language":"unity","machine":null,"operating_system":null,"project":"Duos","type":"file","user_agent":"unity-hackatime","line_additions":null,"line_deletions":null,"lineno":null,"lines":null,"cursorpos":null,"project_root_count":null,"time":1789268480.0,"is_write":false,"created_at":"2026-09-13T03:00:18.144Z","updated_at":"2026-09-13T03:00:18.144Z","fields_hash":"8ba4135bf933663b074b36e230a4c410","source_type":"direct_entry","ip_address":"2001:8003:cc20:b000:3c85:4bd:9b58:8559","deleted_at":null,"ja4_id":41,"ai_model":null,"ai_session":null,"ai_subscription_plan":null,"ai_input_tokens":null,"ai_output_tokens":null,"ai_prompt_length":null,"ai_line_changes":null,"human_line_changes":null}
UnityEngine.StackTraceUtility:ExtractStackTrace () (at /Users/bokken/build/output/unity/unity/Runtime/Export/Scripting/StackTrace.cs:37)
UnityEngine.DebugLogHandler:LogFormat (UnityEngine.LogType,UnityEngine.Object,string,object[])
UnityEngine.Logger:Log (UnityEngine.LogType,object)
UnityEngine.Debug:Log (object)
WakaTime.Plugin/<SendHeartbeat>d__29:MoveNext () (at ./Library/PackageCache/com.daniel-geo.unityhackatime@5ac210a9a2/Editor/Plugin.cs:187)
System.Runtime.CompilerServices.AsyncMethodBuilderCore/MoveNextRunner:InvokeMoveNext (object)
System.Threading.ExecutionContext:RunInternal (System.Threading.ExecutionContext,System.Threading.ContextCallback,object,bool)
System.Threading.ExecutionContext:Run (System.Threading.ExecutionContext,System.Threading.ContextCallback,object,bool)
System.Runtime.CompilerServices.AsyncMethodBuilderCore/MoveNextRunner:Run ()
System.Threading.Tasks.AwaitTaskContinuation:InvokeAction (object)
System.Threading.Tasks.AwaitTaskContinuation:RunCallback (System.Threading.ContextCallback,object,System.Threading.Tasks.Task&)
System.Threading.Tasks.SynchronizationContextAwaitTaskContinuation:Run (System.Threading.Tasks.Task,bool)
System.Threading.Tasks.Task:FinishContinuations ()
System.Threading.Tasks.Task:FinishStageThree ()
System.Threading.Tasks.Task`1<bool>:TrySetResult (bool)
System.Threading.Tasks.TaskCompletionSource`1<bool>:TrySetResult (bool)
WakaTime.Plugin/<>c__DisplayClass29_0:<SendHeartbeat>b__0 (UnityEngine.AsyncOperation) (at ./Library/PackageCache/com.daniel-geo.unityhackatime@5ac210a9a2/Editor/Plugin.cs:176)
UnityEngine.AsyncOperation:InvokeCompletionEvent () (at /Users/bokken/build/output/unity/unity/Runtime/Export/Scripting/AsyncOperation.cs:21)

(Filename: ./Library/PackageCache/com.daniel-geo.unityhackatime@5ac210a9a2/Editor/Plugin.cs Line: 187)

<HackaTime> Sent heartbeat!
UnityEngine.StackTraceUtility:ExtractStackTrace () (at /Users/bokken/build/output/unity/unity/Runtime/Export/Scripting/StackTrace.cs:37)
UnityEngine.DebugLogHandler:LogFormat (UnityEngine.LogType,UnityEngine.Object,string,object[])
UnityEngine.Logger:Log (UnityEngine.LogType,object)
UnityEngine.Debug:Log (object)
WakaTime.Plugin/<SendHeartbeat>d__29:MoveNext () (at ./Library/PackageCache/com.daniel-geo.unityhackatime@5ac210a9a2/Editor/Plugin.cs:203)
System.Runtime.CompilerServices.AsyncMethodBuilderCore/MoveNextRunner:InvokeMoveNext (object)
System.Threading.ExecutionContext:RunInternal (System.Threading.ExecutionContext,System.Threading.ContextCallback,object,bool)
System.Threading.ExecutionContext:Run (System.Threading.ExecutionContext,System.Threading.ContextCallback,object,bool)
System.Runtime.CompilerServices.AsyncMethodBuilderCore/MoveNextRunner:Run ()
System.Threading.Tasks.AwaitTaskContinuation:InvokeAction (object)
System.Threading.Tasks.AwaitTaskContinuation:RunCallback (System.Threading.ContextCallback,object,System.Threading.Tasks.Task&)
System.Threading.Tasks.SynchronizationContextAwaitTaskContinuation:Run (System.Threading.Tasks.Task,bool)
System.Threading.Tasks.Task:FinishContinuations ()
System.Threading.Tasks.Task:FinishStageThree ()
System.Threading.Tasks.Task`1<bool>:TrySetResult (bool)
System.Threading.Tasks.TaskCompletionSource`1<bool>:TrySetResult (bool)
WakaTime.Plugin/<>c__DisplayClass29_0:<SendHeartbeat>b__0 (UnityEngine.AsyncOperation) (at ./Library/PackageCache/com.daniel-geo.unityhackatime@5ac210a9a2/Editor/Plugin.cs:176)
UnityEngine.AsyncOperation:InvokeCompletionEvent () (at /Users/bokken/build/output/unity/unity/Runtime/Export/Scripting/AsyncOperation.cs:21)

(Filename: ./Library/PackageCache/com.daniel-geo.unityhackatime@5ac210a9a2/Editor/Plugin.cs Line: 203)

Unloading 3681 Unused Serialized files (Serialized files now loaded: 0)
Unloading 47 unused Assets / (1.8 MB). Loaded Objects now: 4207.
Memory consumption went from 168.1 MB to 166.3 MB.
Total: 23.478916 ms (FindLiveObjects: 0.290542 ms CreateObjectMapping: 0.059708 ms MarkObjects: 22.633333 ms  DeleteObjects: 0.493708 ms)

Prepare: number of updated asset objects reloaded= 0
AssetImportParameters requested are different than current active one (requested -> active):
  custom:container-demuxer-ogg: 62fdf1f143b41e24485cea50d1cbac27 -> 
  custom:video-decoder-ogg-theora: a1e56fd34408186e4bbccfd4996cb3dc -> 
  custom:CustomObjectIndexerAttribute: 9a22284fe3817be447336de3de66b15e -> 
  custom:container-demuxer-webm: 4f35f7cbe854078d1ac9338744f61a02 -> 
  custom:container-muxer-webm: aa71ff27fc2769a1b78a27578f13a17b -> 
  custom:video-decoder-webm-vp8: 9c59270c3fd7afecdb556c50c9e8de78 -> 
  custom:SearchIndexIgnoredProperties: e643bd26f0fe6173181afceb89e7c659 -> 
  custom:AudioImporter_EditorPlatform: 3918e3fc78b5a79bad01e8451be0beb8 -> 
  custom:framework-osx-AVFoundation: e770b220cccbd017edd2c1fefb359320 -> 
  custom:video-encoder-webm-vp8: eb34c28f22e8b96e1ab97ce403110664 -> 
  custom:audio-decoder-ogg-vorbis: bf7c407c2cedff20999df2af8eb42d56 -> 
  custom:audio-encoder-webm-vorbis: bf7c407c2cedff20999df2af8eb42d56 -> 
========================================================================
Received Import Request.
  Time since last request: 320799.666336 seconds.
  path: Assets/Scenes/Volleyball.unity
  artifactKey: Guid(9fc0d4010bbf28b4594072e72b8655ab) Importer(815301076,1909f56bfc062723c751e8b465ee728b)
Start importing Assets/Scenes/Volleyball.unity using Guid(9fc0d4010bbf28b4594072e72b8655ab) Importer(815301076,1909f56bfc062723c751e8b465ee728b) [PhysX] Initialized MultithreadedTaskDispatcher with 8 workers.
 -> (artifact id: '2214c9d010c9d737e998dba86e171933') in 0.034018 seconds
Number of updated asset objects reloaded before import = 0
Number of asset objects unloaded after import = 0
========================================================================
Received Prepare
Begin MonoManager ReloadAssembly
Thread 0x16d8bb000 may have been prematurely finalized
- Loaded All Assemblies, in  0.525 seconds
Refreshing native plugins compatible for Editor in 2.65 ms, found 3 plugins.
Native extension for OSXStandalone target not found
<HackaTime> Initializing...
UnityEngine.StackTraceUtility:ExtractStackTrace () (at /Users/bokken/build/output/unity/unity/Runtime/Export/Scripting/StackTrace.cs:37)
UnityEngine.DebugLogHandler:LogFormat (UnityEngine.LogType,UnityEngine.Object,string,object[])
UnityEngine.Logger:Log (UnityEngine.LogType,object)
UnityEngine.Debug:Log (object)
WakaTime.Plugin:Initialize () (at ./Library/PackageCache/com.daniel-geo.unityhackatime@5ac210a9a2/Editor/Plugin.cs:76)
WakaTime.Plugin:.cctor () (at ./Library/PackageCache/com.daniel-geo.unityhackatime@5ac210a9a2/Editor/Plugin.cs:41)
System.Runtime.CompilerServices.RuntimeHelpers:RunClassConstructor (System.RuntimeTypeHandle)
UnityEditor.EditorAssemblies:ProcessInitializeOnLoadAttributes (System.Type[]) (at /Users/bokken/build/output/unity/unity/Editor/Mono/EditorAssemblies.cs:119)

(Filename: ./Library/PackageCache/com.daniel-geo.unityhackatime@5ac210a9a2/Editor/Plugin.cs Line: 76)

<HackaTime> Sending heartbeat...
UnityEngine.StackTraceUtility:ExtractStackTrace () (at /Users/bokken/build/output/unity/unity/Runtime/Export/Scripting/StackTrace.cs:37)
UnityEngine.DebugLogHandler:LogFormat (UnityEngine.LogType,UnityEngine.Object,string,object[])
UnityEngine.Logger:Log (UnityEngine.LogType,object)
UnityEngine.Debug:Log (object)
WakaTime.Plugin/<SendHeartbeat>d__29:MoveNext () (at ./Library/PackageCache/com.daniel-geo.unityhackatime@5ac210a9a2/Editor/Plugin.cs:144)
System.Runtime.CompilerServices.AsyncVoidMethodBuilder:Start<WakaTime.Plugin/<SendHeartbeat>d__29> (WakaTime.Plugin/<SendHeartbeat>d__29&)
WakaTime.Plugin:SendHeartbeat (bool)
WakaTime.Plugin:Initialize () (at ./Library/PackageCache/com.daniel-geo.unityhackatime@5ac210a9a2/Editor/Plugin.cs:78)
WakaTime.Plugin:.cctor () (at ./Library/PackageCache/com.daniel-geo.unityhackatime@5ac210a9a2/Editor/Plugin.cs:41)
System.Runtime.CompilerServices.RuntimeHelpers:RunClassConstructor (System.RuntimeTypeHandle)
UnityEditor.EditorAssemblies:ProcessInitializeOnLoadAttributes (System.Type[]) (at /Users/bokken/build/output/unity/unity/Editor/Mono/EditorAssemblies.cs:119)

(Filename: ./Library/PackageCache/com.daniel-geo.unityhackatime@5ac210a9a2/Editor/Plugin.cs Line: 144)

Mono: successfully reloaded assembly
- Finished resetting the current domain, in  2.726 seconds
Domain Reload Profiling: 3252ms
	BeginReloadAssembly (160ms)
		ExecutionOrderSort (0ms)
		DisableScriptedObjects (5ms)
		BackupInstance (0ms)
		ReleaseScriptingObjects (0ms)
		CreateAndSetChildDomain (47ms)
	RebuildCommonClasses (28ms)
	RebuildNativeTypeToScriptingClass (9ms)
	initialDomainReloadingComplete (24ms)
	LoadAllAssembliesAndSetupDomain (306ms)
		LoadAssemblies (354ms)
		RebuildTransferFunctionScriptingTraits (0ms)
		AnalyzeDomain (31ms)
			TypeCache.Refresh (17ms)
				TypeCache.ScanAssembly (1ms)
			ScanForSourceGeneratedMonoScriptInfo (8ms)
			ResolveRequiredComponents (5ms)
	FinalizeReload (2726ms)
		ReleaseScriptCaches (0ms)
		RebuildScriptCaches (0ms)
		SetupLoadedEditorAssemblies (429ms)
			LogAssemblyErrors (0ms)
			InitializePlatformSupportModulesInManaged (6ms)
			SetLoadedEditorAssemblies (3ms)
			RefreshPlugins (0ms)
			BeforeProcessingInitializeOnLoad (63ms)
			ProcessInitializeOnLoadAttributes (344ms)
			ProcessInitializeOnLoadMethodAttributes (11ms)
			AfterProcessingInitializeOnLoad (1ms)
			EditorAssembliesLoaded (1ms)
		ExecutionOrderSort2 (0ms)
		AwakeInstancesAfterBackupRestoration (3ms)
Refreshing native plugins compatible for Editor in 2.23 ms, found 3 plugins.
Preloading 0 native plugins for Editor in 0.00 ms.
<HackaTime> Got response
{"id":2720730063,"user_id":61064,"branch":"main","category":"coding","dependencies":[],"editor":"unity","entity":"Unsaved Scene","language":"unity","machine":null,"operating_system":null,"project":"Duos","type":"file","user_agent":"unity-hackatime","line_additions":null,"line_deletions":null,"lineno":null,"lines":null,"cursorpos":null,"project_root_count":null,"time":1789272832.0,"is_write":false,"created_at":"2026-09-13T04:13:37.298Z","updated_at":"2026-09-13T04:13:37.298Z","fields_hash":"bde148c588b8377201c04367a79304d0","source_type":"direct_entry","ip_address":"2001:8003:cc20:b000:3c85:4bd:9b58:8559","deleted_at":null,"ja4_id":41,"ai_model":null,"ai_session":null,"ai_subscription_plan":null,"ai_input_tokens":null,"ai_output_tokens":null,"ai_prompt_length":null,"ai_line_changes":null,"human_line_changes":null}
UnityEngine.StackTraceUtility:ExtractStackTrace () (at /Users/bokken/build/output/unity/unity/Runtime/Export/Scripting/StackTrace.cs:37)
UnityEngine.DebugLogHandler:LogFormat (UnityEngine.LogType,UnityEngine.Object,string,object[])
UnityEngine.Logger:Log (UnityEngine.LogType,object)
UnityEngine.Debug:Log (object)
WakaTime.Plugin/<SendHeartbeat>d__29:MoveNext () (at ./Library/PackageCache/com.daniel-geo.unityhackatime@5ac210a9a2/Editor/Plugin.cs:187)
System.Runtime.CompilerServices.AsyncMethodBuilderCore/MoveNextRunner:InvokeMoveNext (object)
System.Threading.ExecutionContext:RunInternal (System.Threading.ExecutionContext,System.Threading.ContextCallback,object,bool)
System.Threading.ExecutionContext:Run (System.Threading.ExecutionContext,System.Threading.ContextCallback,object,bool)
System.Runtime.CompilerServices.AsyncMethodBuilderCore/MoveNextRunner:Run ()
System.Threading.Tasks.AwaitTaskContinuation:InvokeAction (object)
System.Threading.Tasks.AwaitTaskContinuation:RunCallback (System.Threading.ContextCallback,object,System.Threading.Tasks.Task&)
System.Threading.Tasks.SynchronizationContextAwaitTaskContinuation:Run (System.Threading.Tasks.Task,bool)
System.Threading.Tasks.Task:FinishContinuations ()
System.Threading.Tasks.Task:FinishStageThree ()
System.Threading.Tasks.Task`1<bool>:TrySetResult (bool)
System.Threading.Tasks.TaskCompletionSource`1<bool>:TrySetResult (bool)
WakaTime.Plugin/<>c__DisplayClass29_0:<SendHeartbeat>b__0 (UnityEngine.AsyncOperation) (at ./Library/PackageCache/com.daniel-geo.unityhackatime@5ac210a9a2/Editor/Plugin.cs:176)
UnityEngine.AsyncOperation:InvokeCompletionEvent () (at /Users/bokken/build/output/unity/unity/Runtime/Export/Scripting/AsyncOperation.cs:21)

(Filename: ./Library/PackageCache/com.daniel-geo.unityhackatime@5ac210a9a2/Editor/Plugin.cs Line: 187)

<HackaTime> Sent heartbeat!
UnityEngine.StackTraceUtility:ExtractStackTrace () (at /Users/bokken/build/output/unity/unity/Runtime/Export/Scripting/StackTrace.cs:37)
UnityEngine.DebugLogHandler:LogFormat (UnityEngine.LogType,UnityEngine.Object,string,object[])
UnityEngine.Logger:Log (UnityEngine.LogType,object)
UnityEngine.Debug:Log (object)
WakaTime.Plugin/<SendHeartbeat>d__29:MoveNext () (at ./Library/PackageCache/com.daniel-geo.unityhackatime@5ac210a9a2/Editor/Plugin.cs:203)
System.Runtime.CompilerServices.AsyncMethodBuilderCore/MoveNextRunner:InvokeMoveNext (object)
System.Threading.ExecutionContext:RunInternal (System.Threading.ExecutionContext,System.Threading.ContextCallback,object,bool)
System.Threading.ExecutionContext:Run (System.Threading.ExecutionContext,System.Threading.ContextCallback,object,bool)
System.Runtime.CompilerServices.AsyncMethodBuilderCore/MoveNextRunner:Run ()
System.Threading.Tasks.AwaitTaskContinuation:InvokeAction (object)
System.Threading.Tasks.AwaitTaskContinuation:RunCallback (System.Threading.ContextCallback,object,System.Threading.Tasks.Task&)
System.Threading.Tasks.SynchronizationContextAwaitTaskContinuation:Run (System.Threading.Tasks.Task,bool)
System.Threading.Tasks.Task:FinishContinuations ()
System.Threading.Tasks.Task:FinishStageThree ()
System.Threading.Tasks.Task`1<bool>:TrySetResult (bool)
System.Threading.Tasks.TaskCompletionSource`1<bool>:TrySetResult (bool)
WakaTime.Plugin/<>c__DisplayClass29_0:<SendHeartbeat>b__0 (UnityEngine.AsyncOperation) (at ./Library/PackageCache/com.daniel-geo.unityhackatime@5ac210a9a2/Editor/Plugin.cs:176)
UnityEngine.AsyncOperation:InvokeCompletionEvent () (at /Users/bokken/build/output/unity/unity/Runtime/Export/Scripting/AsyncOperation.cs:21)

(Filename: ./Library/PackageCache/com.daniel-geo.unityhackatime@5ac210a9a2/Editor/Plugin.cs Line: 203)

Unloading 3681 Unused Serialized files (Serialized files now loaded: 0)
Unloading 47 unused Assets / (1.8 MB). Loaded Objects now: 4212.
Memory consumption went from 175.1 MB to 173.4 MB.
Total: 11.568625 ms (FindLiveObjects: 0.683791 ms CreateObjectMapping: 0.057708 ms MarkObjects: 9.781875 ms  DeleteObjects: 1.044292 ms)

Prepare: number of updated asset objects reloaded= 0
AssetImportParameters requested are different than current active one (requested -> active):
  custom:container-demuxer-ogg: 62fdf1f143b41e24485cea50d1cbac27 -> 
  custom:video-decoder-ogg-theora: a1e56fd34408186e4bbccfd4996cb3dc -> 
  custom:CustomObjectIndexerAttribute: 9a22284fe3817be447336de3de66b15e -> 
  custom:container-demuxer-webm: 4f35f7cbe854078d1ac9338744f61a02 -> 
  custom:container-muxer-webm: aa71ff27fc2769a1b78a27578f13a17b -> 
  custom:video-decoder-webm-vp8: 9c59270c3fd7afecdb556c50c9e8de78 -> 
  custom:SearchIndexIgnoredProperties: e643bd26f0fe6173181afceb89e7c659 -> 
  custom:AudioImporter_EditorPlatform: 3918e3fc78b5a79bad01e8451be0beb8 -> 
  custom:framework-osx-AVFoundation: e770b220cccbd017edd2c1fefb359320 -> 
  custom:video-encoder-webm-vp8: eb34c28f22e8b96e1ab97ce403110664 -> 
  custom:audio-decoder-ogg-vorbis: bf7c407c2cedff20999df2af8eb42d56 -> 
  custom:audio-encoder-webm-vorbis: bf7c407c2cedff20999df2af8eb42d56 -> 
========================================================================
Received Prepare
Begin MonoManager ReloadAssembly
Thread 0x16d8bb000 may have been prematurely finalized
- Loaded All Assemblies, in  0.574 seconds
Refreshing native plugins compatible for Editor in 3.13 ms, found 3 plugins.
Native extension for OSXStandalone target not found
<HackaTime> Initializing...
UnityEngine.StackTraceUtility:ExtractStackTrace () (at /Users/bokken/build/output/unity/unity/Runtime/Export/Scripting/StackTrace.cs:37)
UnityEngine.DebugLogHandler:LogFormat (UnityEngine.LogType,UnityEngine.Object,string,object[])
UnityEngine.Logger:Log (UnityEngine.LogType,object)
UnityEngine.Debug:Log (object)
WakaTime.Plugin:Initialize () (at ./Library/PackageCache/com.daniel-geo.unityhackatime@5ac210a9a2/Editor/Plugin.cs:76)
WakaTime.Plugin:.cctor () (at ./Library/PackageCache/com.daniel-geo.unityhackatime@5ac210a9a2/Editor/Plugin.cs:41)
System.Runtime.CompilerServices.RuntimeHelpers:RunClassConstructor (System.RuntimeTypeHandle)
UnityEditor.EditorAssemblies:ProcessInitializeOnLoadAttributes (System.Type[]) (at /Users/bokken/build/output/unity/unity/Editor/Mono/EditorAssemblies.cs:119)

(Filename: ./Library/PackageCache/com.daniel-geo.unityhackatime@5ac210a9a2/Editor/Plugin.cs Line: 76)

<HackaTime> Sending heartbeat...
UnityEngine.StackTraceUtility:ExtractStackTrace () (at /Users/bokken/build/output/unity/unity/Runtime/Export/Scripting/StackTrace.cs:37)
UnityEngine.DebugLogHandler:LogFormat (UnityEngine.LogType,UnityEngine.Object,string,object[])
UnityEngine.Logger:Log (UnityEngine.LogType,object)
UnityEngine.Debug:Log (object)
WakaTime.Plugin/<SendHeartbeat>d__29:MoveNext () (at ./Library/PackageCache/com.daniel-geo.unityhackatime@5ac210a9a2/Editor/Plugin.cs:144)
System.Runtime.CompilerServices.AsyncVoidMethodBuilder:Start<WakaTime.Plugin/<SendHeartbeat>d__29> (WakaTime.Plugin/<SendHeartbeat>d__29&)
WakaTime.Plugin:SendHeartbeat (bool)
WakaTime.Plugin:Initialize () (at ./Library/PackageCache/com.daniel-geo.unityhackatime@5ac210a9a2/Editor/Plugin.cs:78)
WakaTime.Plugin:.cctor () (at ./Library/PackageCache/com.daniel-geo.unityhackatime@5ac210a9a2/Editor/Plugin.cs:41)
System.Runtime.CompilerServices.RuntimeHelpers:RunClassConstructor (System.RuntimeTypeHandle)
UnityEditor.EditorAssemblies:ProcessInitializeOnLoadAttributes (System.Type[]) (at /Users/bokken/build/output/unity/unity/Editor/Mono/EditorAssemblies.cs:119)

(Filename: ./Library/PackageCache/com.daniel-geo.unityhackatime@5ac210a9a2/Editor/Plugin.cs Line: 144)

Mono: successfully reloaded assembly
- Finished resetting the current domain, in  2.699 seconds
Domain Reload Profiling: 3275ms
	BeginReloadAssembly (199ms)
		ExecutionOrderSort (0ms)
		DisableScriptedObjects (5ms)
		BackupInstance (0ms)
		ReleaseScriptingObjects (0ms)
		CreateAndSetChildDomain (52ms)
	RebuildCommonClasses (36ms)
	RebuildNativeTypeToScriptingClass (10ms)
	initialDomainReloadingComplete (23ms)
	LoadAllAssembliesAndSetupDomain (308ms)
		LoadAssemblies (385ms)
		RebuildTransferFunctionScriptingTraits (0ms)
		AnalyzeDomain (36ms)
			TypeCache.Refresh (22ms)
				TypeCache.ScanAssembly (1ms)
			ScanForSourceGeneratedMonoScriptInfo (8ms)
			ResolveRequiredComponents (4ms)
	FinalizeReload (2699ms)
		ReleaseScriptCaches (0ms)
		RebuildScriptCaches (0ms)
		SetupLoadedEditorAssemblies (415ms)
			LogAssemblyErrors (0ms)
			InitializePlatformSupportModulesInManaged (4ms)
			SetLoadedEditorAssemblies (3ms)
			RefreshPlugins (0ms)
			BeforeProcessingInitializeOnLoad (43ms)
			ProcessInitializeOnLoadAttributes (351ms)
			ProcessInitializeOnLoadMethodAttributes (13ms)
			AfterProcessingInitializeOnLoad (1ms)
			EditorAssembliesLoaded (0ms)
		ExecutionOrderSort2 (0ms)
		AwakeInstancesAfterBackupRestoration (3ms)
Refreshing native plugins compatible for Editor in 2.12 ms, found 3 plugins.
Preloading 0 native plugins for Editor in 0.00 ms.
<HackaTime> Got response
{"id":2720730063,"user_id":61064,"branch":"main","category":"coding","dependencies":[],"editor":"unity","entity":"Unsaved Scene","language":"unity","machine":null,"operating_system":null,"project":"Duos","type":"file","user_agent":"unity-hackatime","line_additions":null,"line_deletions":null,"lineno":null,"lines":null,"cursorpos":null,"project_root_count":null,"time":1789272832.0,"is_write":false,"created_at":"2026-09-13T04:13:37.298Z","updated_at":"2026-09-13T04:13:37.298Z","fields_hash":"bde148c588b8377201c04367a79304d0","source_type":"direct_entry","ip_address":"2001:8003:cc20:b000:3c85:4bd:9b58:8559","deleted_at":null,"ja4_id":41,"ai_model":null,"ai_session":null,"ai_subscription_plan":null,"ai_input_tokens":null,"ai_output_tokens":null,"ai_prompt_length":null,"ai_line_changes":null,"human_line_changes":null}
UnityEngine.StackTraceUtility:ExtractStackTrace () (at /Users/bokken/build/output/unity/unity/Runtime/Export/Scripting/StackTrace.cs:37)
UnityEngine.DebugLogHandler:LogFormat (UnityEngine.LogType,UnityEngine.Object,string,object[])
UnityEngine.Logger:Log (UnityEngine.LogType,object)
UnityEngine.Debug:Log (object)
WakaTime.Plugin/<SendHeartbeat>d__29:MoveNext () (at ./Library/PackageCache/com.daniel-geo.unityhackatime@5ac210a9a2/Editor/Plugin.cs:187)
System.Runtime.CompilerServices.AsyncMethodBuilderCore/MoveNextRunner:InvokeMoveNext (object)
System.Threading.ExecutionContext:RunInternal (System.Threading.ExecutionContext,System.Threading.ContextCallback,object,bool)
System.Threading.ExecutionContext:Run (System.Threading.ExecutionContext,System.Threading.ContextCallback,object,bool)
System.Runtime.CompilerServices.AsyncMethodBuilderCore/MoveNextRunner:Run ()
System.Threading.Tasks.AwaitTaskContinuation:InvokeAction (object)
System.Threading.Tasks.AwaitTaskContinuation:RunCallback (System.Threading.ContextCallback,object,System.Threading.Tasks.Task&)
System.Threading.Tasks.SynchronizationContextAwaitTaskContinuation:Run (System.Threading.Tasks.Task,bool)
System.Threading.Tasks.Task:FinishContinuations ()
System.Threading.Tasks.Task:FinishStageThree ()
System.Threading.Tasks.Task`1<bool>:TrySetResult (bool)
System.Threading.Tasks.TaskCompletionSource`1<bool>:TrySetResult (bool)
WakaTime.Plugin/<>c__DisplayClass29_0:<SendHeartbeat>b__0 (UnityEngine.AsyncOperation) (at ./Library/PackageCache/com.daniel-geo.unityhackatime@5ac210a9a2/Editor/Plugin.cs:176)
UnityEngine.AsyncOperation:InvokeCompletionEvent () (at /Users/bokken/build/output/unity/unity/Runtime/Export/Scripting/AsyncOperation.cs:21)

(Filename: ./Library/PackageCache/com.daniel-geo.unityhackatime@5ac210a9a2/Editor/Plugin.cs Line: 187)

<HackaTime> Sent heartbeat!
UnityEngine.StackTraceUtility:ExtractStackTrace () (at /Users/bokken/build/output/unity/unity/Runtime/Export/Scripting/StackTrace.cs:37)
UnityEngine.DebugLogHandler:LogFormat (UnityEngine.LogType,UnityEngine.Object,string,object[])
UnityEngine.Logger:Log (UnityEngine.LogType,object)
UnityEngine.Debug:Log (object)
WakaTime.Plugin/<SendHeartbeat>d__29:MoveNext () (at ./Library/PackageCache/com.daniel-geo.unityhackatime@5ac210a9a2/Editor/Plugin.cs:203)
System.Runtime.CompilerServices.AsyncMethodBuilderCore/MoveNextRunner:InvokeMoveNext (object)
System.Threading.ExecutionContext:RunInternal (System.Threading.ExecutionContext,System.Threading.ContextCallback,object,bool)
System.Threading.ExecutionContext:Run (System.Threading.ExecutionContext,System.Threading.ContextCallback,object,bool)
System.Runtime.CompilerServices.AsyncMethodBuilderCore/MoveNextRunner:Run ()
System.Threading.Tasks.AwaitTaskContinuation:InvokeAction (object)
System.Threading.Tasks.AwaitTaskContinuation:RunCallback (System.Threading.ContextCallback,object,System.Threading.Tasks.Task&)
System.Threading.Tasks.SynchronizationContextAwaitTaskContinuation:Run (System.Threading.Tasks.Task,bool)
System.Threading.Tasks.Task:FinishContinuations ()
System.Threading.Tasks.Task:FinishStageThree ()
System.Threading.Tasks.Task`1<bool>:TrySetResult (bool)
System.Threading.Tasks.TaskCompletionSource`1<bool>:TrySetResult (bool)
WakaTime.Plugin/<>c__DisplayClass29_0:<SendHeartbeat>b__0 (UnityEngine.AsyncOperation) (at ./Library/PackageCache/com.daniel-geo.unityhackatime@5ac210a9a2/Editor/Plugin.cs:176)
UnityEngine.AsyncOperation:InvokeCompletionEvent () (at /Users/bokken/build/output/unity/unity/Runtime/Export/Scripting/AsyncOperation.cs:21)

(Filename: ./Library/PackageCache/com.daniel-geo.unityhackatime@5ac210a9a2/Editor/Plugin.cs Line: 203)

Unloading 3682 Unused Serialized files (Serialized files now loaded: 0)
Unloading 47 unused Assets / (1.8 MB). Loaded Objects now: 4216.
Memory consumption went from 182.5 MB to 180.7 MB.
Total: 13.352500 ms (FindLiveObjects: 0.236875 ms CreateObjectMapping: 0.049750 ms MarkObjects: 12.665708 ms  DeleteObjects: 0.399667 ms)

Prepare: number of updated asset objects reloaded= 0
AssetImportParameters requested are different than current active one (requested -> active):
  custom:container-demuxer-ogg: 62fdf1f143b41e24485cea50d1cbac27 -> 
  custom:video-decoder-ogg-theora: a1e56fd34408186e4bbccfd4996cb3dc -> 
  custom:CustomObjectIndexerAttribute: 9a22284fe3817be447336de3de66b15e -> 
  custom:container-demuxer-webm: 4f35f7cbe854078d1ac9338744f61a02 -> 
  custom:container-muxer-webm: aa71ff27fc2769a1b78a27578f13a17b -> 
  custom:video-decoder-webm-vp8: 9c59270c3fd7afecdb556c50c9e8de78 -> 
  custom:SearchIndexIgnoredProperties: e643bd26f0fe6173181afceb89e7c659 -> 
  custom:AudioImporter_EditorPlatform: 3918e3fc78b5a79bad01e8451be0beb8 -> 
  custom:framework-osx-AVFoundation: e770b220cccbd017edd2c1fefb359320 -> 
  custom:video-encoder-webm-vp8: eb34c28f22e8b96e1ab97ce403110664 -> 
  custom:audio-decoder-ogg-vorbis: bf7c407c2cedff20999df2af8eb42d56 -> 
  custom:audio-encoder-webm-vorbis: bf7c407c2cedff20999df2af8eb42d56 -> 
========================================================================
Received Import Request.
  Time since last request: 1750.756396 seconds.
  path: Assets/Scripts/GameManager.cs
  artifactKey: Guid(0bcaba624f23a435a9d1c631e2ff2ab5) Importer(815301076,1909f56bfc062723c751e8b465ee728b)
Start importing Assets/Scripts/GameManager.cs using Guid(0bcaba624f23a435a9d1c631e2ff2ab5) Importer(815301076,1909f56bfc062723c751e8b465ee728b) [PhysX] Initialized MultithreadedTaskDispatcher with 8 workers.
 -> (artifact id: '1c1a20dd1a40a4d555ef8fcefd2d1b0c') in 0.022658 seconds
Number of updated asset objects reloaded before import = 0
Number of asset objects unloaded after import = 0
========================================================================
Received Import Request.
  Time since last request: 135.976711 seconds.
  path: Assets/GameManager.cs
  artifactKey: Guid(ff1414f46cb714fd59607d5effd99b52) Importer(815301076,1909f56bfc062723c751e8b465ee728b)
Start importing Assets/GameManager.cs using Guid(ff1414f46cb714fd59607d5effd99b52) Importer(815301076,1909f56bfc062723c751e8b465ee728b) [PhysX] Initialized MultithreadedTaskDispatcher with 8 workers.
 -> (artifact id: '995718072833b719550b72ff8ca349ae') in 0.025075 seconds
Number of updated asset objects reloaded before import = 0
Number of asset objects unloaded after import = 0
========================================================================
Received Prepare
Begin MonoManager ReloadAssembly
Thread 0x16d8bb000 may have been prematurely finalized
- Loaded All Assemblies, in  0.642 seconds
Refreshing native plugins compatible for Editor in 2.67 ms, found 3 plugins.
Native extension for OSXStandalone target not found
<HackaTime> Initializing...
UnityEngine.StackTraceUtility:ExtractStackTrace () (at /Users/bokken/build/output/unity/unity/Runtime/Export/Scripting/StackTrace.cs:37)
UnityEngine.DebugLogHandler:LogFormat (UnityEngine.LogType,UnityEngine.Object,string,object[])
UnityEngine.Logger:Log (UnityEngine.LogType,object)
UnityEngine.Debug:Log (object)
WakaTime.Plugin:Initialize () (at ./Library/PackageCache/com.daniel-geo.unityhackatime@5ac210a9a2/Editor/Plugin.cs:76)
WakaTime.Plugin:.cctor () (at ./Library/PackageCache/com.daniel-geo.unityhackatime@5ac210a9a2/Editor/Plugin.cs:41)
System.Runtime.CompilerServices.RuntimeHelpers:RunClassConstructor (System.RuntimeTypeHandle)
UnityEditor.EditorAssemblies:ProcessInitializeOnLoadAttributes (System.Type[]) (at /Users/bokken/build/output/unity/unity/Editor/Mono/EditorAssemblies.cs:119)

(Filename: ./Library/PackageCache/com.daniel-geo.unityhackatime@5ac210a9a2/Editor/Plugin.cs Line: 76)

<HackaTime> Sending heartbeat...
UnityEngine.StackTraceUtility:ExtractStackTrace () (at /Users/bokken/build/output/unity/unity/Runtime/Export/Scripting/StackTrace.cs:37)
UnityEngine.DebugLogHandler:LogFormat (UnityEngine.LogType,UnityEngine.Object,string,object[])
UnityEngine.Logger:Log (UnityEngine.LogType,object)
UnityEngine.Debug:Log (object)
WakaTime.Plugin/<SendHeartbeat>d__29:MoveNext () (at ./Library/PackageCache/com.daniel-geo.unityhackatime@5ac210a9a2/Editor/Plugin.cs:144)
System.Runtime.CompilerServices.AsyncVoidMethodBuilder:Start<WakaTime.Plugin/<SendHeartbeat>d__29> (WakaTime.Plugin/<SendHeartbeat>d__29&)
WakaTime.Plugin:SendHeartbeat (bool)
WakaTime.Plugin:Initialize () (at ./Library/PackageCache/com.daniel-geo.unityhackatime@5ac210a9a2/Editor/Plugin.cs:78)
WakaTime.Plugin:.cctor () (at ./Library/PackageCache/com.daniel-geo.unityhackatime@5ac210a9a2/Editor/Plugin.cs:41)
System.Runtime.CompilerServices.RuntimeHelpers:RunClassConstructor (System.RuntimeTypeHandle)
UnityEditor.EditorAssemblies:ProcessInitializeOnLoadAttributes (System.Type[]) (at /Users/bokken/build/output/unity/unity/Editor/Mono/EditorAssemblies.cs:119)

(Filename: ./Library/PackageCache/com.daniel-geo.unityhackatime@5ac210a9a2/Editor/Plugin.cs Line: 144)

Mono: successfully reloaded assembly
- Finished resetting the current domain, in  6.120 seconds
Domain Reload Profiling: 6766ms
	BeginReloadAssembly (275ms)
		ExecutionOrderSort (0ms)
		DisableScriptedObjects (10ms)
		BackupInstance (0ms)
		ReleaseScriptingObjects (0ms)
		CreateAndSetChildDomain (89ms)
	RebuildCommonClasses (24ms)
	RebuildNativeTypeToScriptingClass (8ms)
	initialDomainReloadingComplete (20ms)
	LoadAllAssembliesAndSetupDomain (318ms)
		LoadAssemblies (406ms)
		RebuildTransferFunctionScriptingTraits (0ms)
		AnalyzeDomain (40ms)
			TypeCache.Refresh (21ms)
				TypeCache.ScanAssembly (2ms)
			ScanForSourceGeneratedMonoScriptInfo (10ms)
			ResolveRequiredComponents (8ms)
	FinalizeReload (6121ms)
		ReleaseScriptCaches (0ms)
		RebuildScriptCaches (0ms)
		SetupLoadedEditorAssemblies (455ms)
			LogAssemblyErrors (0ms)
			InitializePlatformSupportModulesInManaged (13ms)
			SetLoadedEditorAssemblies (4ms)
			RefreshPlugins (0ms)
			BeforeProcessingInitializeOnLoad (45ms)
			ProcessInitializeOnLoadAttributes (380ms)
			ProcessInitializeOnLoadMethodAttributes (12ms)
			AfterProcessingInitializeOnLoad (1ms)
			EditorAssembliesLoaded (1ms)
		ExecutionOrderSort2 (0ms)
		AwakeInstancesAfterBackupRestoration (3ms)
Refreshing native plugins compatible for Editor in 8.58 ms, found 3 plugins.
Preloading 0 native plugins for Editor in 0.00 ms.
<HackaTime> Got response
{"id":2720750771,"user_id":61064,"branch":"main","category":"coding","dependencies":[],"editor":"unity","entity":"Unsaved Scene","language":"unity","machine":null,"operating_system":null,"project":"Duos","type":"file","user_agent":"unity-hackatime","line_additions":null,"line_deletions":null,"lineno":null,"lines":null,"cursorpos":null,"project_root_count":null,"time":1789274752.0,"is_write":false,"created_at":"2026-09-13T04:45:27.818Z","updated_at":"2026-09-13T04:45:27.818Z","fields_hash":"1249ba8811bed4cf8e8208e23053c61d","source_type":"direct_entry","ip_address":"2001:8003:cc20:b000:3c85:4bd:9b58:8559","deleted_at":null,"ja4_id":41,"ai_model":null,"ai_session":null,"ai_subscription_plan":null,"ai_input_tokens":null,"ai_output_tokens":null,"ai_prompt_length":null,"ai_line_changes":null,"human_line_changes":null}
UnityEngine.StackTraceUtility:ExtractStackTrace () (at /Users/bokken/build/output/unity/unity/Runtime/Export/Scripting/StackTrace.cs:37)
UnityEngine.DebugLogHandler:LogFormat (UnityEngine.LogType,UnityEngine.Object,string,object[])
UnityEngine.Logger:Log (UnityEngine.LogType,object)
UnityEngine.Debug:Log (object)
WakaTime.Plugin/<SendHeartbeat>d__29:MoveNext () (at ./Library/PackageCache/com.daniel-geo.unityhackatime@5ac210a9a2/Editor/Plugin.cs:187)
System.Runtime.CompilerServices.AsyncMethodBuilderCore/MoveNextRunner:InvokeMoveNext (object)
System.Threading.ExecutionContext:RunInternal (System.Threading.ExecutionContext,System.Threading.ContextCallback,object,bool)
System.Threading.ExecutionContext:Run (System.Threading.ExecutionContext,System.Threading.ContextCallback,object,bool)
System.Runtime.CompilerServices.AsyncMethodBuilderCore/MoveNextRunner:Run ()
System.Threading.Tasks.AwaitTaskContinuation:InvokeAction (object)
System.Threading.Tasks.AwaitTaskContinuation:RunCallback (System.Threading.ContextCallback,object,System.Threading.Tasks.Task&)
System.Threading.Tasks.SynchronizationContextAwaitTaskContinuation:Run (System.Threading.Tasks.Task,bool)
System.Threading.Tasks.Task:FinishContinuations ()
System.Threading.Tasks.Task:FinishStageThree ()
System.Threading.Tasks.Task`1<bool>:TrySetResult (bool)
System.Threading.Tasks.TaskCompletionSource`1<bool>:TrySetResult (bool)
WakaTime.Plugin/<>c__DisplayClass29_0:<SendHeartbeat>b__0 (UnityEngine.AsyncOperation) (at ./Library/PackageCache/com.daniel-geo.unityhackatime@5ac210a9a2/Editor/Plugin.cs:176)
UnityEngine.AsyncOperation:InvokeCompletionEvent () (at /Users/bokken/build/output/unity/unity/Runtime/Export/Scripting/AsyncOperation.cs:21)

(Filename: ./Library/PackageCache/com.daniel-geo.unityhackatime@5ac210a9a2/Editor/Plugin.cs Line: 187)

<HackaTime> Sent heartbeat!
UnityEngine.StackTraceUtility:ExtractStackTrace () (at /Users/bokken/build/output/unity/unity/Runtime/Export/Scripting/StackTrace.cs:37)
UnityEngine.DebugLogHandler:LogFormat (UnityEngine.LogType,UnityEngine.Object,string,object[])
UnityEngine.Logger:Log (UnityEngine.LogType,object)
UnityEngine.Debug:Log (object)
WakaTime.Plugin/<SendHeartbeat>d__29:MoveNext () (at ./Library/PackageCache/com.daniel-geo.unityhackatime@5ac210a9a2/Editor/Plugin.cs:203)
System.Runtime.CompilerServices.AsyncMethodBuilderCore/MoveNextRunner:InvokeMoveNext (object)
System.Threading.ExecutionContext:RunInternal (System.Threading.ExecutionContext,System.Threading.ContextCallback,object,bool)
System.Threading.ExecutionContext:Run (System.Threading.ExecutionContext,System.Threading.ContextCallback,object,bool)
System.Runtime.CompilerServices.AsyncMethodBuilderCore/MoveNextRunner:Run ()
System.Threading.Tasks.AwaitTaskContinuation:InvokeAction (object)
System.Threading.Tasks.AwaitTaskContinuation:RunCallback (System.Threading.ContextCallback,object,System.Threading.Tasks.Task&)
System.Threading.Tasks.SynchronizationContextAwaitTaskContinuation:Run (System.Threading.Tasks.Task,bool)
System.Threading.Tasks.Task:FinishContinuations ()
System.Threading.Tasks.Task:FinishStageThree ()
System.Threading.Tasks.Task`1<bool>:TrySetResult (bool)
System.Threading.Tasks.TaskCompletionSource`1<bool>:TrySetResult (bool)
WakaTime.Plugin/<>c__DisplayClass29_0:<SendHeartbeat>b__0 (UnityEngine.AsyncOperation) (at ./Library/PackageCache/com.daniel-geo.unityhackatime@5ac210a9a2/Editor/Plugin.cs:176)
UnityEngine.AsyncOperation:InvokeCompletionEvent () (at /Users/bokken/build/output/unity/unity/Runtime/Export/Scripting/AsyncOperation.cs:21)

(Filename: ./Library/PackageCache/com.daniel-geo.unityhackatime@5ac210a9a2/Editor/Plugin.cs Line: 203)

Unloading 3681 Unused Serialized files (Serialized files now loaded: 0)
Unloading 48 unused Assets / (1.8 MB). Loaded Objects now: 4220.
Memory consumption went from 189.5 MB to 187.8 MB.
Total: 5.042583 ms (FindLiveObjects: 0.172917 ms CreateObjectMapping: 0.047042 ms MarkObjects: 4.478667 ms  DeleteObjects: 0.343541 ms)

Prepare: number of updated asset objects reloaded= 0
AssetImportParameters requested are different than current active one (requested -> active):
  custom:container-demuxer-ogg: 62fdf1f143b41e24485cea50d1cbac27 -> 
  custom:video-decoder-ogg-theora: a1e56fd34408186e4bbccfd4996cb3dc -> 
  custom:CustomObjectIndexerAttribute: 9a22284fe3817be447336de3de66b15e -> 
  custom:container-demuxer-webm: 4f35f7cbe854078d1ac9338744f61a02 -> 
  custom:container-muxer-webm: aa71ff27fc2769a1b78a27578f13a17b -> 
  custom:video-decoder-webm-vp8: 9c59270c3fd7afecdb556c50c9e8de78 -> 
  custom:SearchIndexIgnoredProperties: e643bd26f0fe6173181afceb89e7c659 -> 
  custom:AudioImporter_EditorPlatform: 3918e3fc78b5a79bad01e8451be0beb8 -> 
  custom:framework-osx-AVFoundation: e770b220cccbd017edd2c1fefb359320 -> 
  custom:video-encoder-webm-vp8: eb34c28f22e8b96e1ab97ce403110664 -> 
  custom:audio-decoder-ogg-vorbis: bf7c407c2cedff20999df2af8eb42d56 -> 
  custom:audio-encoder-webm-vorbis: bf7c407c2cedff20999df2af8eb42d56 -> 
========================================================================
Received Prepare
Begin MonoManager ReloadAssembly
Thread 0x16d8bb000 may have been prematurely finalized
- Loaded All Assemblies, in  0.551 seconds
Refreshing native plugins compatible for Editor in 3.06 ms, found 3 plugins.
Native extension for OSXStandalone target not found
<HackaTime> Initializing...
UnityEngine.StackTraceUtility:ExtractStackTrace () (at /Users/bokken/build/output/unity/unity/Runtime/Export/Scripting/StackTrace.cs:37)
UnityEngine.DebugLogHandler:LogFormat (UnityEngine.LogType,UnityEngine.Object,string,object[])
UnityEngine.Logger:Log (UnityEngine.LogType,object)
UnityEngine.Debug:Log (object)
WakaTime.Plugin:Initialize () (at ./Library/PackageCache/com.daniel-geo.unityhackatime@5ac210a9a2/Editor/Plugin.cs:76)
WakaTime.Plugin:.cctor () (at ./Library/PackageCache/com.daniel-geo.unityhackatime@5ac210a9a2/Editor/Plugin.cs:41)
System.Runtime.CompilerServices.RuntimeHelpers:RunClassConstructor (System.RuntimeTypeHandle)
UnityEditor.EditorAssemblies:ProcessInitializeOnLoadAttributes (System.Type[]) (at /Users/bokken/build/output/unity/unity/Editor/Mono/EditorAssemblies.cs:119)

(Filename: ./Library/PackageCache/com.daniel-geo.unityhackatime@5ac210a9a2/Editor/Plugin.cs Line: 76)

<HackaTime> Sending heartbeat...
UnityEngine.StackTraceUtility:ExtractStackTrace () (at /Users/bokken/build/output/unity/unity/Runtime/Export/Scripting/StackTrace.cs:37)
UnityEngine.DebugLogHandler:LogFormat (UnityEngine.LogType,UnityEngine.Object,string,object[])
UnityEngine.Logger:Log (UnityEngine.LogType,object)
UnityEngine.Debug:Log (object)
WakaTime.Plugin/<SendHeartbeat>d__29:MoveNext () (at ./Library/PackageCache/com.daniel-geo.unityhackatime@5ac210a9a2/Editor/Plugin.cs:144)
System.Runtime.CompilerServices.AsyncVoidMethodBuilder:Start<WakaTime.Plugin/<SendHeartbeat>d__29> (WakaTime.Plugin/<SendHeartbeat>d__29&)
WakaTime.Plugin:SendHeartbeat (bool)
WakaTime.Plugin:Initialize () (at ./Library/PackageCache/com.daniel-geo.unityhackatime@5ac210a9a2/Editor/Plugin.cs:78)
WakaTime.Plugin:.cctor () (at ./Library/PackageCache/com.daniel-geo.unityhackatime@5ac210a9a2/Editor/Plugin.cs:41)
System.Runtime.CompilerServices.RuntimeHelpers:RunClassConstructor (System.RuntimeTypeHandle)
UnityEditor.EditorAssemblies:ProcessInitializeOnLoadAttributes (System.Type[]) (at /Users/bokken/build/output/unity/unity/Editor/Mono/EditorAssemblies.cs:119)

(Filename: ./Library/PackageCache/com.daniel-geo.unityhackatime@5ac210a9a2/Editor/Plugin.cs Line: 144)

Mono: successfully reloaded assembly
- Finished resetting the current domain, in  2.274 seconds
Domain Reload Profiling: 2826ms
	BeginReloadAssembly (168ms)
		ExecutionOrderSort (0ms)
		DisableScriptedObjects (5ms)
		BackupInstance (0ms)
		ReleaseScriptingObjects (0ms)
		CreateAndSetChildDomain (58ms)
	RebuildCommonClasses (28ms)
	RebuildNativeTypeToScriptingClass (9ms)
	initialDomainReloadingComplete (25ms)
	LoadAllAssembliesAndSetupDomain (321ms)
		LoadAssemblies (361ms)
		RebuildTransferFunctionScriptingTraits (0ms)
		AnalyzeDomain (33ms)
			TypeCache.Refresh (20ms)
				TypeCache.ScanAssembly (2ms)
			ScanForSourceGeneratedMonoScriptInfo (6ms)
			ResolveRequiredComponents (5ms)
	FinalizeReload (2275ms)
		ReleaseScriptCaches (0ms)
		RebuildScriptCaches (0ms)
		SetupLoadedEditorAssemblies (391ms)
			LogAssemblyErrors (0ms)
			InitializePlatformSupportModulesInManaged (3ms)
			SetLoadedEditorAssemblies (3ms)
			RefreshPlugins (0ms)
			BeforeProcessingInitializeOnLoad (40ms)
			ProcessInitializeOnLoadAttributes (333ms)
			ProcessInitializeOnLoadMethodAttributes (11ms)
			AfterProcessingInitializeOnLoad (1ms)
			EditorAssembliesLoaded (0ms)
		ExecutionOrderSort2 (0ms)
		AwakeInstancesAfterBackupRestoration (2ms)
Refreshing native plugins compatible for Editor in 2.56 ms, found 3 plugins.
Preloading 0 native plugins for Editor in 0.00 ms.
<HackaTime> Got response
{"id":2720758970,"user_id":61064,"branch":"main","category":"coding","dependencies":[],"editor":"unity","entity":"Unsaved Scene","language":"unity","machine":null,"operating_system":null,"project":"Duos","type":"file","user_agent":"unity-hackatime","line_additions":null,"line_deletions":null,"lineno":null,"lines":null,"cursorpos":null,"project_root_count":null,"time":1789275776.0,"is_write":false,"created_at":"2026-09-13T05:03:19.960Z","updated_at":"2026-09-13T05:03:19.960Z","fields_hash":"0e7c9bb1afec3d3e728ac2891faed226","source_type":"direct_entry","ip_address":"2001:8003:cc20:b000:3c85:4bd:9b58:8559","deleted_at":null,"ja4_id":41,"ai_model":null,"ai_session":null,"ai_subscription_plan":null,"ai_input_tokens":null,"ai_output_tokens":null,"ai_prompt_length":null,"ai_line_changes":null,"human_line_changes":null}
UnityEngine.StackTraceUtility:ExtractStackTrace () (at /Users/bokken/build/output/unity/unity/Runtime/Export/Scripting/StackTrace.cs:37)
UnityEngine.DebugLogHandler:LogFormat (UnityEngine.LogType,UnityEngine.Object,string,object[])
UnityEngine.Logger:Log (UnityEngine.LogType,object)
UnityEngine.Debug:Log (object)
WakaTime.Plugin/<SendHeartbeat>d__29:MoveNext () (at ./Library/PackageCache/com.daniel-geo.unityhackatime@5ac210a9a2/Editor/Plugin.cs:187)
System.Runtime.CompilerServices.AsyncMethodBuilderCore/MoveNextRunner:InvokeMoveNext (object)
System.Threading.ExecutionContext:RunInternal (System.Threading.ExecutionContext,System.Threading.ContextCallback,object,bool)
System.Threading.ExecutionContext:Run (System.Threading.ExecutionContext,System.Threading.ContextCallback,object,bool)
System.Runtime.CompilerServices.AsyncMethodBuilderCore/MoveNextRunner:Run ()
System.Threading.Tasks.AwaitTaskContinuation:InvokeAction (object)
System.Threading.Tasks.AwaitTaskContinuation:RunCallback (System.Threading.ContextCallback,object,System.Threading.Tasks.Task&)
System.Threading.Tasks.SynchronizationContextAwaitTaskContinuation:Run (System.Threading.Tasks.Task,bool)
System.Threading.Tasks.Task:FinishContinuations ()
System.Threading.Tasks.Task:FinishStageThree ()
System.Threading.Tasks.Task`1<bool>:TrySetResult (bool)
System.Threading.Tasks.TaskCompletionSource`1<bool>:TrySetResult (bool)
WakaTime.Plugin/<>c__DisplayClass29_0:<SendHeartbeat>b__0 (UnityEngine.AsyncOperation) (at ./Library/PackageCache/com.daniel-geo.unityhackatime@5ac210a9a2/Editor/Plugin.cs:176)
UnityEngine.AsyncOperation:InvokeCompletionEvent () (at /Users/bokken/build/output/unity/unity/Runtime/Export/Scripting/AsyncOperation.cs:21)

(Filename: ./Library/PackageCache/com.daniel-geo.unityhackatime@5ac210a9a2/Editor/Plugin.cs Line: 187)

<HackaTime> Sent heartbeat!
UnityEngine.StackTraceUtility:ExtractStackTrace () (at /Users/bokken/build/output/unity/unity/Runtime/Export/Scripting/StackTrace.cs:37)
UnityEngine.DebugLogHandler:LogFormat (UnityEngine.LogType,UnityEngine.Object,string,object[])
UnityEngine.Logger:Log (UnityEngine.LogType,object)
UnityEngine.Debug:Log (object)
WakaTime.Plugin/<SendHeartbeat>d__29:MoveNext () (at ./Library/PackageCache/com.daniel-geo.unityhackatime@5ac210a9a2/Editor/Plugin.cs:203)
System.Runtime.CompilerServices.AsyncMethodBuilderCore/MoveNextRunner:InvokeMoveNext (object)
System.Threading.ExecutionContext:RunInternal (System.Threading.ExecutionContext,System.Threading.ContextCallback,object,bool)
System.Threading.ExecutionContext:Run (System.Threading.ExecutionContext,System.Threading.ContextCallback,object,bool)
System.Runtime.CompilerServices.AsyncMethodBuilderCore/MoveNextRunner:Run ()
System.Threading.Tasks.AwaitTaskContinuation:InvokeAction (object)
System.Threading.Tasks.AwaitTaskContinuation:RunCallback (System.Threading.ContextCallback,object,System.Threading.Tasks.Task&)
System.Threading.Tasks.SynchronizationContextAwaitTaskContinuation:Run (System.Threading.Tasks.Task,bool)
System.Threading.Tasks.Task:FinishContinuations ()
System.Threading.Tasks.Task:FinishStageThree ()
System.Threading.Tasks.Task`1<bool>:TrySetResult (bool)
System.Threading.Tasks.TaskCompletionSource`1<bool>:TrySetResult (bool)
WakaTime.Plugin/<>c__DisplayClass29_0:<SendHeartbeat>b__0 (UnityEngine.AsyncOperation) (at ./Library/PackageCache/com.daniel-geo.unityhackatime@5ac210a9a2/Editor/Plugin.cs:176)
UnityEngine.AsyncOperation:InvokeCompletionEvent () (at /Users/bokken/build/output/unity/unity/Runtime/Export/Scripting/AsyncOperation.cs:21)

(Filename: ./Library/PackageCache/com.daniel-geo.unityhackatime@5ac210a9a2/Editor/Plugin.cs Line: 203)

Unloading 3682 Unused Serialized files (Serialized files now loaded: 0)
Unloading 47 unused Assets / (1.8 MB). Loaded Objects now: 4224.
Memory consumption went from 196.9 MB to 195.2 MB.
Total: 3.305875 ms (FindLiveObjects: 0.161542 ms CreateObjectMapping: 0.047208 ms MarkObjects: 2.879625 ms  DeleteObjects: 0.216958 ms)

Prepare: number of updated asset objects reloaded= 0
AssetImportParameters requested are different than current active one (requested -> active):
  custom:container-demuxer-ogg: 62fdf1f143b41e24485cea50d1cbac27 -> 
  custom:video-decoder-ogg-theora: a1e56fd34408186e4bbccfd4996cb3dc -> 
  custom:CustomObjectIndexerAttribute: 9a22284fe3817be447336de3de66b15e -> 
  custom:container-demuxer-webm: 4f35f7cbe854078d1ac9338744f61a02 -> 
  custom:container-muxer-webm: aa71ff27fc2769a1b78a27578f13a17b -> 
  custom:video-decoder-webm-vp8: 9c59270c3fd7afecdb556c50c9e8de78 -> 
  custom:SearchIndexIgnoredProperties: e643bd26f0fe6173181afceb89e7c659 -> 
  custom:AudioImporter_EditorPlatform: 3918e3fc78b5a79bad01e8451be0beb8 -> 
  custom:framework-osx-AVFoundation: e770b220cccbd017edd2c1fefb359320 -> 
  custom:video-encoder-webm-vp8: eb34c28f22e8b96e1ab97ce403110664 -> 
  custom:audio-decoder-ogg-vorbis: bf7c407c2cedff20999df2af8eb42d56 -> 
  custom:audio-encoder-webm-vorbis: bf7c407c2cedff20999df2af8eb42d56 -> 
========================================================================
Received Prepare
Begin MonoManager ReloadAssembly
Thread 0x16d8bb000 may have been prematurely finalized
- Loaded All Assemblies, in  0.455 seconds
Refreshing native plugins compatible for Editor in 2.88 ms, found 3 plugins.
Native extension for OSXStandalone target not found
<HackaTime> Initializing...
UnityEngine.StackTraceUtility:ExtractStackTrace () (at /Users/bokken/build/output/unity/unity/Runtime/Export/Scripting/StackTrace.cs:37)
UnityEngine.DebugLogHandler:LogFormat (UnityEngine.LogType,UnityEngine.Object,string,object[])
UnityEngine.Logger:Log (UnityEngine.LogType,object)
UnityEngine.Debug:Log (object)
WakaTime.Plugin:Initialize () (at ./Library/PackageCache/com.daniel-geo.unityhackatime@5ac210a9a2/Editor/Plugin.cs:76)
WakaTime.Plugin:.cctor () (at ./Library/PackageCache/com.daniel-geo.unityhackatime@5ac210a9a2/Editor/Plugin.cs:41)
System.Runtime.CompilerServices.RuntimeHelpers:RunClassConstructor (System.RuntimeTypeHandle)
UnityEditor.EditorAssemblies:ProcessInitializeOnLoadAttributes (System.Type[]) (at /Users/bokken/build/output/unity/unity/Editor/Mono/EditorAssemblies.cs:119)

(Filename: ./Library/PackageCache/com.daniel-geo.unityhackatime@5ac210a9a2/Editor/Plugin.cs Line: 76)

<HackaTime> Sending heartbeat...
UnityEngine.StackTraceUtility:ExtractStackTrace () (at /Users/bokken/build/output/unity/unity/Runtime/Export/Scripting/StackTrace.cs:37)
UnityEngine.DebugLogHandler:LogFormat (UnityEngine.LogType,UnityEngine.Object,string,object[])
UnityEngine.Logger:Log (UnityEngine.LogType,object)
UnityEngine.Debug:Log (object)
WakaTime.Plugin/<SendHeartbeat>d__29:MoveNext () (at ./Library/PackageCache/com.daniel-geo.unityhackatime@5ac210a9a2/Editor/Plugin.cs:144)
System.Runtime.CompilerServices.AsyncVoidMethodBuilder:Start<WakaTime.Plugin/<SendHeartbeat>d__29> (WakaTime.Plugin/<SendHeartbeat>d__29&)
WakaTime.Plugin:SendHeartbeat (bool)
WakaTime.Plugin:Initialize () (at ./Library/PackageCache/com.daniel-geo.unityhackatime@5ac210a9a2/Editor/Plugin.cs:78)
WakaTime.Plugin:.cctor () (at ./Library/PackageCache/com.daniel-geo.unityhackatime@5ac210a9a2/Editor/Plugin.cs:41)
System.Runtime.CompilerServices.RuntimeHelpers:RunClassConstructor (System.RuntimeTypeHandle)
UnityEditor.EditorAssemblies:ProcessInitializeOnLoadAttributes (System.Type[]) (at /Users/bokken/build/output/unity/unity/Editor/Mono/EditorAssemblies.cs:119)

(Filename: ./Library/PackageCache/com.daniel-geo.unityhackatime@5ac210a9a2/Editor/Plugin.cs Line: 144)

Mono: successfully reloaded assembly
- Finished resetting the current domain, in  1.144 seconds
Domain Reload Profiling: 1600ms
	BeginReloadAssembly (121ms)
		ExecutionOrderSort (0ms)
		DisableScriptedObjects (4ms)
		BackupInstance (0ms)
		ReleaseScriptingObjects (0ms)
		CreateAndSetChildDomain (45ms)
	RebuildCommonClasses (25ms)
	RebuildNativeTypeToScriptingClass (8ms)
	initialDomainReloadingComplete (17ms)
	LoadAllAssembliesAndSetupDomain (284ms)
		LoadAssemblies (308ms)
		RebuildTransferFunctionScriptingTraits (0ms)
		AnalyzeDomain (24ms)
			TypeCache.Refresh (16ms)
				TypeCache.ScanAssembly (0ms)
			ScanForSourceGeneratedMonoScriptInfo (0ms)
			ResolveRequiredComponents (7ms)
	FinalizeReload (1145ms)
		ReleaseScriptCaches (0ms)
		RebuildScriptCaches (0ms)
		SetupLoadedEditorAssemblies (384ms)
			LogAssemblyErrors (0ms)
			InitializePlatformSupportModulesInManaged (3ms)
			SetLoadedEditorAssemblies (2ms)
			RefreshPlugins (0ms)
			BeforeProcessingInitializeOnLoad (41ms)
			ProcessInitializeOnLoadAttributes (324ms)
			ProcessInitializeOnLoadMethodAttributes (12ms)
			AfterProcessingInitializeOnLoad (1ms)
			EditorAssembliesLoaded (0ms)
		ExecutionOrderSort2 (0ms)
		AwakeInstancesAfterBackupRestoration (3ms)
Refreshing native plugins compatible for Editor in 2.43 ms, found 3 plugins.
Preloading 0 native plugins for Editor in 0.00 ms.
<HackaTime> Got response
{"id":2720758970,"user_id":61064,"branch":"main","category":"coding","dependencies":[],"editor":"unity","entity":"Unsaved Scene","language":"unity","machine":null,"operating_system":null,"project":"Duos","type":"file","user_agent":"unity-hackatime","line_additions":null,"line_deletions":null,"lineno":null,"lines":null,"cursorpos":null,"project_root_count":null,"time":1789275776.0,"is_write":false,"created_at":"2026-09-13T05:03:19.960Z","updated_at":"2026-09-13T05:03:19.960Z","fields_hash":"0e7c9bb1afec3d3e728ac2891faed226","source_type":"direct_entry","ip_address":"2001:8003:cc20:b000:3c85:4bd:9b58:8559","deleted_at":null,"ja4_id":41,"ai_model":null,"ai_session":null,"ai_subscription_plan":null,"ai_input_tokens":null,"ai_output_tokens":null,"ai_prompt_length":null,"ai_line_changes":null,"human_line_changes":null}
UnityEngine.StackTraceUtility:ExtractStackTrace () (at /Users/bokken/build/output/unity/unity/Runtime/Export/Scripting/StackTrace.cs:37)
UnityEngine.DebugLogHandler:LogFormat (UnityEngine.LogType,UnityEngine.Object,string,object[])
UnityEngine.Logger:Log (UnityEngine.LogType,object)
UnityEngine.Debug:Log (object)
WakaTime.Plugin/<SendHeartbeat>d__29:MoveNext () (at ./Library/PackageCache/com.daniel-geo.unityhackatime@5ac210a9a2/Editor/Plugin.cs:187)
System.Runtime.CompilerServices.AsyncMethodBuilderCore/MoveNextRunner:InvokeMoveNext (object)
System.Threading.ExecutionContext:RunInternal (System.Threading.ExecutionContext,System.Threading.ContextCallback,object,bool)
System.Threading.ExecutionContext:Run (System.Threading.ExecutionContext,System.Threading.ContextCallback,object,bool)
System.Runtime.CompilerServices.AsyncMethodBuilderCore/MoveNextRunner:Run ()
System.Threading.Tasks.AwaitTaskContinuation:InvokeAction (object)
System.Threading.Tasks.AwaitTaskContinuation:RunCallback (System.Threading.ContextCallback,object,System.Threading.Tasks.Task&)
System.Threading.Tasks.SynchronizationContextAwaitTaskContinuation:Run (System.Threading.Tasks.Task,bool)
System.Threading.Tasks.Task:FinishContinuations ()
System.Threading.Tasks.Task:FinishStageThree ()
System.Threading.Tasks.Task`1<bool>:TrySetResult (bool)
System.Threading.Tasks.TaskCompletionSource`1<bool>:TrySetResult (bool)
WakaTime.Plugin/<>c__DisplayClass29_0:<SendHeartbeat>b__0 (UnityEngine.AsyncOperation) (at ./Library/PackageCache/com.daniel-geo.unityhackatime@5ac210a9a2/Editor/Plugin.cs:176)
UnityEngine.AsyncOperation:InvokeCompletionEvent () (at /Users/bokken/build/output/unity/unity/Runtime/Export/Scripting/AsyncOperation.cs:21)

(Filename: ./Library/PackageCache/com.daniel-geo.unityhackatime@5ac210a9a2/Editor/Plugin.cs Line: 187)

<HackaTime> Sent heartbeat!
UnityEngine.StackTraceUtility:ExtractStackTrace () (at /Users/bokken/build/output/unity/unity/Runtime/Export/Scripting/StackTrace.cs:37)
UnityEngine.DebugLogHandler:LogFormat (UnityEngine.LogType,UnityEngine.Object,string,object[])
UnityEngine.Logger:Log (UnityEngine.LogType,object)
UnityEngine.Debug:Log (object)
WakaTime.Plugin/<SendHeartbeat>d__29:MoveNext () (at ./Library/PackageCache/com.daniel-geo.unityhackatime@5ac210a9a2/Editor/Plugin.cs:203)
System.Runtime.CompilerServices.AsyncMethodBuilderCore/MoveNextRunner:InvokeMoveNext (object)
System.Threading.ExecutionContext:RunInternal (System.Threading.ExecutionContext,System.Threading.ContextCallback,object,bool)
System.Threading.ExecutionContext:Run (System.Threading.ExecutionContext,System.Threading.ContextCallback,object,bool)
System.Runtime.CompilerServices.AsyncMethodBuilderCore/MoveNextRunner:Run ()
System.Threading.Tasks.AwaitTaskContinuation:InvokeAction (object)
System.Threading.Tasks.AwaitTaskContinuation:RunCallback (System.Threading.ContextCallback,object,System.Threading.Tasks.Task&)
System.Threading.Tasks.SynchronizationContextAwaitTaskContinuation:Run (System.Threading.Tasks.Task,bool)
System.Threading.Tasks.Task:FinishContinuations ()
System.Threading.Tasks.Task:FinishStageThree ()
System.Threading.Tasks.Task`1<bool>:TrySetResult (bool)
System.Threading.Tasks.TaskCompletionSource`1<bool>:TrySetResult (bool)
WakaTime.Plugin/<>c__DisplayClass29_0:<SendHeartbeat>b__0 (UnityEngine.AsyncOperation) (at ./Library/PackageCache/com.daniel-geo.unityhackatime@5ac210a9a2/Editor/Plugin.cs:176)
UnityEngine.AsyncOperation:InvokeCompletionEvent () (at /Users/bokken/build/output/unity/unity/Runtime/Export/Scripting/AsyncOperation.cs:21)

(Filename: ./Library/PackageCache/com.daniel-geo.unityhackatime@5ac210a9a2/Editor/Plugin.cs Line: 203)

Unloading 3682 Unused Serialized files (Serialized files now loaded: 0)
Unloading 47 unused Assets / (1.8 MB). Loaded Objects now: 4228.
Memory consumption went from 204.1 MB to 202.3 MB.
Total: 4.761250 ms (FindLiveObjects: 0.132791 ms CreateObjectMapping: 0.050292 ms MarkObjects: 4.319666 ms  DeleteObjects: 0.257833 ms)

Prepare: number of updated asset objects reloaded= 0
AssetImportParameters requested are different than current active one (requested -> active):
  custom:container-demuxer-ogg: 62fdf1f143b41e24485cea50d1cbac27 -> 
  custom:video-decoder-ogg-theora: a1e56fd34408186e4bbccfd4996cb3dc -> 
  custom:CustomObjectIndexerAttribute: 9a22284fe3817be447336de3de66b15e -> 
  custom:container-demuxer-webm: 4f35f7cbe854078d1ac9338744f61a02 -> 
  custom:container-muxer-webm: aa71ff27fc2769a1b78a27578f13a17b -> 
  custom:video-decoder-webm-vp8: 9c59270c3fd7afecdb556c50c9e8de78 -> 
  custom:SearchIndexIgnoredProperties: e643bd26f0fe6173181afceb89e7c659 -> 
  custom:AudioImporter_EditorPlatform: 3918e3fc78b5a79bad01e8451be0beb8 -> 
  custom:framework-osx-AVFoundation: e770b220cccbd017edd2c1fefb359320 -> 
  custom:video-encoder-webm-vp8: eb34c28f22e8b96e1ab97ce403110664 -> 
  custom:audio-decoder-ogg-vorbis: bf7c407c2cedff20999df2af8eb42d56 -> 
  custom:audio-encoder-webm-vorbis: bf7c407c2cedff20999df2af8eb42d56 -> 
========================================================================
Received Prepare
Begin MonoManager ReloadAssembly
Thread 0x16d8bb000 may have been prematurely finalized
- Loaded All Assemblies, in  0.435 seconds
Refreshing native plugins compatible for Editor in 3.14 ms, found 3 plugins.
Native extension for OSXStandalone target not found
<HackaTime> Initializing...
UnityEngine.StackTraceUtility:ExtractStackTrace () (at /Users/bokken/build/output/unity/unity/Runtime/Export/Scripting/StackTrace.cs:37)
UnityEngine.DebugLogHandler:LogFormat (UnityEngine.LogType,UnityEngine.Object,string,object[])
UnityEngine.Logger:Log (UnityEngine.LogType,object)
UnityEngine.Debug:Log (object)
WakaTime.Plugin:Initialize () (at ./Library/PackageCache/com.daniel-geo.unityhackatime@5ac210a9a2/Editor/Plugin.cs:76)
WakaTime.Plugin:.cctor () (at ./Library/PackageCache/com.daniel-geo.unityhackatime@5ac210a9a2/Editor/Plugin.cs:41)
System.Runtime.CompilerServices.RuntimeHelpers:RunClassConstructor (System.RuntimeTypeHandle)
UnityEditor.EditorAssemblies:ProcessInitializeOnLoadAttributes (System.Type[]) (at /Users/bokken/build/output/unity/unity/Editor/Mono/EditorAssemblies.cs:119)

(Filename: ./Library/PackageCache/com.daniel-geo.unityhackatime@5ac210a9a2/Editor/Plugin.cs Line: 76)

<HackaTime> Sending heartbeat...
UnityEngine.StackTraceUtility:ExtractStackTrace () (at /Users/bokken/build/output/unity/unity/Runtime/Export/Scripting/StackTrace.cs:37)
UnityEngine.DebugLogHandler:LogFormat (UnityEngine.LogType,UnityEngine.Object,string,object[])
UnityEngine.Logger:Log (UnityEngine.LogType,object)
UnityEngine.Debug:Log (object)
WakaTime.Plugin/<SendHeartbeat>d__29:MoveNext () (at ./Library/PackageCache/com.daniel-geo.unityhackatime@5ac210a9a2/Editor/Plugin.cs:144)
System.Runtime.CompilerServices.AsyncVoidMethodBuilder:Start<WakaTime.Plugin/<SendHeartbeat>d__29> (WakaTime.Plugin/<SendHeartbeat>d__29&)
WakaTime.Plugin:SendHeartbeat (bool)
WakaTime.Plugin:Initialize () (at ./Library/PackageCache/com.daniel-geo.unityhackatime@5ac210a9a2/Editor/Plugin.cs:78)
WakaTime.Plugin:.cctor () (at ./Library/PackageCache/com.daniel-geo.unityhackatime@5ac210a9a2/Editor/Plugin.cs:41)
System.Runtime.CompilerServices.RuntimeHelpers:RunClassConstructor (System.RuntimeTypeHandle)
UnityEditor.EditorAssemblies:ProcessInitializeOnLoadAttributes (System.Type[]) (at /Users/bokken/build/output/unity/unity/Editor/Mono/EditorAssemblies.cs:119)

(Filename: ./Library/PackageCache/com.daniel-geo.unityhackatime@5ac210a9a2/Editor/Plugin.cs Line: 144)

Mono: successfully reloaded assembly
- Finished resetting the current domain, in  1.382 seconds
Domain Reload Profiling: 1817ms
	BeginReloadAssembly (121ms)
		ExecutionOrderSort (0ms)
		DisableScriptedObjects (5ms)
		BackupInstance (0ms)
		ReleaseScriptingObjects (0ms)
		CreateAndSetChildDomain (45ms)
	RebuildCommonClasses (26ms)
	RebuildNativeTypeToScriptingClass (10ms)
	initialDomainReloadingComplete (22ms)
	LoadAllAssembliesAndSetupDomain (256ms)
		LoadAssemblies (274ms)
		RebuildTransferFunctionScriptingTraits (0ms)
		AnalyzeDomain (28ms)
			TypeCache.Refresh (17ms)
				TypeCache.ScanAssembly (1ms)
			ScanForSourceGeneratedMonoScriptInfo (6ms)
			ResolveRequiredComponents (4ms)
	FinalizeReload (1382ms)
		ReleaseScriptCaches (0ms)
		RebuildScriptCaches (0ms)
		SetupLoadedEditorAssemblies (352ms)
			LogAssemblyErrors (0ms)
			InitializePlatformSupportModulesInManaged (3ms)
			SetLoadedEditorAssemblies (2ms)
			RefreshPlugins (0ms)
			BeforeProcessingInitializeOnLoad (33ms)
			ProcessInitializeOnLoadAttributes (302ms)
			ProcessInitializeOnLoadMethodAttributes (11ms)
			AfterProcessingInitializeOnLoad (1ms)
			EditorAssembliesLoaded (0ms)
		ExecutionOrderSort2 (0ms)
		AwakeInstancesAfterBackupRestoration (2ms)
Refreshing native plugins compatible for Editor in 2.67 ms, found 3 plugins.
Preloading 0 native plugins for Editor in 0.00 ms.
<HackaTime> Got response
{"id":2720759518,"user_id":61064,"branch":"main","category":"coding","dependencies":[],"editor":"unity","entity":"Unsaved Scene","language":"unity","machine":null,"operating_system":null,"project":"Duos","type":"file","user_agent":"unity-hackatime","line_additions":null,"line_deletions":null,"lineno":null,"lines":null,"cursorpos":null,"project_root_count":null,"time":1789275904.0,"is_write":false,"created_at":"2026-09-13T05:04:47.110Z","updated_at":"2026-09-13T05:04:47.110Z","fields_hash":"193ae4ba66b59749472805a9bc40adca","source_type":"direct_entry","ip_address":"2001:8003:cc20:b000:3c85:4bd:9b58:8559","deleted_at":null,"ja4_id":41,"ai_model":null,"ai_session":null,"ai_subscription_plan":null,"ai_input_tokens":null,"ai_output_tokens":null,"ai_prompt_length":null,"ai_line_changes":null,"human_line_changes":null}
UnityEngine.StackTraceUtility:ExtractStackTrace () (at /Users/bokken/build/output/unity/unity/Runtime/Export/Scripting/StackTrace.cs:37)
UnityEngine.DebugLogHandler:LogFormat (UnityEngine.LogType,UnityEngine.Object,string,object[])
UnityEngine.Logger:Log (UnityEngine.LogType,object)
UnityEngine.Debug:Log (object)
WakaTime.Plugin/<SendHeartbeat>d__29:MoveNext () (at ./Library/PackageCache/com.daniel-geo.unityhackatime@5ac210a9a2/Editor/Plugin.cs:187)
System.Runtime.CompilerServices.AsyncMethodBuilderCore/MoveNextRunner:InvokeMoveNext (object)
System.Threading.ExecutionContext:RunInternal (System.Threading.ExecutionContext,System.Threading.ContextCallback,object,bool)
System.Threading.ExecutionContext:Run (System.Threading.ExecutionContext,System.Threading.ContextCallback,object,bool)
System.Runtime.CompilerServices.AsyncMethodBuilderCore/MoveNextRunner:Run ()
System.Threading.Tasks.AwaitTaskContinuation:InvokeAction (object)
System.Threading.Tasks.AwaitTaskContinuation:RunCallback (System.Threading.ContextCallback,object,System.Threading.Tasks.Task&)
System.Threading.Tasks.SynchronizationContextAwaitTaskContinuation:Run (System.Threading.Tasks.Task,bool)
System.Threading.Tasks.Task:FinishContinuations ()
System.Threading.Tasks.Task:FinishStageThree ()
System.Threading.Tasks.Task`1<bool>:TrySetResult (bool)
System.Threading.Tasks.TaskCompletionSource`1<bool>:TrySetResult (bool)
WakaTime.Plugin/<>c__DisplayClass29_0:<SendHeartbeat>b__0 (UnityEngine.AsyncOperation) (at ./Library/PackageCache/com.daniel-geo.unityhackatime@5ac210a9a2/Editor/Plugin.cs:176)
UnityEngine.AsyncOperation:InvokeCompletionEvent () (at /Users/bokken/build/output/unity/unity/Runtime/Export/Scripting/AsyncOperation.cs:21)

(Filename: ./Library/PackageCache/com.daniel-geo.unityhackatime@5ac210a9a2/Editor/Plugin.cs Line: 187)

<HackaTime> Sent heartbeat!
UnityEngine.StackTraceUtility:ExtractStackTrace () (at /Users/bokken/build/output/unity/unity/Runtime/Export/Scripting/StackTrace.cs:37)
UnityEngine.DebugLogHandler:LogFormat (UnityEngine.LogType,UnityEngine.Object,string,object[])
UnityEngine.Logger:Log (UnityEngine.LogType,object)
UnityEngine.Debug:Log (object)
WakaTime.Plugin/<SendHeartbeat>d__29:MoveNext () (at ./Library/PackageCache/com.daniel-geo.unityhackatime@5ac210a9a2/Editor/Plugin.cs:203)
System.Runtime.CompilerServices.AsyncMethodBuilderCore/MoveNextRunner:InvokeMoveNext (object)
System.Threading.ExecutionContext:RunInternal (System.Threading.ExecutionContext,System.Threading.ContextCallback,object,bool)
System.Threading.ExecutionContext:Run (System.Threading.ExecutionContext,System.Threading.ContextCallback,object,bool)
System.Runtime.CompilerServices.AsyncMethodBuilderCore/MoveNextRunner:Run ()
System.Threading.Tasks.AwaitTaskContinuation:InvokeAction (object)
System.Threading.Tasks.AwaitTaskContinuation:RunCallback (System.Threading.ContextCallback,object,System.Threading.Tasks.Task&)
System.Threading.Tasks.SynchronizationContextAwaitTaskContinuation:Run (System.Threading.Tasks.Task,bool)
System.Threading.Tasks.Task:FinishContinuations ()
System.Threading.Tasks.Task:FinishStageThree ()
System.Threading.Tasks.Task`1<bool>:TrySetResult (bool)
System.Threading.Tasks.TaskCompletionSource`1<bool>:TrySetResult (bool)
WakaTime.Plugin/<>c__DisplayClass29_0:<SendHeartbeat>b__0 (UnityEngine.AsyncOperation) (at ./Library/PackageCache/com.daniel-geo.unityhackatime@5ac210a9a2/Editor/Plugin.cs:176)
UnityEngine.AsyncOperation:InvokeCompletionEvent () (at /Users/bokken/build/output/unity/unity/Runtime/Export/Scripting/AsyncOperation.cs:21)

(Filename: ./Library/PackageCache/com.daniel-geo.unityhackatime@5ac210a9a2/Editor/Plugin.cs Line: 203)

Unloading 3682 Unused Serialized files (Serialized files now loaded: 0)
Unloading 47 unused Assets / (1.8 MB). Loaded Objects now: 4232.
Memory consumption went from 211.2 MB to 209.5 MB.
Total: 2.978375 ms (FindLiveObjects: 0.134833 ms CreateObjectMapping: 0.050084 ms MarkObjects: 2.551042 ms  DeleteObjects: 0.241875 ms)

Prepare: number of updated asset objects reloaded= 0
AssetImportParameters requested are different than current active one (requested -> active):
  custom:container-demuxer-ogg: 62fdf1f143b41e24485cea50d1cbac27 -> 
  custom:video-decoder-ogg-theora: a1e56fd34408186e4bbccfd4996cb3dc -> 
  custom:CustomObjectIndexerAttribute: 9a22284fe3817be447336de3de66b15e -> 
  custom:container-demuxer-webm: 4f35f7cbe854078d1ac9338744f61a02 -> 
  custom:container-muxer-webm: aa71ff27fc2769a1b78a27578f13a17b -> 
  custom:video-decoder-webm-vp8: 9c59270c3fd7afecdb556c50c9e8de78 -> 
  custom:SearchIndexIgnoredProperties: e643bd26f0fe6173181afceb89e7c659 -> 
  custom:AudioImporter_EditorPlatform: 3918e3fc78b5a79bad01e8451be0beb8 -> 
  custom:framework-osx-AVFoundation: e770b220cccbd017edd2c1fefb359320 -> 
  custom:video-encoder-webm-vp8: eb34c28f22e8b96e1ab97ce403110664 -> 
  custom:audio-decoder-ogg-vorbis: bf7c407c2cedff20999df2af8eb42d56 -> 
  custom:audio-encoder-webm-vorbis: bf7c407c2cedff20999df2af8eb42d56 -> 
========================================================================
Received Prepare
Begin MonoManager ReloadAssembly
Thread 0x16d8bb000 may have been prematurely finalized
- Loaded All Assemblies, in  0.457 seconds
Refreshing native plugins compatible for Editor in 2.21 ms, found 3 plugins.
Native extension for OSXStandalone target not found
<HackaTime> Initializing...
UnityEngine.StackTraceUtility:ExtractStackTrace () (at /Users/bokken/build/output/unity/unity/Runtime/Export/Scripting/StackTrace.cs:37)
UnityEngine.DebugLogHandler:LogFormat (UnityEngine.LogType,UnityEngine.Object,string,object[])
UnityEngine.Logger:Log (UnityEngine.LogType,object)
UnityEngine.Debug:Log (object)
WakaTime.Plugin:Initialize () (at ./Library/PackageCache/com.daniel-geo.unityhackatime@5ac210a9a2/Editor/Plugin.cs:76)
WakaTime.Plugin:.cctor () (at ./Library/PackageCache/com.daniel-geo.unityhackatime@5ac210a9a2/Editor/Plugin.cs:41)
System.Runtime.CompilerServices.RuntimeHelpers:RunClassConstructor (System.RuntimeTypeHandle)
UnityEditor.EditorAssemblies:ProcessInitializeOnLoadAttributes (System.Type[]) (at /Users/bokken/build/output/unity/unity/Editor/Mono/EditorAssemblies.cs:119)

(Filename: ./Library/PackageCache/com.daniel-geo.unityhackatime@5ac210a9a2/Editor/Plugin.cs Line: 76)

<HackaTime> Sending heartbeat...
UnityEngine.StackTraceUtility:ExtractStackTrace () (at /Users/bokken/build/output/unity/unity/Runtime/Export/Scripting/StackTrace.cs:37)
UnityEngine.DebugLogHandler:LogFormat (UnityEngine.LogType,UnityEngine.Object,string,object[])
UnityEngine.Logger:Log (UnityEngine.LogType,object)
UnityEngine.Debug:Log (object)
WakaTime.Plugin/<SendHeartbeat>d__29:MoveNext () (at ./Library/PackageCache/com.daniel-geo.unityhackatime@5ac210a9a2/Editor/Plugin.cs:144)
System.Runtime.CompilerServices.AsyncVoidMethodBuilder:Start<WakaTime.Plugin/<SendHeartbeat>d__29> (WakaTime.Plugin/<SendHeartbeat>d__29&)
WakaTime.Plugin:SendHeartbeat (bool)
WakaTime.Plugin:Initialize () (at ./Library/PackageCache/com.daniel-geo.unityhackatime@5ac210a9a2/Editor/Plugin.cs:78)
WakaTime.Plugin:.cctor () (at ./Library/PackageCache/com.daniel-geo.unityhackatime@5ac210a9a2/Editor/Plugin.cs:41)
System.Runtime.CompilerServices.RuntimeHelpers:RunClassConstructor (System.RuntimeTypeHandle)
UnityEditor.EditorAssemblies:ProcessInitializeOnLoadAttributes (System.Type[]) (at /Users/bokken/build/output/unity/unity/Editor/Mono/EditorAssemblies.cs:119)

(Filename: ./Library/PackageCache/com.daniel-geo.unityhackatime@5ac210a9a2/Editor/Plugin.cs Line: 144)

Mono: successfully reloaded assembly
- Finished resetting the current domain, in  0.745 seconds
Domain Reload Profiling: 1203ms
	BeginReloadAssembly (118ms)
		ExecutionOrderSort (0ms)
		DisableScriptedObjects (4ms)
		BackupInstance (0ms)
		ReleaseScriptingObjects (0ms)
		CreateAndSetChildDomain (37ms)
	RebuildCommonClasses (24ms)
	RebuildNativeTypeToScriptingClass (8ms)
	initialDomainReloadingComplete (17ms)
	LoadAllAssembliesAndSetupDomain (291ms)
		LoadAssemblies (315ms)
		RebuildTransferFunctionScriptingTraits (0ms)
		AnalyzeDomain (27ms)
			TypeCache.Refresh (20ms)
				TypeCache.ScanAssembly (0ms)
			ScanForSourceGeneratedMonoScriptInfo (0ms)
			ResolveRequiredComponents (5ms)
	FinalizeReload (745ms)
		ReleaseScriptCaches (0ms)
		RebuildScriptCaches (0ms)
		SetupLoadedEditorAssemblies (387ms)
			LogAssemblyErrors (0ms)
			InitializePlatformSupportModulesInManaged (4ms)
			SetLoadedEditorAssemblies (3ms)
			RefreshPlugins (0ms)
			BeforeProcessingInitializeOnLoad (44ms)
			ProcessInitializeOnLoadAttributes (323ms)
			ProcessInitializeOnLoadMethodAttributes (12ms)
			AfterProcessingInitializeOnLoad (1ms)
			EditorAssembliesLoaded (0ms)
		ExecutionOrderSort2 (0ms)
		AwakeInstancesAfterBackupRestoration (3ms)
Refreshing native plugins compatible for Editor in 2.29 ms, found 3 plugins.
Preloading 0 native plugins for Editor in 0.00 ms.
Unloading 3682 Unused Serialized files (Serialized files now loaded: 0)
Unloading 47 unused Assets / (1.8 MB). Loaded Objects now: 4236.
Memory consumption went from 218.3 MB to 216.6 MB.
Total: 3.916959 ms (FindLiveObjects: 0.139917 ms CreateObjectMapping: 0.047417 ms MarkObjects: 3.362666 ms  DeleteObjects: 0.366292 ms)

Prepare: number of updated asset objects reloaded= 0
AssetImportParameters requested are different than current active one (requested -> active):
  custom:container-demuxer-ogg: 62fdf1f143b41e24485cea50d1cbac27 -> 
  custom:video-decoder-ogg-theora: a1e56fd34408186e4bbccfd4996cb3dc -> 
  custom:CustomObjectIndexerAttribute: 9a22284fe3817be447336de3de66b15e -> 
  custom:container-demuxer-webm: 4f35f7cbe854078d1ac9338744f61a02 -> 
  custom:container-muxer-webm: aa71ff27fc2769a1b78a27578f13a17b -> 
  custom:video-decoder-webm-vp8: 9c59270c3fd7afecdb556c50c9e8de78 -> 
  custom:SearchIndexIgnoredProperties: e643bd26f0fe6173181afceb89e7c659 -> 
  custom:AudioImporter_EditorPlatform: 3918e3fc78b5a79bad01e8451be0beb8 -> 
  custom:framework-osx-AVFoundation: e770b220cccbd017edd2c1fefb359320 -> 
  custom:video-encoder-webm-vp8: eb34c28f22e8b96e1ab97ce403110664 -> 
  custom:audio-decoder-ogg-vorbis: bf7c407c2cedff20999df2af8eb42d56 -> 
  custom:audio-encoder-webm-vorbis: bf7c407c2cedff20999df2af8eb42d56 -> 
========================================================================
Received Prepare
Begin MonoManager ReloadAssembly
Thread 0x16d8bb000 may have been prematurely finalized
- Loaded All Assemblies, in  0.471 seconds
Refreshing native plugins compatible for Editor in 3.07 ms, found 3 plugins.
Native extension for OSXStandalone target not found
<HackaTime> Initializing...
UnityEngine.StackTraceUtility:ExtractStackTrace () (at /Users/bokken/build/output/unity/unity/Runtime/Export/Scripting/StackTrace.cs:37)
UnityEngine.DebugLogHandler:LogFormat (UnityEngine.LogType,UnityEngine.Object,string,object[])
UnityEngine.Logger:Log (UnityEngine.LogType,object)
UnityEngine.Debug:Log (object)
WakaTime.Plugin:Initialize () (at ./Library/PackageCache/com.daniel-geo.unityhackatime@5ac210a9a2/Editor/Plugin.cs:76)
WakaTime.Plugin:.cctor () (at ./Library/PackageCache/com.daniel-geo.unityhackatime@5ac210a9a2/Editor/Plugin.cs:41)
System.Runtime.CompilerServices.RuntimeHelpers:RunClassConstructor (System.RuntimeTypeHandle)
UnityEditor.EditorAssemblies:ProcessInitializeOnLoadAttributes (System.Type[]) (at /Users/bokken/build/output/unity/unity/Editor/Mono/EditorAssemblies.cs:119)

(Filename: ./Library/PackageCache/com.daniel-geo.unityhackatime@5ac210a9a2/Editor/Plugin.cs Line: 76)

<HackaTime> Sending heartbeat...
UnityEngine.StackTraceUtility:ExtractStackTrace () (at /Users/bokken/build/output/unity/unity/Runtime/Export/Scripting/StackTrace.cs:37)
UnityEngine.DebugLogHandler:LogFormat (UnityEngine.LogType,UnityEngine.Object,string,object[])
UnityEngine.Logger:Log (UnityEngine.LogType,object)
UnityEngine.Debug:Log (object)
WakaTime.Plugin/<SendHeartbeat>d__29:MoveNext () (at ./Library/PackageCache/com.daniel-geo.unityhackatime@5ac210a9a2/Editor/Plugin.cs:144)
System.Runtime.CompilerServices.AsyncVoidMethodBuilder:Start<WakaTime.Plugin/<SendHeartbeat>d__29> (WakaTime.Plugin/<SendHeartbeat>d__29&)
WakaTime.Plugin:SendHeartbeat (bool)
WakaTime.Plugin:Initialize () (at ./Library/PackageCache/com.daniel-geo.unityhackatime@5ac210a9a2/Editor/Plugin.cs:78)
WakaTime.Plugin:.cctor () (at ./Library/PackageCache/com.daniel-geo.unityhackatime@5ac210a9a2/Editor/Plugin.cs:41)
System.Runtime.CompilerServices.RuntimeHelpers:RunClassConstructor (System.RuntimeTypeHandle)
UnityEditor.EditorAssemblies:ProcessInitializeOnLoadAttributes (System.Type[]) (at /Users/bokken/build/output/unity/unity/Editor/Mono/EditorAssemblies.cs:119)

(Filename: ./Library/PackageCache/com.daniel-geo.unityhackatime@5ac210a9a2/Editor/Plugin.cs Line: 144)

Mono: successfully reloaded assembly
- Finished resetting the current domain, in  1.302 seconds
Domain Reload Profiling: 1774ms
	BeginReloadAssembly (141ms)
		ExecutionOrderSort (0ms)
		DisableScriptedObjects (4ms)
		BackupInstance (0ms)
		ReleaseScriptingObjects (0ms)
		CreateAndSetChildDomain (57ms)
	RebuildCommonClasses (25ms)
	RebuildNativeTypeToScriptingClass (8ms)
	initialDomainReloadingComplete (16ms)
	LoadAllAssembliesAndSetupDomain (282ms)
		LoadAssemblies (316ms)
		RebuildTransferFunctionScriptingTraits (0ms)
		AnalyzeDomain (22ms)
			TypeCache.Refresh (14ms)
				TypeCache.ScanAssembly (0ms)
			ScanForSourceGeneratedMonoScriptInfo (0ms)
			ResolveRequiredComponents (5ms)
	FinalizeReload (1302ms)
		ReleaseScriptCaches (0ms)
		RebuildScriptCaches (0ms)
		SetupLoadedEditorAssemblies (424ms)
			LogAssemblyErrors (0ms)
			InitializePlatformSupportModulesInManaged (3ms)
			SetLoadedEditorAssemblies (3ms)
			RefreshPlugins (0ms)
			BeforeProcessingInitializeOnLoad (40ms)
			ProcessInitializeOnLoadAttributes (365ms)
			ProcessInitializeOnLoadMethodAttributes (13ms)
			AfterProcessingInitializeOnLoad (1ms)
			EditorAssembliesLoaded (0ms)
		ExecutionOrderSort2 (0ms)
		AwakeInstancesAfterBackupRestoration (3ms)
Refreshing native plugins compatible for Editor in 3.02 ms, found 3 plugins.
Preloading 0 native plugins for Editor in 0.00 ms.
Release of invalid GC handle. The handle is from a previous domain. The release operation is skipped.
Release of invalid GC handle native callstack: 
 #0 GetStacktrace(int)
 #1 ScriptingGCHandle::Release() const
 #2 ScriptingGCHandle::ReleaseAndClear()
 #3 UploadHandlerRaw::~UploadHandlerRaw()
 #4 UploadHandler::Release()
 #5 UnityWebRequestProto<UnityWebRequestTransport, AtomicRefCounter, RedirectHelper, ResponseHelper, DownloadHandler, UploadHandler, CertificateHandler, HeaderHelper, AsyncOperation>::~UnityWebRequestProto()
 #6 UnityWebRequestAsyncOperation::InvokeCoroutine()
 #7 UnityWebRequestProto<UnityWebRequestTransport, AtomicRefCounter, RedirectHelper, ResponseHelper, DownloadHandler, UploadHandler, CertificateHandler, HeaderHelper, AsyncOperation>::Job_InvokeCoroutine(AsyncOperation*)
 #8 BackgroundJobQueue::ExecuteMainThreadJobs()
 #9 PreloadManager::WaitForAllAsyncOperationsToComplete()
 #10 UnloadUnusedAssetsImmediate(bool, bool)
 #11 invocation function for block in AssetImportWorkerClient::HandleMessage(PrepareMessage const&)::$_4::operator()() const
 #12 _dispatch_client_callout
 #13 _dispatch_async_and_wait_invoke
 #14 _dispatch_client_callout
 #15 _dispatch_main_queue_drain.cold.6
 #16 _dispatch_main_queue_drain
 #17 _dispatch_main_queue_callback_4CF
 #18 __CFRUNLOOP_IS_SERVICING_THE_MAIN_DISPATCH_QUEUE__
 #19 __CFRunLoopRun
 #20 _CFRunLoopRunSpecificWithOptions
 #21 RunCurrentEventLoopInMode
 #22 ReceiveNextEventCommon
 #23 _BlockUntilNextEventMatchingListInMode
 #24 _DPSBlockUntilNextEventMatchingListInMode
 #25 _DPSNextEvent
 #26 -[NSApplication(NSEventRouting) _nextEventMatchingEventMask:untilDate:inMode:dequeue:]
 #27 -[NSApplication(NSEventRouting) nextEventMatchingMask:untilDate:inMode:dequeue:]
 #28 -[NSApplication run]
 #29 NSApplicationMain
 #30 EditorMain(int, char const**)
 #31 main
 #32 start
<HackaTime> Got response
{"id":2720759518,"user_id":61064,"branch":"main","category":"coding","dependencies":[],"editor":"unity","entity":"Unsaved Scene","language":"unity","machine":null,"operating_system":null,"project":"Duos","type":"file","user_agent":"unity-hackatime","line_additions":null,"line_deletions":null,"lineno":null,"lines":null,"cursorpos":null,"project_root_count":null,"time":1789275904.0,"is_write":false,"created_at":"2026-09-13T05:04:47.110Z","updated_at":"2026-09-13T05:04:47.110Z","fields_hash":"193ae4ba66b59749472805a9bc40adca","source_type":"direct_entry","ip_address":"2001:8003:cc20:b000:3c85:4bd:9b58:8559","deleted_at":null,"ja4_id":41,"ai_model":null,"ai_session":null,"ai_subscription_plan":null,"ai_input_tokens":null,"ai_output_tokens":null,"ai_prompt_length":null,"ai_line_changes":null,"human_line_changes":null}
UnityEngine.StackTraceUtility:ExtractStackTrace () (at /Users/bokken/build/output/unity/unity/Runtime/Export/Scripting/StackTrace.cs:37)
UnityEngine.DebugLogHandler:LogFormat (UnityEngine.LogType,UnityEngine.Object,string,object[])
UnityEngine.Logger:Log (UnityEngine.LogType,object)
UnityEngine.Debug:Log (object)
WakaTime.Plugin/<SendHeartbeat>d__29:MoveNext () (at ./Library/PackageCache/com.daniel-geo.unityhackatime@5ac210a9a2/Editor/Plugin.cs:187)
System.Runtime.CompilerServices.AsyncMethodBuilderCore/MoveNextRunner:InvokeMoveNext (object)
System.Threading.ExecutionContext:RunInternal (System.Threading.ExecutionContext,System.Threading.ContextCallback,object,bool)
System.Threading.ExecutionContext:Run (System.Threading.ExecutionContext,System.Threading.ContextCallback,object,bool)
System.Runtime.CompilerServices.AsyncMethodBuilderCore/MoveNextRunner:Run ()
System.Threading.Tasks.AwaitTaskContinuation:InvokeAction (object)
System.Threading.Tasks.AwaitTaskContinuation:RunCallback (System.Threading.ContextCallback,object,System.Threading.Tasks.Task&)
System.Threading.Tasks.SynchronizationContextAwaitTaskContinuation:Run (System.Threading.Tasks.Task,bool)
System.Threading.Tasks.Task:FinishContinuations ()
System.Threading.Tasks.Task:FinishStageThree ()
System.Threading.Tasks.Task`1<bool>:TrySetResult (bool)
System.Threading.Tasks.TaskCompletionSource`1<bool>:TrySetResult (bool)
WakaTime.Plugin/<>c__DisplayClass29_0:<SendHeartbeat>b__0 (UnityEngine.AsyncOperation) (at ./Library/PackageCache/com.daniel-geo.unityhackatime@5ac210a9a2/Editor/Plugin.cs:176)
UnityEngine.AsyncOperation:InvokeCompletionEvent () (at /Users/bokken/build/output/unity/unity/Runtime/Export/Scripting/AsyncOperation.cs:21)

(Filename: ./Library/PackageCache/com.daniel-geo.unityhackatime@5ac210a9a2/Editor/Plugin.cs Line: 187)

<HackaTime> Sent heartbeat!
UnityEngine.StackTraceUtility:ExtractStackTrace () (at /Users/bokken/build/output/unity/unity/Runtime/Export/Scripting/StackTrace.cs:37)
UnityEngine.DebugLogHandler:LogFormat (UnityEngine.LogType,UnityEngine.Object,string,object[])
UnityEngine.Logger:Log (UnityEngine.LogType,object)
UnityEngine.Debug:Log (object)
WakaTime.Plugin/<SendHeartbeat>d__29:MoveNext () (at ./Library/PackageCache/com.daniel-geo.unityhackatime@5ac210a9a2/Editor/Plugin.cs:203)
System.Runtime.CompilerServices.AsyncMethodBuilderCore/MoveNextRunner:InvokeMoveNext (object)
System.Threading.ExecutionContext:RunInternal (System.Threading.ExecutionContext,System.Threading.ContextCallback,object,bool)
System.Threading.ExecutionContext:Run (System.Threading.ExecutionContext,System.Threading.ContextCallback,object,bool)
System.Runtime.CompilerServices.AsyncMethodBuilderCore/MoveNextRunner:Run ()
System.Threading.Tasks.AwaitTaskContinuation:InvokeAction (object)
System.Threading.Tasks.AwaitTaskContinuation:RunCallback (System.Threading.ContextCallback,object,System.Threading.Tasks.Task&)
System.Threading.Tasks.SynchronizationContextAwaitTaskContinuation:Run (System.Threading.Tasks.Task,bool)
System.Threading.Tasks.Task:FinishContinuations ()
System.Threading.Tasks.Task:FinishStageThree ()
System.Threading.Tasks.Task`1<bool>:TrySetResult (bool)
System.Threading.Tasks.TaskCompletionSource`1<bool>:TrySetResult (bool)
WakaTime.Plugin/<>c__DisplayClass29_0:<SendHeartbeat>b__0 (UnityEngine.AsyncOperation) (at ./Library/PackageCache/com.daniel-geo.unityhackatime@5ac210a9a2/Editor/Plugin.cs:176)
UnityEngine.AsyncOperation:InvokeCompletionEvent () (at /Users/bokken/build/output/unity/unity/Runtime/Export/Scripting/AsyncOperation.cs:21)

(Filename: ./Library/PackageCache/com.daniel-geo.unityhackatime@5ac210a9a2/Editor/Plugin.cs Line: 203)

Unloading 3682 Unused Serialized files (Serialized files now loaded: 0)
Unloading 47 unused Assets / (1.8 MB). Loaded Objects now: 4240.
Memory consumption went from 225.5 MB to 223.7 MB.
Total: 4.730334 ms (FindLiveObjects: 0.560542 ms CreateObjectMapping: 0.118208 ms MarkObjects: 3.745792 ms  DeleteObjects: 0.305250 ms)

Prepare: number of updated asset objects reloaded= 0
AssetImportParameters requested are different than current active one (requested -> active):
  custom:container-demuxer-ogg: 62fdf1f143b41e24485cea50d1cbac27 -> 
  custom:video-decoder-ogg-theora: a1e56fd34408186e4bbccfd4996cb3dc -> 
  custom:CustomObjectIndexerAttribute: 9a22284fe3817be447336de3de66b15e -> 
  custom:container-demuxer-webm: 4f35f7cbe854078d1ac9338744f61a02 -> 
  custom:container-muxer-webm: aa71ff27fc2769a1b78a27578f13a17b -> 
  custom:video-decoder-webm-vp8: 9c59270c3fd7afecdb556c50c9e8de78 -> 
  custom:SearchIndexIgnoredProperties: e643bd26f0fe6173181afceb89e7c659 -> 
  custom:AudioImporter_EditorPlatform: 3918e3fc78b5a79bad01e8451be0beb8 -> 
  custom:framework-osx-AVFoundation: e770b220cccbd017edd2c1fefb359320 -> 
  custom:video-encoder-webm-vp8: eb34c28f22e8b96e1ab97ce403110664 -> 
  custom:audio-decoder-ogg-vorbis: bf7c407c2cedff20999df2af8eb42d56 -> 
  custom:audio-encoder-webm-vorbis: bf7c407c2cedff20999df2af8eb42d56 -> 
========================================================================
Received Prepare
Begin MonoManager ReloadAssembly
Thread 0x16d8bb000 may have been prematurely finalized
- Loaded All Assemblies, in  0.761 seconds
Refreshing native plugins compatible for Editor in 4.22 ms, found 3 plugins.
Native extension for OSXStandalone target not found
<HackaTime> Initializing...
UnityEngine.StackTraceUtility:ExtractStackTrace () (at /Users/bokken/build/output/unity/unity/Runtime/Export/Scripting/StackTrace.cs:37)
UnityEngine.DebugLogHandler:LogFormat (UnityEngine.LogType,UnityEngine.Object,string,object[])
UnityEngine.Logger:Log (UnityEngine.LogType,object)
UnityEngine.Debug:Log (object)
WakaTime.Plugin:Initialize () (at ./Library/PackageCache/com.daniel-geo.unityhackatime@5ac210a9a2/Editor/Plugin.cs:76)
WakaTime.Plugin:.cctor () (at ./Library/PackageCache/com.daniel-geo.unityhackatime@5ac210a9a2/Editor/Plugin.cs:41)
System.Runtime.CompilerServices.RuntimeHelpers:RunClassConstructor (System.RuntimeTypeHandle)
UnityEditor.EditorAssemblies:ProcessInitializeOnLoadAttributes (System.Type[]) (at /Users/bokken/build/output/unity/unity/Editor/Mono/EditorAssemblies.cs:119)

(Filename: ./Library/PackageCache/com.daniel-geo.unityhackatime@5ac210a9a2/Editor/Plugin.cs Line: 76)

<HackaTime> Sending heartbeat...
UnityEngine.StackTraceUtility:ExtractStackTrace () (at /Users/bokken/build/output/unity/unity/Runtime/Export/Scripting/StackTrace.cs:37)
UnityEngine.DebugLogHandler:LogFormat (UnityEngine.LogType,UnityEngine.Object,string,object[])
UnityEngine.Logger:Log (UnityEngine.LogType,object)
UnityEngine.Debug:Log (object)
WakaTime.Plugin/<SendHeartbeat>d__29:MoveNext () (at ./Library/PackageCache/com.daniel-geo.unityhackatime@5ac210a9a2/Editor/Plugin.cs:144)
System.Runtime.CompilerServices.AsyncVoidMethodBuilder:Start<WakaTime.Plugin/<SendHeartbeat>d__29> (WakaTime.Plugin/<SendHeartbeat>d__29&)
WakaTime.Plugin:SendHeartbeat (bool)
WakaTime.Plugin:Initialize () (at ./Library/PackageCache/com.daniel-geo.unityhackatime@5ac210a9a2/Editor/Plugin.cs:78)
WakaTime.Plugin:.cctor () (at ./Library/PackageCache/com.daniel-geo.unityhackatime@5ac210a9a2/Editor/Plugin.cs:41)
System.Runtime.CompilerServices.RuntimeHelpers:RunClassConstructor (System.RuntimeTypeHandle)
UnityEditor.EditorAssemblies:ProcessInitializeOnLoadAttributes (System.Type[]) (at /Users/bokken/build/output/unity/unity/Editor/Mono/EditorAssemblies.cs:119)

(Filename: ./Library/PackageCache/com.daniel-geo.unityhackatime@5ac210a9a2/Editor/Plugin.cs Line: 144)

Mono: successfully reloaded assembly
- Finished resetting the current domain, in  2.735 seconds
Domain Reload Profiling: 3498ms
	BeginReloadAssembly (349ms)
		ExecutionOrderSort (0ms)
		DisableScriptedObjects (21ms)
		BackupInstance (0ms)
		ReleaseScriptingObjects (0ms)
		CreateAndSetChildDomain (98ms)
	RebuildCommonClasses (28ms)
	RebuildNativeTypeToScriptingClass (8ms)
	initialDomainReloadingComplete (16ms)
	LoadAllAssembliesAndSetupDomain (361ms)
		LoadAssemblies (495ms)
		RebuildTransferFunctionScriptingTraits (0ms)
		AnalyzeDomain (25ms)
			TypeCache.Refresh (16ms)
				TypeCache.ScanAssembly (0ms)
			ScanForSourceGeneratedMonoScriptInfo (0ms)
			ResolveRequiredComponents (7ms)
	FinalizeReload (2735ms)
		ReleaseScriptCaches (0ms)
		RebuildScriptCaches (0ms)
		SetupLoadedEditorAssemblies (375ms)
			LogAssemblyErrors (0ms)
			InitializePlatformSupportModulesInManaged (5ms)
			SetLoadedEditorAssemblies (3ms)
			RefreshPlugins (0ms)
			BeforeProcessingInitializeOnLoad (34ms)
			ProcessInitializeOnLoadAttributes (321ms)
			ProcessInitializeOnLoadMethodAttributes (11ms)
			AfterProcessingInitializeOnLoad (1ms)
			EditorAssembliesLoaded (0ms)
		ExecutionOrderSort2 (0ms)
		AwakeInstancesAfterBackupRestoration (2ms)
Refreshing native plugins compatible for Editor in 3.28 ms, found 3 plugins.
Preloading 0 native plugins for Editor in 0.00 ms.
<HackaTime> Got response
{"id":2720825945,"user_id":61064,"branch":"main","category":"coding","dependencies":[],"editor":"unity","entity":"Unsaved Scene","language":"unity","machine":null,"operating_system":null,"project":"Duos","type":"file","user_agent":"unity-hackatime","line_additions":null,"line_deletions":null,"lineno":null,"lines":null,"cursorpos":null,"project_root_count":null,"time":1789283840.0,"is_write":false,"created_at":"2026-09-13T07:18:05.072Z","updated_at":"2026-09-13T07:18:05.072Z","fields_hash":"917822c0715ac5fea7e7e4a76fd216a2","source_type":"direct_entry","ip_address":"2001:8003:cc20:b000:3c85:4bd:9b58:8559","deleted_at":null,"ja4_id":41,"ai_model":null,"ai_session":null,"ai_subscription_plan":null,"ai_input_tokens":null,"ai_output_tokens":null,"ai_prompt_length":null,"ai_line_changes":null,"human_line_changes":null}
UnityEngine.StackTraceUtility:ExtractStackTrace () (at /Users/bokken/build/output/unity/unity/Runtime/Export/Scripting/StackTrace.cs:37)
UnityEngine.DebugLogHandler:LogFormat (UnityEngine.LogType,UnityEngine.Object,string,object[])
UnityEngine.Logger:Log (UnityEngine.LogType,object)
UnityEngine.Debug:Log (object)
WakaTime.Plugin/<SendHeartbeat>d__29:MoveNext () (at ./Library/PackageCache/com.daniel-geo.unityhackatime@5ac210a9a2/Editor/Plugin.cs:187)
System.Runtime.CompilerServices.AsyncMethodBuilderCore/MoveNextRunner:InvokeMoveNext (object)
System.Threading.ExecutionContext:RunInternal (System.Threading.ExecutionContext,System.Threading.ContextCallback,object,bool)
System.Threading.ExecutionContext:Run (System.Threading.ExecutionContext,System.Threading.ContextCallback,object,bool)
System.Runtime.CompilerServices.AsyncMethodBuilderCore/MoveNextRunner:Run ()
System.Threading.Tasks.AwaitTaskContinuation:InvokeAction (object)
System.Threading.Tasks.AwaitTaskContinuation:RunCallback (System.Threading.ContextCallback,object,System.Threading.Tasks.Task&)
System.Threading.Tasks.SynchronizationContextAwaitTaskContinuation:Run (System.Threading.Tasks.Task,bool)
System.Threading.Tasks.Task:FinishContinuations ()
System.Threading.Tasks.Task:FinishStageThree ()
System.Threading.Tasks.Task`1<bool>:TrySetResult (bool)
System.Threading.Tasks.TaskCompletionSource`1<bool>:TrySetResult (bool)
WakaTime.Plugin/<>c__DisplayClass29_0:<SendHeartbeat>b__0 (UnityEngine.AsyncOperation) (at ./Library/PackageCache/com.daniel-geo.unityhackatime@5ac210a9a2/Editor/Plugin.cs:176)
UnityEngine.AsyncOperation:InvokeCompletionEvent () (at /Users/bokken/build/output/unity/unity/Runtime/Export/Scripting/AsyncOperation.cs:21)

(Filename: ./Library/PackageCache/com.daniel-geo.unityhackatime@5ac210a9a2/Editor/Plugin.cs Line: 187)

<HackaTime> Sent heartbeat!
UnityEngine.StackTraceUtility:ExtractStackTrace () (at /Users/bokken/build/output/unity/unity/Runtime/Export/Scripting/StackTrace.cs:37)
UnityEngine.DebugLogHandler:LogFormat (UnityEngine.LogType,UnityEngine.Object,string,object[])
UnityEngine.Logger:Log (UnityEngine.LogType,object)
UnityEngine.Debug:Log (object)
WakaTime.Plugin/<SendHeartbeat>d__29:MoveNext () (at ./Library/PackageCache/com.daniel-geo.unityhackatime@5ac210a9a2/Editor/Plugin.cs:203)
System.Runtime.CompilerServices.AsyncMethodBuilderCore/MoveNextRunner:InvokeMoveNext (object)
System.Threading.ExecutionContext:RunInternal (System.Threading.ExecutionContext,System.Threading.ContextCallback,object,bool)
System.Threading.ExecutionContext:Run (System.Threading.ExecutionContext,System.Threading.ContextCallback,object,bool)
System.Runtime.CompilerServices.AsyncMethodBuilderCore/MoveNextRunner:Run ()
System.Threading.Tasks.AwaitTaskContinuation:InvokeAction (object)
System.Threading.Tasks.AwaitTaskContinuation:RunCallback (System.Threading.ContextCallback,object,System.Threading.Tasks.Task&)
System.Threading.Tasks.SynchronizationContextAwaitTaskContinuation:Run (System.Threading.Tasks.Task,bool)
System.Threading.Tasks.Task:FinishContinuations ()
System.Threading.Tasks.Task:FinishStageThree ()
System.Threading.Tasks.Task`1<bool>:TrySetResult (bool)
System.Threading.Tasks.TaskCompletionSource`1<bool>:TrySetResult (bool)
WakaTime.Plugin/<>c__DisplayClass29_0:<SendHeartbeat>b__0 (UnityEngine.AsyncOperation) (at ./Library/PackageCache/com.daniel-geo.unityhackatime@5ac210a9a2/Editor/Plugin.cs:176)
UnityEngine.AsyncOperation:InvokeCompletionEvent () (at /Users/bokken/build/output/unity/unity/Runtime/Export/Scripting/AsyncOperation.cs:21)

(Filename: ./Library/PackageCache/com.daniel-geo.unityhackatime@5ac210a9a2/Editor/Plugin.cs Line: 203)

Unloading 3682 Unused Serialized files (Serialized files now loaded: 0)
Unloading 47 unused Assets / (1.8 MB). Loaded Objects now: 4244.
Memory consumption went from 232.6 MB to 230.8 MB.
Total: 3.205084 ms (FindLiveObjects: 0.187667 ms CreateObjectMapping: 0.048458 ms MarkObjects: 2.761958 ms  DeleteObjects: 0.206292 ms)

Prepare: number of updated asset objects reloaded= 0
AssetImportParameters requested are different than current active one (requested -> active):
  custom:container-demuxer-ogg: 62fdf1f143b41e24485cea50d1cbac27 -> 
  custom:video-decoder-ogg-theora: a1e56fd34408186e4bbccfd4996cb3dc -> 
  custom:CustomObjectIndexerAttribute: 9a22284fe3817be447336de3de66b15e -> 
  custom:container-demuxer-webm: 4f35f7cbe854078d1ac9338744f61a02 -> 
  custom:container-muxer-webm: aa71ff27fc2769a1b78a27578f13a17b -> 
  custom:video-decoder-webm-vp8: 9c59270c3fd7afecdb556c50c9e8de78 -> 
  custom:SearchIndexIgnoredProperties: e643bd26f0fe6173181afceb89e7c659 -> 
  custom:AudioImporter_EditorPlatform: 3918e3fc78b5a79bad01e8451be0beb8 -> 
  custom:framework-osx-AVFoundation: e770b220cccbd017edd2c1fefb359320 -> 
  custom:video-encoder-webm-vp8: eb34c28f22e8b96e1ab97ce403110664 -> 
  custom:audio-decoder-ogg-vorbis: bf7c407c2cedff20999df2af8eb42d56 -> 
  custom:audio-encoder-webm-vorbis: bf7c407c2cedff20999df2af8eb42d56 -> 
========================================================================
Received Prepare
Begin MonoManager ReloadAssembly
Thread 0x16d8bb000 may have been prematurely finalized
- Loaded All Assemblies, in  0.493 seconds
Refreshing native plugins compatible for Editor in 2.65 ms, found 3 plugins.
Native extension for OSXStandalone target not found
<HackaTime> Initializing...
UnityEngine.StackTraceUtility:ExtractStackTrace () (at /Users/bokken/build/output/unity/unity/Runtime/Export/Scripting/StackTrace.cs:37)
UnityEngine.DebugLogHandler:LogFormat (UnityEngine.LogType,UnityEngine.Object,string,object[])
UnityEngine.Logger:Log (UnityEngine.LogType,object)
UnityEngine.Debug:Log (object)
WakaTime.Plugin:Initialize () (at ./Library/PackageCache/com.daniel-geo.unityhackatime@5ac210a9a2/Editor/Plugin.cs:76)
WakaTime.Plugin:.cctor () (at ./Library/PackageCache/com.daniel-geo.unityhackatime@5ac210a9a2/Editor/Plugin.cs:41)
System.Runtime.CompilerServices.RuntimeHelpers:RunClassConstructor (System.RuntimeTypeHandle)
UnityEditor.EditorAssemblies:ProcessInitializeOnLoadAttributes (System.Type[]) (at /Users/bokken/build/output/unity/unity/Editor/Mono/EditorAssemblies.cs:119)

(Filename: ./Library/PackageCache/com.daniel-geo.unityhackatime@5ac210a9a2/Editor/Plugin.cs Line: 76)

<HackaTime> Sending heartbeat...
UnityEngine.StackTraceUtility:ExtractStackTrace () (at /Users/bokken/build/output/unity/unity/Runtime/Export/Scripting/StackTrace.cs:37)
UnityEngine.DebugLogHandler:LogFormat (UnityEngine.LogType,UnityEngine.Object,string,object[])
UnityEngine.Logger:Log (UnityEngine.LogType,object)
UnityEngine.Debug:Log (object)
WakaTime.Plugin/<SendHeartbeat>d__29:MoveNext () (at ./Library/PackageCache/com.daniel-geo.unityhackatime@5ac210a9a2/Editor/Plugin.cs:144)
System.Runtime.CompilerServices.AsyncVoidMethodBuilder:Start<WakaTime.Plugin/<SendHeartbeat>d__29> (WakaTime.Plugin/<SendHeartbeat>d__29&)
WakaTime.Plugin:SendHeartbeat (bool)
WakaTime.Plugin:Initialize () (at ./Library/PackageCache/com.daniel-geo.unityhackatime@5ac210a9a2/Editor/Plugin.cs:78)
WakaTime.Plugin:.cctor () (at ./Library/PackageCache/com.daniel-geo.unityhackatime@5ac210a9a2/Editor/Plugin.cs:41)
System.Runtime.CompilerServices.RuntimeHelpers:RunClassConstructor (System.RuntimeTypeHandle)
UnityEditor.EditorAssemblies:ProcessInitializeOnLoadAttributes (System.Type[]) (at /Users/bokken/build/output/unity/unity/Editor/Mono/EditorAssemblies.cs:119)

(Filename: ./Library/PackageCache/com.daniel-geo.unityhackatime@5ac210a9a2/Editor/Plugin.cs Line: 144)

Mono: successfully reloaded assembly
- Finished resetting the current domain, in  1.132 seconds
Domain Reload Profiling: 1626ms
	BeginReloadAssembly (133ms)
		ExecutionOrderSort (0ms)
		DisableScriptedObjects (5ms)
		BackupInstance (0ms)
		ReleaseScriptingObjects (0ms)
		CreateAndSetChildDomain (47ms)
	RebuildCommonClasses (24ms)
	RebuildNativeTypeToScriptingClass (8ms)
	initialDomainReloadingComplete (15ms)
	LoadAllAssembliesAndSetupDomain (313ms)
		LoadAssemblies (345ms)
		RebuildTransferFunctionScriptingTraits (0ms)
		AnalyzeDomain (19ms)
			TypeCache.Refresh (13ms)
				TypeCache.ScanAssembly (0ms)
			ScanForSourceGeneratedMonoScriptInfo (0ms)
			ResolveRequiredComponents (5ms)
	FinalizeReload (1132ms)
		ReleaseScriptCaches (0ms)
		RebuildScriptCaches (0ms)
		SetupLoadedEditorAssemblies (391ms)
			LogAssemblyErrors (0ms)
			InitializePlatformSupportModulesInManaged (4ms)
			SetLoadedEditorAssemblies (2ms)
			RefreshPlugins (0ms)
			BeforeProcessingInitializeOnLoad (41ms)
			ProcessInitializeOnLoadAttributes (330ms)
			ProcessInitializeOnLoadMethodAttributes (12ms)
			AfterProcessingInitializeOnLoad (1ms)
			EditorAssembliesLoaded (0ms)
		ExecutionOrderSort2 (0ms)
		AwakeInstancesAfterBackupRestoration (3ms)
Refreshing native plugins compatible for Editor in 2.88 ms, found 3 plugins.
Preloading 0 native plugins for Editor in 0.00 ms.
<HackaTime> Got response
{"id":2720825945,"user_id":61064,"branch":"main","category":"coding","dependencies":[],"editor":"unity","entity":"Unsaved Scene","language":"unity","machine":null,"operating_system":null,"project":"Duos","type":"file","user_agent":"unity-hackatime","line_additions":null,"line_deletions":null,"lineno":null,"lines":null,"cursorpos":null,"project_root_count":null,"time":1789283840.0,"is_write":false,"created_at":"2026-09-13T07:18:05.072Z","updated_at":"2026-09-13T07:18:05.072Z","fields_hash":"917822c0715ac5fea7e7e4a76fd216a2","source_type":"direct_entry","ip_address":"2001:8003:cc20:b000:3c85:4bd:9b58:8559","deleted_at":null,"ja4_id":41,"ai_model":null,"ai_session":null,"ai_subscription_plan":null,"ai_input_tokens":null,"ai_output_tokens":null,"ai_prompt_length":null,"ai_line_changes":null,"human_line_changes":null}
UnityEngine.StackTraceUtility:ExtractStackTrace () (at /Users/bokken/build/output/unity/unity/Runtime/Export/Scripting/StackTrace.cs:37)
UnityEngine.DebugLogHandler:LogFormat (UnityEngine.LogType,UnityEngine.Object,string,object[])
UnityEngine.Logger:Log (UnityEngine.LogType,object)
UnityEngine.Debug:Log (object)
WakaTime.Plugin/<SendHeartbeat>d__29:MoveNext () (at ./Library/PackageCache/com.daniel-geo.unityhackatime@5ac210a9a2/Editor/Plugin.cs:187)
System.Runtime.CompilerServices.AsyncMethodBuilderCore/MoveNextRunner:InvokeMoveNext (object)
System.Threading.ExecutionContext:RunInternal (System.Threading.ExecutionContext,System.Threading.ContextCallback,object,bool)
System.Threading.ExecutionContext:Run (System.Threading.ExecutionContext,System.Threading.ContextCallback,object,bool)
System.Runtime.CompilerServices.AsyncMethodBuilderCore/MoveNextRunner:Run ()
System.Threading.Tasks.AwaitTaskContinuation:InvokeAction (object)
System.Threading.Tasks.AwaitTaskContinuation:RunCallback (System.Threading.ContextCallback,object,System.Threading.Tasks.Task&)
System.Threading.Tasks.SynchronizationContextAwaitTaskContinuation:Run (System.Threading.Tasks.Task,bool)
System.Threading.Tasks.Task:FinishContinuations ()
System.Threading.Tasks.Task:FinishStageThree ()
System.Threading.Tasks.Task`1<bool>:TrySetResult (bool)
System.Threading.Tasks.TaskCompletionSource`1<bool>:TrySetResult (bool)
WakaTime.Plugin/<>c__DisplayClass29_0:<SendHeartbeat>b__0 (UnityEngine.AsyncOperation) (at ./Library/PackageCache/com.daniel-geo.unityhackatime@5ac210a9a2/Editor/Plugin.cs:176)
UnityEngine.AsyncOperation:InvokeCompletionEvent () (at /Users/bokken/build/output/unity/unity/Runtime/Export/Scripting/AsyncOperation.cs:21)

(Filename: ./Library/PackageCache/com.daniel-geo.unityhackatime@5ac210a9a2/Editor/Plugin.cs Line: 187)

<HackaTime> Sent heartbeat!
UnityEngine.StackTraceUtility:ExtractStackTrace () (at /Users/bokken/build/output/unity/unity/Runtime/Export/Scripting/StackTrace.cs:37)
UnityEngine.DebugLogHandler:LogFormat (UnityEngine.LogType,UnityEngine.Object,string,object[])
UnityEngine.Logger:Log (UnityEngine.LogType,object)
UnityEngine.Debug:Log (object)
WakaTime.Plugin/<SendHeartbeat>d__29:MoveNext () (at ./Library/PackageCache/com.daniel-geo.unityhackatime@5ac210a9a2/Editor/Plugin.cs:203)
System.Runtime.CompilerServices.AsyncMethodBuilderCore/MoveNextRunner:InvokeMoveNext (object)
System.Threading.ExecutionContext:RunInternal (System.Threading.ExecutionContext,System.Threading.ContextCallback,object,bool)
System.Threading.ExecutionContext:Run (System.Threading.ExecutionContext,System.Threading.ContextCallback,object,bool)
System.Runtime.CompilerServices.AsyncMethodBuilderCore/MoveNextRunner:Run ()
System.Threading.Tasks.AwaitTaskContinuation:InvokeAction (object)
System.Threading.Tasks.AwaitTaskContinuation:RunCallback (System.Threading.ContextCallback,object,System.Threading.Tasks.Task&)
System.Threading.Tasks.SynchronizationContextAwaitTaskContinuation:Run (System.Threading.Tasks.Task,bool)
System.Threading.Tasks.Task:FinishContinuations ()
System.Threading.Tasks.Task:FinishStageThree ()
System.Threading.Tasks.Task`1<bool>:TrySetResult (bool)
System.Threading.Tasks.TaskCompletionSource`1<bool>:TrySetResult (bool)
WakaTime.Plugin/<>c__DisplayClass29_0:<SendHeartbeat>b__0 (UnityEngine.AsyncOperation) (at ./Library/PackageCache/com.daniel-geo.unityhackatime@5ac210a9a2/Editor/Plugin.cs:176)
UnityEngine.AsyncOperation:InvokeCompletionEvent () (at /Users/bokken/build/output/unity/unity/Runtime/Export/Scripting/AsyncOperation.cs:21)

(Filename: ./Library/PackageCache/com.daniel-geo.unityhackatime@5ac210a9a2/Editor/Plugin.cs Line: 203)

Unloading 3682 Unused Serialized files (Serialized files now loaded: 0)
Unloading 47 unused Assets / (1.8 MB). Loaded Objects now: 4248.
Memory consumption went from 239.7 MB to 238.0 MB.
Total: 3.437333 ms (FindLiveObjects: 0.179416 ms CreateObjectMapping: 0.047542 ms MarkObjects: 2.969708 ms  DeleteObjects: 0.239958 ms)

Prepare: number of updated asset objects reloaded= 0
AssetImportParameters requested are different than current active one (requested -> active):
  custom:container-demuxer-ogg: 62fdf1f143b41e24485cea50d1cbac27 -> 
  custom:video-decoder-ogg-theora: a1e56fd34408186e4bbccfd4996cb3dc -> 
  custom:CustomObjectIndexerAttribute: 9a22284fe3817be447336de3de66b15e -> 
  custom:container-demuxer-webm: 4f35f7cbe854078d1ac9338744f61a02 -> 
  custom:container-muxer-webm: aa71ff27fc2769a1b78a27578f13a17b -> 
  custom:video-decoder-webm-vp8: 9c59270c3fd7afecdb556c50c9e8de78 -> 
  custom:SearchIndexIgnoredProperties: e643bd26f0fe6173181afceb89e7c659 -> 
  custom:AudioImporter_EditorPlatform: 3918e3fc78b5a79bad01e8451be0beb8 -> 
  custom:framework-osx-AVFoundation: e770b220cccbd017edd2c1fefb359320 -> 
  custom:video-encoder-webm-vp8: eb34c28f22e8b96e1ab97ce403110664 -> 
  custom:audio-decoder-ogg-vorbis: bf7c407c2cedff20999df2af8eb42d56 -> 
  custom:audio-encoder-webm-vorbis: bf7c407c2cedff20999df2af8eb42d56 -> 
========================================================================
Received Prepare
Begin MonoManager ReloadAssembly
Thread 0x16d8bb000 may have been prematurely finalized
- Loaded All Assemblies, in  0.453 seconds
Refreshing native plugins compatible for Editor in 2.13 ms, found 3 plugins.
Native extension for OSXStandalone target not found
<HackaTime> Initializing...
UnityEngine.StackTraceUtility:ExtractStackTrace () (at /Users/bokken/build/output/unity/unity/Runtime/Export/Scripting/StackTrace.cs:37)
UnityEngine.DebugLogHandler:LogFormat (UnityEngine.LogType,UnityEngine.Object,string,object[])
UnityEngine.Logger:Log (UnityEngine.LogType,object)
UnityEngine.Debug:Log (object)
WakaTime.Plugin:Initialize () (at ./Library/PackageCache/com.daniel-geo.unityhackatime@5ac210a9a2/Editor/Plugin.cs:76)
WakaTime.Plugin:.cctor () (at ./Library/PackageCache/com.daniel-geo.unityhackatime@5ac210a9a2/Editor/Plugin.cs:41)
System.Runtime.CompilerServices.RuntimeHelpers:RunClassConstructor (System.RuntimeTypeHandle)
UnityEditor.EditorAssemblies:ProcessInitializeOnLoadAttributes (System.Type[]) (at /Users/bokken/build/output/unity/unity/Editor/Mono/EditorAssemblies.cs:119)

(Filename: ./Library/PackageCache/com.daniel-geo.unityhackatime@5ac210a9a2/Editor/Plugin.cs Line: 76)

<HackaTime> Sending heartbeat...
UnityEngine.StackTraceUtility:ExtractStackTrace () (at /Users/bokken/build/output/unity/unity/Runtime/Export/Scripting/StackTrace.cs:37)
UnityEngine.DebugLogHandler:LogFormat (UnityEngine.LogType,UnityEngine.Object,string,object[])
UnityEngine.Logger:Log (UnityEngine.LogType,object)
UnityEngine.Debug:Log (object)
WakaTime.Plugin/<SendHeartbeat>d__29:MoveNext () (at ./Library/PackageCache/com.daniel-geo.unityhackatime@5ac210a9a2/Editor/Plugin.cs:144)
System.Runtime.CompilerServices.AsyncVoidMethodBuilder:Start<WakaTime.Plugin/<SendHeartbeat>d__29> (WakaTime.Plugin/<SendHeartbeat>d__29&)
WakaTime.Plugin:SendHeartbeat (bool)
WakaTime.Plugin:Initialize () (at ./Library/PackageCache/com.daniel-geo.unityhackatime@5ac210a9a2/Editor/Plugin.cs:78)
WakaTime.Plugin:.cctor () (at ./Library/PackageCache/com.daniel-geo.unityhackatime@5ac210a9a2/Editor/Plugin.cs:41)
System.Runtime.CompilerServices.RuntimeHelpers:RunClassConstructor (System.RuntimeTypeHandle)
UnityEditor.EditorAssemblies:ProcessInitializeOnLoadAttributes (System.Type[]) (at /Users/bokken/build/output/unity/unity/Editor/Mono/EditorAssemblies.cs:119)

(Filename: ./Library/PackageCache/com.daniel-geo.unityhackatime@5ac210a9a2/Editor/Plugin.cs Line: 144)

Mono: successfully reloaded assembly
- Finished resetting the current domain, in  1.230 seconds
Domain Reload Profiling: 1684ms
	BeginReloadAssembly (128ms)
		ExecutionOrderSort (0ms)
		DisableScriptedObjects (4ms)
		BackupInstance (0ms)
		ReleaseScriptingObjects (0ms)
		CreateAndSetChildDomain (51ms)
	RebuildCommonClasses (26ms)
	RebuildNativeTypeToScriptingClass (9ms)
	initialDomainReloadingComplete (26ms)
	LoadAllAssembliesAndSetupDomain (264ms)
		LoadAssemblies (281ms)
		RebuildTransferFunctionScriptingTraits (0ms)
		AnalyzeDomain (27ms)
			TypeCache.Refresh (20ms)
				TypeCache.ScanAssembly (0ms)
			ScanForSourceGeneratedMonoScriptInfo (0ms)
			ResolveRequiredComponents (7ms)
	FinalizeReload (1231ms)
		ReleaseScriptCaches (0ms)
		RebuildScriptCaches (0ms)
		SetupLoadedEditorAssemblies (391ms)
			LogAssemblyErrors (0ms)
			InitializePlatformSupportModulesInManaged (3ms)
			SetLoadedEditorAssemblies (3ms)
			RefreshPlugins (0ms)
			BeforeProcessingInitializeOnLoad (38ms)
			ProcessInitializeOnLoadAttributes (334ms)
			ProcessInitializeOnLoadMethodAttributes (13ms)
			AfterProcessingInitializeOnLoad (1ms)
			EditorAssembliesLoaded (0ms)
		ExecutionOrderSort2 (0ms)
		AwakeInstancesAfterBackupRestoration (3ms)
Refreshing native plugins compatible for Editor in 2.55 ms, found 3 plugins.
Preloading 0 native plugins for Editor in 0.00 ms.
<HackaTime> Got response
{"id":2720827500,"user_id":61064,"branch":"main","category":"coding","dependencies":[],"editor":"unity","entity":"Unsaved Scene","language":"unity","machine":null,"operating_system":null,"project":"Duos","type":"file","user_agent":"unity-hackatime","line_additions":null,"line_deletions":null,"lineno":null,"lines":null,"cursorpos":null,"project_root_count":null,"time":1789284096.0,"is_write":false,"created_at":"2026-09-13T07:21:08.802Z","updated_at":"2026-09-13T07:21:08.802Z","fields_hash":"a1235e9085f44626dfb9c03f045f827b","source_type":"direct_entry","ip_address":"2001:8003:cc20:b000:3c85:4bd:9b58:8559","deleted_at":null,"ja4_id":41,"ai_model":null,"ai_session":null,"ai_subscription_plan":null,"ai_input_tokens":null,"ai_output_tokens":null,"ai_prompt_length":null,"ai_line_changes":null,"human_line_changes":null}
UnityEngine.StackTraceUtility:ExtractStackTrace () (at /Users/bokken/build/output/unity/unity/Runtime/Export/Scripting/StackTrace.cs:37)
UnityEngine.DebugLogHandler:LogFormat (UnityEngine.LogType,UnityEngine.Object,string,object[])
UnityEngine.Logger:Log (UnityEngine.LogType,object)
UnityEngine.Debug:Log (object)
WakaTime.Plugin/<SendHeartbeat>d__29:MoveNext () (at ./Library/PackageCache/com.daniel-geo.unityhackatime@5ac210a9a2/Editor/Plugin.cs:187)
System.Runtime.CompilerServices.AsyncMethodBuilderCore/MoveNextRunner:InvokeMoveNext (object)
System.Threading.ExecutionContext:RunInternal (System.Threading.ExecutionContext,System.Threading.ContextCallback,object,bool)
System.Threading.ExecutionContext:Run (System.Threading.ExecutionContext,System.Threading.ContextCallback,object,bool)
System.Runtime.CompilerServices.AsyncMethodBuilderCore/MoveNextRunner:Run ()
System.Threading.Tasks.AwaitTaskContinuation:InvokeAction (object)
System.Threading.Tasks.AwaitTaskContinuation:RunCallback (System.Threading.ContextCallback,object,System.Threading.Tasks.Task&)
System.Threading.Tasks.SynchronizationContextAwaitTaskContinuation:Run (System.Threading.Tasks.Task,bool)
System.Threading.Tasks.Task:FinishContinuations ()
System.Threading.Tasks.Task:FinishStageThree ()
System.Threading.Tasks.Task`1<bool>:TrySetResult (bool)
System.Threading.Tasks.TaskCompletionSource`1<bool>:TrySetResult (bool)
WakaTime.Plugin/<>c__DisplayClass29_0:<SendHeartbeat>b__0 (UnityEngine.AsyncOperation) (at ./Library/PackageCache/com.daniel-geo.unityhackatime@5ac210a9a2/Editor/Plugin.cs:176)
UnityEngine.AsyncOperation:InvokeCompletionEvent () (at /Users/bokken/build/output/unity/unity/Runtime/Export/Scripting/AsyncOperation.cs:21)

(Filename: ./Library/PackageCache/com.daniel-geo.unityhackatime@5ac210a9a2/Editor/Plugin.cs Line: 187)

<HackaTime> Sent heartbeat!
UnityEngine.StackTraceUtility:ExtractStackTrace () (at /Users/bokken/build/output/unity/unity/Runtime/Export/Scripting/StackTrace.cs:37)
UnityEngine.DebugLogHandler:LogFormat (UnityEngine.LogType,UnityEngine.Object,string,object[])
UnityEngine.Logger:Log (UnityEngine.LogType,object)
UnityEngine.Debug:Log (object)
WakaTime.Plugin/<SendHeartbeat>d__29:MoveNext () (at ./Library/PackageCache/com.daniel-geo.unityhackatime@5ac210a9a2/Editor/Plugin.cs:203)
System.Runtime.CompilerServices.AsyncMethodBuilderCore/MoveNextRunner:InvokeMoveNext (object)
System.Threading.ExecutionContext:RunInternal (System.Threading.ExecutionContext,System.Threading.ContextCallback,object,bool)
System.Threading.ExecutionContext:Run (System.Threading.ExecutionContext,System.Threading.ContextCallback,object,bool)
System.Runtime.CompilerServices.AsyncMethodBuilderCore/MoveNextRunner:Run ()
System.Threading.Tasks.AwaitTaskContinuation:InvokeAction (object)
System.Threading.Tasks.AwaitTaskContinuation:RunCallback (System.Threading.ContextCallback,object,System.Threading.Tasks.Task&)
System.Threading.Tasks.SynchronizationContextAwaitTaskContinuation:Run (System.Threading.Tasks.Task,bool)
System.Threading.Tasks.Task:FinishContinuations ()
System.Threading.Tasks.Task:FinishStageThree ()
System.Threading.Tasks.Task`1<bool>:TrySetResult (bool)
System.Threading.Tasks.TaskCompletionSource`1<bool>:TrySetResult (bool)
WakaTime.Plugin/<>c__DisplayClass29_0:<SendHeartbeat>b__0 (UnityEngine.AsyncOperation) (at ./Library/PackageCache/com.daniel-geo.unityhackatime@5ac210a9a2/Editor/Plugin.cs:176)
UnityEngine.AsyncOperation:InvokeCompletionEvent () (at /Users/bokken/build/output/unity/unity/Runtime/Export/Scripting/AsyncOperation.cs:21)

(Filename: ./Library/PackageCache/com.daniel-geo.unityhackatime@5ac210a9a2/Editor/Plugin.cs Line: 203)

Unloading 3682 Unused Serialized files (Serialized files now loaded: 0)
Unloading 47 unused Assets / (1.8 MB). Loaded Objects now: 4252.
Memory consumption went from 246.9 MB to 245.1 MB.
Total: 3.643041 ms (FindLiveObjects: 0.271917 ms CreateObjectMapping: 0.057250 ms MarkObjects: 3.030375 ms  DeleteObjects: 0.282750 ms)

Prepare: number of updated asset objects reloaded= 0
AssetImportParameters requested are different than current active one (requested -> active):
  custom:container-demuxer-ogg: 62fdf1f143b41e24485cea50d1cbac27 -> 
  custom:video-decoder-ogg-theora: a1e56fd34408186e4bbccfd4996cb3dc -> 
  custom:CustomObjectIndexerAttribute: 9a22284fe3817be447336de3de66b15e -> 
  custom:container-demuxer-webm: 4f35f7cbe854078d1ac9338744f61a02 -> 
  custom:container-muxer-webm: aa71ff27fc2769a1b78a27578f13a17b -> 
  custom:video-decoder-webm-vp8: 9c59270c3fd7afecdb556c50c9e8de78 -> 
  custom:SearchIndexIgnoredProperties: e643bd26f0fe6173181afceb89e7c659 -> 
  custom:AudioImporter_EditorPlatform: 3918e3fc78b5a79bad01e8451be0beb8 -> 
  custom:framework-osx-AVFoundation: e770b220cccbd017edd2c1fefb359320 -> 
  custom:video-encoder-webm-vp8: eb34c28f22e8b96e1ab97ce403110664 -> 
  custom:audio-decoder-ogg-vorbis: bf7c407c2cedff20999df2af8eb42d56 -> 
  custom:audio-encoder-webm-vorbis: bf7c407c2cedff20999df2af8eb42d56 -> 
========================================================================
Received Prepare
Begin MonoManager ReloadAssembly
Thread 0x16d8bb000 may have been prematurely finalized
- Loaded All Assemblies, in  0.483 seconds
Refreshing native plugins compatible for Editor in 1.92 ms, found 3 plugins.
Native extension for OSXStandalone target not found
<HackaTime> Initializing...
UnityEngine.StackTraceUtility:ExtractStackTrace () (at /Users/bokken/build/output/unity/unity/Runtime/Export/Scripting/StackTrace.cs:37)
UnityEngine.DebugLogHandler:LogFormat (UnityEngine.LogType,UnityEngine.Object,string,object[])
UnityEngine.Logger:Log (UnityEngine.LogType,object)
UnityEngine.Debug:Log (object)
WakaTime.Plugin:Initialize () (at ./Library/PackageCache/com.daniel-geo.unityhackatime@5ac210a9a2/Editor/Plugin.cs:76)
WakaTime.Plugin:.cctor () (at ./Library/PackageCache/com.daniel-geo.unityhackatime@5ac210a9a2/Editor/Plugin.cs:41)
System.Runtime.CompilerServices.RuntimeHelpers:RunClassConstructor (System.RuntimeTypeHandle)
UnityEditor.EditorAssemblies:ProcessInitializeOnLoadAttributes (System.Type[]) (at /Users/bokken/build/output/unity/unity/Editor/Mono/EditorAssemblies.cs:119)

(Filename: ./Library/PackageCache/com.daniel-geo.unityhackatime@5ac210a9a2/Editor/Plugin.cs Line: 76)

<HackaTime> Sending heartbeat...
UnityEngine.StackTraceUtility:ExtractStackTrace () (at /Users/bokken/build/output/unity/unity/Runtime/Export/Scripting/StackTrace.cs:37)
UnityEngine.DebugLogHandler:LogFormat (UnityEngine.LogType,UnityEngine.Object,string,object[])
UnityEngine.Logger:Log (UnityEngine.LogType,object)
UnityEngine.Debug:Log (object)
WakaTime.Plugin/<SendHeartbeat>d__29:MoveNext () (at ./Library/PackageCache/com.daniel-geo.unityhackatime@5ac210a9a2/Editor/Plugin.cs:144)
System.Runtime.CompilerServices.AsyncVoidMethodBuilder:Start<WakaTime.Plugin/<SendHeartbeat>d__29> (WakaTime.Plugin/<SendHeartbeat>d__29&)
WakaTime.Plugin:SendHeartbeat (bool)
WakaTime.Plugin:Initialize () (at ./Library/PackageCache/com.daniel-geo.unityhackatime@5ac210a9a2/Editor/Plugin.cs:78)
WakaTime.Plugin:.cctor () (at ./Library/PackageCache/com.daniel-geo.unityhackatime@5ac210a9a2/Editor/Plugin.cs:41)
System.Runtime.CompilerServices.RuntimeHelpers:RunClassConstructor (System.RuntimeTypeHandle)
UnityEditor.EditorAssemblies:ProcessInitializeOnLoadAttributes (System.Type[]) (at /Users/bokken/build/output/unity/unity/Editor/Mono/EditorAssemblies.cs:119)

(Filename: ./Library/PackageCache/com.daniel-geo.unityhackatime@5ac210a9a2/Editor/Plugin.cs Line: 144)

Mono: successfully reloaded assembly
- Finished resetting the current domain, in  1.372 seconds
Domain Reload Profiling: 1856ms
	BeginReloadAssembly (161ms)
		ExecutionOrderSort (0ms)
		DisableScriptedObjects (4ms)
		BackupInstance (0ms)
		ReleaseScriptingObjects (0ms)
		CreateAndSetChildDomain (48ms)
	RebuildCommonClasses (25ms)
	RebuildNativeTypeToScriptingClass (8ms)
	initialDomainReloadingComplete (21ms)
	LoadAllAssembliesAndSetupDomain (268ms)
		LoadAssemblies (323ms)
		RebuildTransferFunctionScriptingTraits (0ms)
		AnalyzeDomain (27ms)
			TypeCache.Refresh (20ms)
				TypeCache.ScanAssembly (0ms)
			ScanForSourceGeneratedMonoScriptInfo (0ms)
			ResolveRequiredComponents (6ms)
	FinalizeReload (1373ms)
		ReleaseScriptCaches (0ms)
		RebuildScriptCaches (0ms)
		SetupLoadedEditorAssemblies (392ms)
			LogAssemblyErrors (0ms)
			InitializePlatformSupportModulesInManaged (3ms)
			SetLoadedEditorAssemblies (3ms)
			RefreshPlugins (0ms)
			BeforeProcessingInitializeOnLoad (36ms)
			ProcessInitializeOnLoadAttributes (336ms)
			ProcessInitializeOnLoadMethodAttributes (12ms)
			AfterProcessingInitializeOnLoad (1ms)
			EditorAssembliesLoaded (0ms)
		ExecutionOrderSort2 (0ms)
		AwakeInstancesAfterBackupRestoration (3ms)
Refreshing native plugins compatible for Editor in 2.50 ms, found 3 plugins.
Preloading 0 native plugins for Editor in 0.00 ms.
<HackaTime> Got response
{"id":2720829902,"user_id":61064,"branch":"main","category":"coding","dependencies":[],"editor":"unity","entity":"Unsaved Scene","language":"unity","machine":null,"operating_system":null,"project":"Duos","type":"file","user_agent":"unity-hackatime","line_additions":null,"line_deletions":null,"lineno":null,"lines":null,"cursorpos":null,"project_root_count":null,"time":1789284352.0,"is_write":false,"created_at":"2026-09-13T07:25:26.670Z","updated_at":"2026-09-13T07:25:26.670Z","fields_hash":"5c478ed41325b80b9c74b15389638b5e","source_type":"direct_entry","ip_address":"2001:8003:cc20:b000:3c85:4bd:9b58:8559","deleted_at":null,"ja4_id":41,"ai_model":null,"ai_session":null,"ai_subscription_plan":null,"ai_input_tokens":null,"ai_output_tokens":null,"ai_prompt_length":null,"ai_line_changes":null,"human_line_changes":null}
UnityEngine.StackTraceUtility:ExtractStackTrace () (at /Users/bokken/build/output/unity/unity/Runtime/Export/Scripting/StackTrace.cs:37)
UnityEngine.DebugLogHandler:LogFormat (UnityEngine.LogType,UnityEngine.Object,string,object[])
UnityEngine.Logger:Log (UnityEngine.LogType,object)
UnityEngine.Debug:Log (object)
WakaTime.Plugin/<SendHeartbeat>d__29:MoveNext () (at ./Library/PackageCache/com.daniel-geo.unityhackatime@5ac210a9a2/Editor/Plugin.cs:187)
System.Runtime.CompilerServices.AsyncMethodBuilderCore/MoveNextRunner:InvokeMoveNext (object)
System.Threading.ExecutionContext:RunInternal (System.Threading.ExecutionContext,System.Threading.ContextCallback,object,bool)
System.Threading.ExecutionContext:Run (System.Threading.ExecutionContext,System.Threading.ContextCallback,object,bool)
System.Runtime.CompilerServices.AsyncMethodBuilderCore/MoveNextRunner:Run ()
System.Threading.Tasks.AwaitTaskContinuation:InvokeAction (object)
System.Threading.Tasks.AwaitTaskContinuation:RunCallback (System.Threading.ContextCallback,object,System.Threading.Tasks.Task&)
System.Threading.Tasks.SynchronizationContextAwaitTaskContinuation:Run (System.Threading.Tasks.Task,bool)
System.Threading.Tasks.Task:FinishContinuations ()
System.Threading.Tasks.Task:FinishStageThree ()
System.Threading.Tasks.Task`1<bool>:TrySetResult (bool)
System.Threading.Tasks.TaskCompletionSource`1<bool>:TrySetResult (bool)
WakaTime.Plugin/<>c__DisplayClass29_0:<SendHeartbeat>b__0 (UnityEngine.AsyncOperation) (at ./Library/PackageCache/com.daniel-geo.unityhackatime@5ac210a9a2/Editor/Plugin.cs:176)
UnityEngine.AsyncOperation:InvokeCompletionEvent () (at /Users/bokken/build/output/unity/unity/Runtime/Export/Scripting/AsyncOperation.cs:21)

(Filename: ./Library/PackageCache/com.daniel-geo.unityhackatime@5ac210a9a2/Editor/Plugin.cs Line: 187)

<HackaTime> Sent heartbeat!
UnityEngine.StackTraceUtility:ExtractStackTrace () (at /Users/bokken/build/output/unity/unity/Runtime/Export/Scripting/StackTrace.cs:37)
UnityEngine.DebugLogHandler:LogFormat (UnityEngine.LogType,UnityEngine.Object,string,object[])
UnityEngine.Logger:Log (UnityEngine.LogType,object)
UnityEngine.Debug:Log (object)
WakaTime.Plugin/<SendHeartbeat>d__29:MoveNext () (at ./Library/PackageCache/com.daniel-geo.unityhackatime@5ac210a9a2/Editor/Plugin.cs:203)
System.Runtime.CompilerServices.AsyncMethodBuilderCore/MoveNextRunner:InvokeMoveNext (object)
System.Threading.ExecutionContext:RunInternal (System.Threading.ExecutionContext,System.Threading.ContextCallback,object,bool)
System.Threading.ExecutionContext:Run (System.Threading.ExecutionContext,System.Threading.ContextCallback,object,bool)
System.Runtime.CompilerServices.AsyncMethodBuilderCore/MoveNextRunner:Run ()
System.Threading.Tasks.AwaitTaskContinuation:InvokeAction (object)
System.Threading.Tasks.AwaitTaskContinuation:RunCallback (System.Threading.ContextCallback,object,System.Threading.Tasks.Task&)
System.Threading.Tasks.SynchronizationContextAwaitTaskContinuation:Run (System.Threading.Tasks.Task,bool)
System.Threading.Tasks.Task:FinishContinuations ()
System.Threading.Tasks.Task:FinishStageThree ()
System.Threading.Tasks.Task`1<bool>:TrySetResult (bool)
System.Threading.Tasks.TaskCompletionSource`1<bool>:TrySetResult (bool)
WakaTime.Plugin/<>c__DisplayClass29_0:<SendHeartbeat>b__0 (UnityEngine.AsyncOperation) (at ./Library/PackageCache/com.daniel-geo.unityhackatime@5ac210a9a2/Editor/Plugin.cs:176)
UnityEngine.AsyncOperation:InvokeCompletionEvent () (at /Users/bokken/build/output/unity/unity/Runtime/Export/Scripting/AsyncOperation.cs:21)

(Filename: ./Library/PackageCache/com.daniel-geo.unityhackatime@5ac210a9a2/Editor/Plugin.cs Line: 203)

Unloading 3682 Unused Serialized files (Serialized files now loaded: 0)
Unloading 47 unused Assets / (1.8 MB). Loaded Objects now: 4256.
Memory consumption went from 254.1 MB to 252.3 MB.
Total: 4.026459 ms (FindLiveObjects: 0.212750 ms CreateObjectMapping: 0.054292 ms MarkObjects: 3.523541 ms  DeleteObjects: 0.234750 ms)

Prepare: number of updated asset objects reloaded= 0
AssetImportParameters requested are different than current active one (requested -> active):
  custom:container-demuxer-ogg: 62fdf1f143b41e24485cea50d1cbac27 -> 
  custom:video-decoder-ogg-theora: a1e56fd34408186e4bbccfd4996cb3dc -> 
  custom:CustomObjectIndexerAttribute: 9a22284fe3817be447336de3de66b15e -> 
  custom:container-demuxer-webm: 4f35f7cbe854078d1ac9338744f61a02 -> 
  custom:container-muxer-webm: aa71ff27fc2769a1b78a27578f13a17b -> 
  custom:video-decoder-webm-vp8: 9c59270c3fd7afecdb556c50c9e8de78 -> 
  custom:SearchIndexIgnoredProperties: e643bd26f0fe6173181afceb89e7c659 -> 
  custom:AudioImporter_EditorPlatform: 3918e3fc78b5a79bad01e8451be0beb8 -> 
  custom:framework-osx-AVFoundation: e770b220cccbd017edd2c1fefb359320 -> 
  custom:video-encoder-webm-vp8: eb34c28f22e8b96e1ab97ce403110664 -> 
  custom:audio-decoder-ogg-vorbis: bf7c407c2cedff20999df2af8eb42d56 -> 
  custom:audio-encoder-webm-vorbis: bf7c407c2cedff20999df2af8eb42d56 -> 
========================================================================
Received Prepare
Begin MonoManager ReloadAssembly
Thread 0x16d8bb000 may have been prematurely finalized
- Loaded All Assemblies, in  0.797 seconds
Refreshing native plugins compatible for Editor in 2.84 ms, found 3 plugins.
Native extension for OSXStandalone target not found
<HackaTime> Initializing...
UnityEngine.StackTraceUtility:ExtractStackTrace () (at /Users/bokken/build/output/unity/unity/Runtime/Export/Scripting/StackTrace.cs:37)
UnityEngine.DebugLogHandler:LogFormat (UnityEngine.LogType,UnityEngine.Object,string,object[])
UnityEngine.Logger:Log (UnityEngine.LogType,object)
UnityEngine.Debug:Log (object)
WakaTime.Plugin:Initialize () (at ./Library/PackageCache/com.daniel-geo.unityhackatime@5ac210a9a2/Editor/Plugin.cs:76)
WakaTime.Plugin:.cctor () (at ./Library/PackageCache/com.daniel-geo.unityhackatime@5ac210a9a2/Editor/Plugin.cs:41)
System.Runtime.CompilerServices.RuntimeHelpers:RunClassConstructor (System.RuntimeTypeHandle)
UnityEditor.EditorAssemblies:ProcessInitializeOnLoadAttributes (System.Type[]) (at /Users/bokken/build/output/unity/unity/Editor/Mono/EditorAssemblies.cs:119)

(Filename: ./Library/PackageCache/com.daniel-geo.unityhackatime@5ac210a9a2/Editor/Plugin.cs Line: 76)

<HackaTime> Sending heartbeat...
UnityEngine.StackTraceUtility:ExtractStackTrace () (at /Users/bokken/build/output/unity/unity/Runtime/Export/Scripting/StackTrace.cs:37)
UnityEngine.DebugLogHandler:LogFormat (UnityEngine.LogType,UnityEngine.Object,string,object[])
UnityEngine.Logger:Log (UnityEngine.LogType,object)
UnityEngine.Debug:Log (object)
WakaTime.Plugin/<SendHeartbeat>d__29:MoveNext () (at ./Library/PackageCache/com.daniel-geo.unityhackatime@5ac210a9a2/Editor/Plugin.cs:144)
System.Runtime.CompilerServices.AsyncVoidMethodBuilder:Start<WakaTime.Plugin/<SendHeartbeat>d__29> (WakaTime.Plugin/<SendHeartbeat>d__29&)
WakaTime.Plugin:SendHeartbeat (bool)
WakaTime.Plugin:Initialize () (at ./Library/PackageCache/com.daniel-geo.unityhackatime@5ac210a9a2/Editor/Plugin.cs:78)
WakaTime.Plugin:.cctor () (at ./Library/PackageCache/com.daniel-geo.unityhackatime@5ac210a9a2/Editor/Plugin.cs:41)
System.Runtime.CompilerServices.RuntimeHelpers:RunClassConstructor (System.RuntimeTypeHandle)
UnityEditor.EditorAssemblies:ProcessInitializeOnLoadAttributes (System.Type[]) (at /Users/bokken/build/output/unity/unity/Editor/Mono/EditorAssemblies.cs:119)

(Filename: ./Library/PackageCache/com.daniel-geo.unityhackatime@5ac210a9a2/Editor/Plugin.cs Line: 144)

Mono: successfully reloaded assembly
- Finished resetting the current domain, in  3.206 seconds
Domain Reload Profiling: 4011ms
	BeginReloadAssembly (350ms)
		ExecutionOrderSort (0ms)
		DisableScriptedObjects (13ms)
		BackupInstance (0ms)
		ReleaseScriptingObjects (1ms)
		CreateAndSetChildDomain (103ms)
	RebuildCommonClasses (36ms)
	RebuildNativeTypeToScriptingClass (8ms)
	initialDomainReloadingComplete (24ms)
	LoadAllAssembliesAndSetupDomain (386ms)
		LoadAssemblies (526ms)
		RebuildTransferFunctionScriptingTraits (0ms)
		AnalyzeDomain (43ms)
			TypeCache.Refresh (31ms)
				TypeCache.ScanAssembly (0ms)
			ScanForSourceGeneratedMonoScriptInfo (0ms)
			ResolveRequiredComponents (10ms)
	FinalizeReload (3206ms)
		ReleaseScriptCaches (0ms)
		RebuildScriptCaches (0ms)
		SetupLoadedEditorAssemblies (462ms)
			LogAssemblyErrors (2ms)
			InitializePlatformSupportModulesInManaged (6ms)
			SetLoadedEditorAssemblies (3ms)
			RefreshPlugins (0ms)
			BeforeProcessingInitializeOnLoad (43ms)
			ProcessInitializeOnLoadAttributes (391ms)
			ProcessInitializeOnLoadMethodAttributes (17ms)
			AfterProcessingInitializeOnLoad (1ms)
			EditorAssembliesLoaded (0ms)
		ExecutionOrderSort2 (0ms)
		AwakeInstancesAfterBackupRestoration (3ms)
Refreshing native plugins compatible for Editor in 2.88 ms, found 3 plugins.
Preloading 0 native plugins for Editor in 0.00 ms.
<HackaTime> Got response
{"id":2720995420,"user_id":61064,"branch":"main","category":"coding","dependencies":[],"editor":"unity","entity":"Unsaved Scene","language":"unity","machine":null,"operating_system":null,"project":"Duos","type":"file","user_agent":"unity-hackatime","line_additions":null,"line_deletions":null,"lineno":null,"lines":null,"cursorpos":null,"project_root_count":null,"time":1789298560.0,"is_write":false,"created_at":"2026-09-13T11:21:40.638Z","updated_at":"2026-09-13T11:21:40.638Z","fields_hash":"ad71d60072b94bd0f8db74fc946c236c","source_type":"direct_entry","ip_address":"2001:8003:cc20:b000:3c85:4bd:9b58:8559","deleted_at":null,"ja4_id":41,"ai_model":null,"ai_session":null,"ai_subscription_plan":null,"ai_input_tokens":null,"ai_output_tokens":null,"ai_prompt_length":null,"ai_line_changes":null,"human_line_changes":null}
UnityEngine.StackTraceUtility:ExtractStackTrace () (at /Users/bokken/build/output/unity/unity/Runtime/Export/Scripting/StackTrace.cs:37)
UnityEngine.DebugLogHandler:LogFormat (UnityEngine.LogType,UnityEngine.Object,string,object[])
UnityEngine.Logger:Log (UnityEngine.LogType,object)
UnityEngine.Debug:Log (object)
WakaTime.Plugin/<SendHeartbeat>d__29:MoveNext () (at ./Library/PackageCache/com.daniel-geo.unityhackatime@5ac210a9a2/Editor/Plugin.cs:187)
System.Runtime.CompilerServices.AsyncMethodBuilderCore/MoveNextRunner:InvokeMoveNext (object)
System.Threading.ExecutionContext:RunInternal (System.Threading.ExecutionContext,System.Threading.ContextCallback,object,bool)
System.Threading.ExecutionContext:Run (System.Threading.ExecutionContext,System.Threading.ContextCallback,object,bool)
System.Runtime.CompilerServices.AsyncMethodBuilderCore/MoveNextRunner:Run ()
System.Threading.Tasks.AwaitTaskContinuation:InvokeAction (object)
System.Threading.Tasks.AwaitTaskContinuation:RunCallback (System.Threading.ContextCallback,object,System.Threading.Tasks.Task&)
System.Threading.Tasks.SynchronizationContextAwaitTaskContinuation:Run (System.Threading.Tasks.Task,bool)
System.Threading.Tasks.Task:FinishContinuations ()
System.Threading.Tasks.Task:FinishStageThree ()
System.Threading.Tasks.Task`1<bool>:TrySetResult (bool)
System.Threading.Tasks.TaskCompletionSource`1<bool>:TrySetResult (bool)
WakaTime.Plugin/<>c__DisplayClass29_0:<SendHeartbeat>b__0 (UnityEngine.AsyncOperation) (at ./Library/PackageCache/com.daniel-geo.unityhackatime@5ac210a9a2/Editor/Plugin.cs:176)
UnityEngine.AsyncOperation:InvokeCompletionEvent () (at /Users/bokken/build/output/unity/unity/Runtime/Export/Scripting/AsyncOperation.cs:21)

(Filename: ./Library/PackageCache/com.daniel-geo.unityhackatime@5ac210a9a2/Editor/Plugin.cs Line: 187)

<HackaTime> Sent heartbeat!
UnityEngine.StackTraceUtility:ExtractStackTrace () (at /Users/bokken/build/output/unity/unity/Runtime/Export/Scripting/StackTrace.cs:37)
UnityEngine.DebugLogHandler:LogFormat (UnityEngine.LogType,UnityEngine.Object,string,object[])
UnityEngine.Logger:Log (UnityEngine.LogType,object)
UnityEngine.Debug:Log (object)
WakaTime.Plugin/<SendHeartbeat>d__29:MoveNext () (at ./Library/PackageCache/com.daniel-geo.unityhackatime@5ac210a9a2/Editor/Plugin.cs:203)
System.Runtime.CompilerServices.AsyncMethodBuilderCore/MoveNextRunner:InvokeMoveNext (object)
System.Threading.ExecutionContext:RunInternal (System.Threading.ExecutionContext,System.Threading.ContextCallback,object,bool)
System.Threading.ExecutionContext:Run (System.Threading.ExecutionContext,System.Threading.ContextCallback,object,bool)
System.Runtime.CompilerServices.AsyncMethodBuilderCore/MoveNextRunner:Run ()
System.Threading.Tasks.AwaitTaskContinuation:InvokeAction (object)
System.Threading.Tasks.AwaitTaskContinuation:RunCallback (System.Threading.ContextCallback,object,System.Threading.Tasks.Task&)
System.Threading.Tasks.SynchronizationContextAwaitTaskContinuation:Run (System.Threading.Tasks.Task,bool)
System.Threading.Tasks.Task:FinishContinuations ()
System.Threading.Tasks.Task:FinishStageThree ()
System.Threading.Tasks.Task`1<bool>:TrySetResult (bool)
System.Threading.Tasks.TaskCompletionSource`1<bool>:TrySetResult (bool)
WakaTime.Plugin/<>c__DisplayClass29_0:<SendHeartbeat>b__0 (UnityEngine.AsyncOperation) (at ./Library/PackageCache/com.daniel-geo.unityhackatime@5ac210a9a2/Editor/Plugin.cs:176)
UnityEngine.AsyncOperation:InvokeCompletionEvent () (at /Users/bokken/build/output/unity/unity/Runtime/Export/Scripting/AsyncOperation.cs:21)

(Filename: ./Library/PackageCache/com.daniel-geo.unityhackatime@5ac210a9a2/Editor/Plugin.cs Line: 203)

Unloading 3682 Unused Serialized files (Serialized files now loaded: 0)
Unloading 47 unused Assets / (1.8 MB). Loaded Objects now: 4260.
Memory consumption went from 261.2 MB to 259.4 MB.
Total: 4.350458 ms (FindLiveObjects: 0.182875 ms CreateObjectMapping: 0.046625 ms MarkObjects: 3.892667 ms  DeleteObjects: 0.227542 ms)

Prepare: number of updated asset objects reloaded= 0
AssetImportParameters requested are different than current active one (requested -> active):
  custom:container-demuxer-ogg: 62fdf1f143b41e24485cea50d1cbac27 -> 
  custom:video-decoder-ogg-theora: a1e56fd34408186e4bbccfd4996cb3dc -> 
  custom:CustomObjectIndexerAttribute: 9a22284fe3817be447336de3de66b15e -> 
  custom:container-demuxer-webm: 4f35f7cbe854078d1ac9338744f61a02 -> 
  custom:container-muxer-webm: aa71ff27fc2769a1b78a27578f13a17b -> 
  custom:video-decoder-webm-vp8: 9c59270c3fd7afecdb556c50c9e8de78 -> 
  custom:SearchIndexIgnoredProperties: e643bd26f0fe6173181afceb89e7c659 -> 
  custom:AudioImporter_EditorPlatform: 3918e3fc78b5a79bad01e8451be0beb8 -> 
  custom:framework-osx-AVFoundation: e770b220cccbd017edd2c1fefb359320 -> 
  custom:video-encoder-webm-vp8: eb34c28f22e8b96e1ab97ce403110664 -> 
  custom:audio-decoder-ogg-vorbis: bf7c407c2cedff20999df2af8eb42d56 -> 
  custom:audio-encoder-webm-vorbis: bf7c407c2cedff20999df2af8eb42d56 -> 
========================================================================
Received Prepare
Begin MonoManager ReloadAssembly
Thread 0x16d8bb000 may have been prematurely finalized
- Loaded All Assemblies, in  0.912 seconds
Refreshing native plugins compatible for Editor in 4.89 ms, found 3 plugins.
Native extension for OSXStandalone target not found
<HackaTime> Initializing...
UnityEngine.StackTraceUtility:ExtractStackTrace () (at /Users/bokken/build/output/unity/unity/Runtime/Export/Scripting/StackTrace.cs:37)
UnityEngine.DebugLogHandler:LogFormat (UnityEngine.LogType,UnityEngine.Object,string,object[])
UnityEngine.Logger:Log (UnityEngine.LogType,object)
UnityEngine.Debug:Log (object)
WakaTime.Plugin:Initialize () (at ./Library/PackageCache/com.daniel-geo.unityhackatime@5ac210a9a2/Editor/Plugin.cs:76)
WakaTime.Plugin:.cctor () (at ./Library/PackageCache/com.daniel-geo.unityhackatime@5ac210a9a2/Editor/Plugin.cs:41)
System.Runtime.CompilerServices.RuntimeHelpers:RunClassConstructor (System.RuntimeTypeHandle)
UnityEditor.EditorAssemblies:ProcessInitializeOnLoadAttributes (System.Type[]) (at /Users/bokken/build/output/unity/unity/Editor/Mono/EditorAssemblies.cs:119)

(Filename: ./Library/PackageCache/com.daniel-geo.unityhackatime@5ac210a9a2/Editor/Plugin.cs Line: 76)

<HackaTime> Sending heartbeat...
UnityEngine.StackTraceUtility:ExtractStackTrace () (at /Users/bokken/build/output/unity/unity/Runtime/Export/Scripting/StackTrace.cs:37)
UnityEngine.DebugLogHandler:LogFormat (UnityEngine.LogType,UnityEngine.Object,string,object[])
UnityEngine.Logger:Log (UnityEngine.LogType,object)
UnityEngine.Debug:Log (object)
WakaTime.Plugin/<SendHeartbeat>d__29:MoveNext () (at ./Library/PackageCache/com.daniel-geo.unityhackatime@5ac210a9a2/Editor/Plugin.cs:144)
System.Runtime.CompilerServices.AsyncVoidMethodBuilder:Start<WakaTime.Plugin/<SendHeartbeat>d__29> (WakaTime.Plugin/<SendHeartbeat>d__29&)
WakaTime.Plugin:SendHeartbeat (bool)
WakaTime.Plugin:Initialize () (at ./Library/PackageCache/com.daniel-geo.unityhackatime@5ac210a9a2/Editor/Plugin.cs:78)
WakaTime.Plugin:.cctor () (at ./Library/PackageCache/com.daniel-geo.unityhackatime@5ac210a9a2/Editor/Plugin.cs:41)
System.Runtime.CompilerServices.RuntimeHelpers:RunClassConstructor (System.RuntimeTypeHandle)
UnityEditor.EditorAssemblies:ProcessInitializeOnLoadAttributes (System.Type[]) (at /Users/bokken/build/output/unity/unity/Editor/Mono/EditorAssemblies.cs:119)

(Filename: ./Library/PackageCache/com.daniel-geo.unityhackatime@5ac210a9a2/Editor/Plugin.cs Line: 144)

Mono: successfully reloaded assembly
- Finished resetting the current domain, in  2.133 seconds
Domain Reload Profiling: 3047ms
	BeginReloadAssembly (427ms)
		ExecutionOrderSort (0ms)
		DisableScriptedObjects (14ms)
		BackupInstance (0ms)
		ReleaseScriptingObjects (0ms)
		CreateAndSetChildDomain (119ms)
	RebuildCommonClasses (27ms)
	RebuildNativeTypeToScriptingClass (9ms)
	initialDomainReloadingComplete (24ms)
	LoadAllAssembliesAndSetupDomain (427ms)
		LoadAssemblies (647ms)
		RebuildTransferFunctionScriptingTraits (0ms)
		AnalyzeDomain (26ms)
			TypeCache.Refresh (19ms)
				TypeCache.ScanAssembly (0ms)
			ScanForSourceGeneratedMonoScriptInfo (0ms)
			ResolveRequiredComponents (5ms)
	FinalizeReload (2133ms)
		ReleaseScriptCaches (0ms)
		RebuildScriptCaches (0ms)
		SetupLoadedEditorAssemblies (414ms)
			LogAssemblyErrors (0ms)
			InitializePlatformSupportModulesInManaged (6ms)
			SetLoadedEditorAssemblies (2ms)
			RefreshPlugins (0ms)
			BeforeProcessingInitializeOnLoad (37ms)
			ProcessInitializeOnLoadAttributes (350ms)
			ProcessInitializeOnLoadMethodAttributes (18ms)
			AfterProcessingInitializeOnLoad (1ms)
			EditorAssembliesLoaded (0ms)
		ExecutionOrderSort2 (0ms)
		AwakeInstancesAfterBackupRestoration (3ms)
Refreshing native plugins compatible for Editor in 2.35 ms, found 3 plugins.
Preloading 0 native plugins for Editor in 0.00 ms.
<HackaTime> Got response
{"id":2721488727,"user_id":61064,"branch":"main","category":"coding","dependencies":[],"editor":"unity","entity":"Unsaved Scene","language":"unity","machine":null,"operating_system":null,"project":"Duos","type":"file","user_agent":"unity-hackatime","line_additions":null,"line_deletions":null,"lineno":null,"lines":null,"cursorpos":null,"project_root_count":null,"time":1789333504.0,"is_write":false,"created_at":"2026-09-13T21:05:25.977Z","updated_at":"2026-09-13T21:05:25.977Z","fields_hash":"dbf0774e30dd5081511fe2b4e6c4cb0a","source_type":"direct_entry","ip_address":"2001:8003:cc20:b000:3c85:4bd:9b58:8559","deleted_at":null,"ja4_id":41,"ai_model":null,"ai_session":null,"ai_subscription_plan":null,"ai_input_tokens":null,"ai_output_tokens":null,"ai_prompt_length":null,"ai_line_changes":null,"human_line_changes":null}
UnityEngine.StackTraceUtility:ExtractStackTrace () (at /Users/bokken/build/output/unity/unity/Runtime/Export/Scripting/StackTrace.cs:37)
UnityEngine.DebugLogHandler:LogFormat (UnityEngine.LogType,UnityEngine.Object,string,object[])
UnityEngine.Logger:Log (UnityEngine.LogType,object)
UnityEngine.Debug:Log (object)
WakaTime.Plugin/<SendHeartbeat>d__29:MoveNext () (at ./Library/PackageCache/com.daniel-geo.unityhackatime@5ac210a9a2/Editor/Plugin.cs:187)
System.Runtime.CompilerServices.AsyncMethodBuilderCore/MoveNextRunner:InvokeMoveNext (object)
System.Threading.ExecutionContext:RunInternal (System.Threading.ExecutionContext,System.Threading.ContextCallback,object,bool)
System.Threading.ExecutionContext:Run (System.Threading.ExecutionContext,System.Threading.ContextCallback,object,bool)
System.Runtime.CompilerServices.AsyncMethodBuilderCore/MoveNextRunner:Run ()
System.Threading.Tasks.AwaitTaskContinuation:InvokeAction (object)
System.Threading.Tasks.AwaitTaskContinuation:RunCallback (System.Threading.ContextCallback,object,System.Threading.Tasks.Task&)
System.Threading.Tasks.SynchronizationContextAwaitTaskContinuation:Run (System.Threading.Tasks.Task,bool)
System.Threading.Tasks.Task:FinishContinuations ()
System.Threading.Tasks.Task:FinishStageThree ()
System.Threading.Tasks.Task`1<bool>:TrySetResult (bool)
System.Threading.Tasks.TaskCompletionSource`1<bool>:TrySetResult (bool)
WakaTime.Plugin/<>c__DisplayClass29_0:<SendHeartbeat>b__0 (UnityEngine.AsyncOperation) (at ./Library/PackageCache/com.daniel-geo.unityhackatime@5ac210a9a2/Editor/Plugin.cs:176)
UnityEngine.AsyncOperation:InvokeCompletionEvent () (at /Users/bokken/build/output/unity/unity/Runtime/Export/Scripting/AsyncOperation.cs:21)

(Filename: ./Library/PackageCache/com.daniel-geo.unityhackatime@5ac210a9a2/Editor/Plugin.cs Line: 187)

<HackaTime> Sent heartbeat!
UnityEngine.StackTraceUtility:ExtractStackTrace () (at /Users/bokken/build/output/unity/unity/Runtime/Export/Scripting/StackTrace.cs:37)
UnityEngine.DebugLogHandler:LogFormat (UnityEngine.LogType,UnityEngine.Object,string,object[])
UnityEngine.Logger:Log (UnityEngine.LogType,object)
UnityEngine.Debug:Log (object)
WakaTime.Plugin/<SendHeartbeat>d__29:MoveNext () (at ./Library/PackageCache/com.daniel-geo.unityhackatime@5ac210a9a2/Editor/Plugin.cs:203)
System.Runtime.CompilerServices.AsyncMethodBuilderCore/MoveNextRunner:InvokeMoveNext (object)
System.Threading.ExecutionContext:RunInternal (System.Threading.ExecutionContext,System.Threading.ContextCallback,object,bool)
System.Threading.ExecutionContext:Run (System.Threading.ExecutionContext,System.Threading.ContextCallback,object,bool)
System.Runtime.CompilerServices.AsyncMethodBuilderCore/MoveNextRunner:Run ()
System.Threading.Tasks.AwaitTaskContinuation:InvokeAction (object)
System.Threading.Tasks.AwaitTaskContinuation:RunCallback (System.Threading.ContextCallback,object,System.Threading.Tasks.Task&)
System.Threading.Tasks.SynchronizationContextAwaitTaskContinuation:Run (System.Threading.Tasks.Task,bool)
System.Threading.Tasks.Task:FinishContinuations ()
System.Threading.Tasks.Task:FinishStageThree ()
System.Threading.Tasks.Task`1<bool>:TrySetResult (bool)
System.Threading.Tasks.TaskCompletionSource`1<bool>:TrySetResult (bool)
WakaTime.Plugin/<>c__DisplayClass29_0:<SendHeartbeat>b__0 (UnityEngine.AsyncOperation) (at ./Library/PackageCache/com.daniel-geo.unityhackatime@5ac210a9a2/Editor/Plugin.cs:176)
UnityEngine.AsyncOperation:InvokeCompletionEvent () (at /Users/bokken/build/output/unity/unity/Runtime/Export/Scripting/AsyncOperation.cs:21)

(Filename: ./Library/PackageCache/com.daniel-geo.unityhackatime@5ac210a9a2/Editor/Plugin.cs Line: 203)

Unloading 3682 Unused Serialized files (Serialized files now loaded: 0)
Unloading 47 unused Assets / (1.8 MB). Loaded Objects now: 4264.
Memory consumption went from 267.5 MB to 265.7 MB.
Total: 5.610375 ms (FindLiveObjects: 0.355083 ms CreateObjectMapping: 0.053334 ms MarkObjects: 4.918166 ms  DeleteObjects: 0.283250 ms)

Prepare: number of updated asset objects reloaded= 0
AssetImportParameters requested are different than current active one (requested -> active):
  custom:container-demuxer-ogg: 62fdf1f143b41e24485cea50d1cbac27 -> 
  custom:video-decoder-ogg-theora: a1e56fd34408186e4bbccfd4996cb3dc -> 
  custom:CustomObjectIndexerAttribute: 9a22284fe3817be447336de3de66b15e -> 
  custom:container-demuxer-webm: 4f35f7cbe854078d1ac9338744f61a02 -> 
  custom:container-muxer-webm: aa71ff27fc2769a1b78a27578f13a17b -> 
  custom:video-decoder-webm-vp8: 9c59270c3fd7afecdb556c50c9e8de78 -> 
  custom:SearchIndexIgnoredProperties: e643bd26f0fe6173181afceb89e7c659 -> 
  custom:AudioImporter_EditorPlatform: 3918e3fc78b5a79bad01e8451be0beb8 -> 
  custom:framework-osx-AVFoundation: e770b220cccbd017edd2c1fefb359320 -> 
  custom:video-encoder-webm-vp8: eb34c28f22e8b96e1ab97ce403110664 -> 
  custom:audio-decoder-ogg-vorbis: bf7c407c2cedff20999df2af8eb42d56 -> 
  custom:audio-encoder-webm-vorbis: bf7c407c2cedff20999df2af8eb42d56 -> 
========================================================================
Received Prepare
Begin MonoManager ReloadAssembly
Thread 0x16d8bb000 may have been prematurely finalized
- Loaded All Assemblies, in  0.665 seconds
Refreshing native plugins compatible for Editor in 17.62 ms, found 3 plugins.
Native extension for OSXStandalone target not found
<HackaTime> Initializing...
UnityEngine.StackTraceUtility:ExtractStackTrace () (at /Users/bokken/build/output/unity/unity/Runtime/Export/Scripting/StackTrace.cs:37)
UnityEngine.DebugLogHandler:LogFormat (UnityEngine.LogType,UnityEngine.Object,string,object[])
UnityEngine.Logger:Log (UnityEngine.LogType,object)
UnityEngine.Debug:Log (object)
WakaTime.Plugin:Initialize () (at ./Library/PackageCache/com.daniel-geo.unityhackatime@5ac210a9a2/Editor/Plugin.cs:76)
WakaTime.Plugin:.cctor () (at ./Library/PackageCache/com.daniel-geo.unityhackatime@5ac210a9a2/Editor/Plugin.cs:41)
System.Runtime.CompilerServices.RuntimeHelpers:RunClassConstructor (System.RuntimeTypeHandle)
UnityEditor.EditorAssemblies:ProcessInitializeOnLoadAttributes (System.Type[]) (at /Users/bokken/build/output/unity/unity/Editor/Mono/EditorAssemblies.cs:119)

(Filename: ./Library/PackageCache/com.daniel-geo.unityhackatime@5ac210a9a2/Editor/Plugin.cs Line: 76)

<HackaTime> Sending heartbeat...
UnityEngine.StackTraceUtility:ExtractStackTrace () (at /Users/bokken/build/output/unity/unity/Runtime/Export/Scripting/StackTrace.cs:37)
UnityEngine.DebugLogHandler:LogFormat (UnityEngine.LogType,UnityEngine.Object,string,object[])
UnityEngine.Logger:Log (UnityEngine.LogType,object)
UnityEngine.Debug:Log (object)
WakaTime.Plugin/<SendHeartbeat>d__29:MoveNext () (at ./Library/PackageCache/com.daniel-geo.unityhackatime@5ac210a9a2/Editor/Plugin.cs:144)
System.Runtime.CompilerServices.AsyncVoidMethodBuilder:Start<WakaTime.Plugin/<SendHeartbeat>d__29> (WakaTime.Plugin/<SendHeartbeat>d__29&)
WakaTime.Plugin:SendHeartbeat (bool)
WakaTime.Plugin:Initialize () (at ./Library/PackageCache/com.daniel-geo.unityhackatime@5ac210a9a2/Editor/Plugin.cs:78)
WakaTime.Plugin:.cctor () (at ./Library/PackageCache/com.daniel-geo.unityhackatime@5ac210a9a2/Editor/Plugin.cs:41)
System.Runtime.CompilerServices.RuntimeHelpers:RunClassConstructor (System.RuntimeTypeHandle)
UnityEditor.EditorAssemblies:ProcessInitializeOnLoadAttributes (System.Type[]) (at /Users/bokken/build/output/unity/unity/Editor/Mono/EditorAssemblies.cs:119)

(Filename: ./Library/PackageCache/com.daniel-geo.unityhackatime@5ac210a9a2/Editor/Plugin.cs Line: 144)

Mono: successfully reloaded assembly
- Finished resetting the current domain, in  2.503 seconds
Domain Reload Profiling: 3174ms
	BeginReloadAssembly (276ms)
		ExecutionOrderSort (0ms)
		DisableScriptedObjects (13ms)
		BackupInstance (0ms)
		ReleaseScriptingObjects (0ms)
		CreateAndSetChildDomain (87ms)
	RebuildCommonClasses (29ms)
	RebuildNativeTypeToScriptingClass (9ms)
	initialDomainReloadingComplete (23ms)
	LoadAllAssembliesAndSetupDomain (335ms)
		LoadAssemblies (424ms)
		RebuildTransferFunctionScriptingTraits (0ms)
		AnalyzeDomain (26ms)
			TypeCache.Refresh (17ms)
				TypeCache.ScanAssembly (0ms)
			ScanForSourceGeneratedMonoScriptInfo (0ms)
			ResolveRequiredComponents (7ms)
	FinalizeReload (2503ms)
		ReleaseScriptCaches (0ms)
		RebuildScriptCaches (0ms)
		SetupLoadedEditorAssemblies (407ms)
			LogAssemblyErrors (0ms)
			InitializePlatformSupportModulesInManaged (3ms)
			SetLoadedEditorAssemblies (2ms)
			RefreshPlugins (0ms)
			BeforeProcessingInitializeOnLoad (36ms)
			ProcessInitializeOnLoadAttributes (352ms)
			ProcessInitializeOnLoadMethodAttributes (12ms)
			AfterProcessingInitializeOnLoad (1ms)
			EditorAssembliesLoaded (0ms)
		ExecutionOrderSort2 (0ms)
		AwakeInstancesAfterBackupRestoration (3ms)
Refreshing native plugins compatible for Editor in 2.60 ms, found 3 plugins.
Preloading 0 native plugins for Editor in 0.00 ms.
<HackaTime> Got response
{"id":2721845651,"user_id":61064,"branch":"main","category":"coding","dependencies":[],"editor":"unity","entity":"Unsaved Scene","language":"unity","machine":null,"operating_system":null,"project":"Duos","type":"file","user_agent":"unity-hackatime","line_additions":null,"line_deletions":null,"lineno":null,"lines":null,"cursorpos":null,"project_root_count":null,"time":1789374720.0,"is_write":false,"created_at":"2026-09-14T08:31:53.608Z","updated_at":"2026-09-14T08:31:53.608Z","fields_hash":"5622a6cca6af294b3675a263c8ca2917","source_type":"direct_entry","ip_address":"2001:8003:cc20:b000:3c85:4bd:9b58:8559","deleted_at":null,"ja4_id":41,"ai_model":null,"ai_session":null,"ai_subscription_plan":null,"ai_input_tokens":null,"ai_output_tokens":null,"ai_prompt_length":null,"ai_line_changes":null,"human_line_changes":null}
UnityEngine.StackTraceUtility:ExtractStackTrace () (at /Users/bokken/build/output/unity/unity/Runtime/Export/Scripting/StackTrace.cs:37)
UnityEngine.DebugLogHandler:LogFormat (UnityEngine.LogType,UnityEngine.Object,string,object[])
UnityEngine.Logger:Log (UnityEngine.LogType,object)
UnityEngine.Debug:Log (object)
WakaTime.Plugin/<SendHeartbeat>d__29:MoveNext () (at ./Library/PackageCache/com.daniel-geo.unityhackatime@5ac210a9a2/Editor/Plugin.cs:187)
System.Runtime.CompilerServices.AsyncMethodBuilderCore/MoveNextRunner:InvokeMoveNext (object)
System.Threading.ExecutionContext:RunInternal (System.Threading.ExecutionContext,System.Threading.ContextCallback,object,bool)
System.Threading.ExecutionContext:Run (System.Threading.ExecutionContext,System.Threading.ContextCallback,object,bool)
System.Runtime.CompilerServices.AsyncMethodBuilderCore/MoveNextRunner:Run ()
System.Threading.Tasks.AwaitTaskContinuation:InvokeAction (object)
System.Threading.Tasks.AwaitTaskContinuation:RunCallback (System.Threading.ContextCallback,object,System.Threading.Tasks.Task&)
System.Threading.Tasks.SynchronizationContextAwaitTaskContinuation:Run (System.Threading.Tasks.Task,bool)
System.Threading.Tasks.Task:FinishContinuations ()
System.Threading.Tasks.Task:FinishStageThree ()
System.Threading.Tasks.Task`1<bool>:TrySetResult (bool)
System.Threading.Tasks.TaskCompletionSource`1<bool>:TrySetResult (bool)
WakaTime.Plugin/<>c__DisplayClass29_0:<SendHeartbeat>b__0 (UnityEngine.AsyncOperation) (at ./Library/PackageCache/com.daniel-geo.unityhackatime@5ac210a9a2/Editor/Plugin.cs:176)
UnityEngine.AsyncOperation:InvokeCompletionEvent () (at /Users/bokken/build/output/unity/unity/Runtime/Export/Scripting/AsyncOperation.cs:21)

(Filename: ./Library/PackageCache/com.daniel-geo.unityhackatime@5ac210a9a2/Editor/Plugin.cs Line: 187)

<HackaTime> Sent heartbeat!
UnityEngine.StackTraceUtility:ExtractStackTrace () (at /Users/bokken/build/output/unity/unity/Runtime/Export/Scripting/StackTrace.cs:37)
UnityEngine.DebugLogHandler:LogFormat (UnityEngine.LogType,UnityEngine.Object,string,object[])
UnityEngine.Logger:Log (UnityEngine.LogType,object)
UnityEngine.Debug:Log (object)
WakaTime.Plugin/<SendHeartbeat>d__29:MoveNext () (at ./Library/PackageCache/com.daniel-geo.unityhackatime@5ac210a9a2/Editor/Plugin.cs:203)
System.Runtime.CompilerServices.AsyncMethodBuilderCore/MoveNextRunner:InvokeMoveNext (object)
System.Threading.ExecutionContext:RunInternal (System.Threading.ExecutionContext,System.Threading.ContextCallback,object,bool)
System.Threading.ExecutionContext:Run (System.Threading.ExecutionContext,System.Threading.ContextCallback,object,bool)
System.Runtime.CompilerServices.AsyncMethodBuilderCore/MoveNextRunner:Run ()
System.Threading.Tasks.AwaitTaskContinuation:InvokeAction (object)
System.Threading.Tasks.AwaitTaskContinuation:RunCallback (System.Threading.ContextCallback,object,System.Threading.Tasks.Task&)
System.Threading.Tasks.SynchronizationContextAwaitTaskContinuation:Run (System.Threading.Tasks.Task,bool)
System.Threading.Tasks.Task:FinishContinuations ()
System.Threading.Tasks.Task:FinishStageThree ()
System.Threading.Tasks.Task`1<bool>:TrySetResult (bool)
System.Threading.Tasks.TaskCompletionSource`1<bool>:TrySetResult (bool)
WakaTime.Plugin/<>c__DisplayClass29_0:<SendHeartbeat>b__0 (UnityEngine.AsyncOperation) (at ./Library/PackageCache/com.daniel-geo.unityhackatime@5ac210a9a2/Editor/Plugin.cs:176)
UnityEngine.AsyncOperation:InvokeCompletionEvent () (at /Users/bokken/build/output/unity/unity/Runtime/Export/Scripting/AsyncOperation.cs:21)

(Filename: ./Library/PackageCache/com.daniel-geo.unityhackatime@5ac210a9a2/Editor/Plugin.cs Line: 203)

Unloading 3682 Unused Serialized files (Serialized files now loaded: 0)
Unloading 47 unused Assets / (1.8 MB). Loaded Objects now: 4268.
Memory consumption went from 273.5 MB to 271.8 MB.
Total: 5.051500 ms (FindLiveObjects: 0.220125 ms CreateObjectMapping: 0.052875 ms MarkObjects: 4.489834 ms  DeleteObjects: 0.288083 ms)

Prepare: number of updated asset objects reloaded= 0
AssetImportParameters requested are different than current active one (requested -> active):
  custom:container-demuxer-ogg: 62fdf1f143b41e24485cea50d1cbac27 -> 
  custom:video-decoder-ogg-theora: a1e56fd34408186e4bbccfd4996cb3dc -> 
  custom:CustomObjectIndexerAttribute: 9a22284fe3817be447336de3de66b15e -> 
  custom:container-demuxer-webm: 4f35f7cbe854078d1ac9338744f61a02 -> 
  custom:container-muxer-webm: aa71ff27fc2769a1b78a27578f13a17b -> 
  custom:video-decoder-webm-vp8: 9c59270c3fd7afecdb556c50c9e8de78 -> 
  custom:SearchIndexIgnoredProperties: e643bd26f0fe6173181afceb89e7c659 -> 
  custom:AudioImporter_EditorPlatform: 3918e3fc78b5a79bad01e8451be0beb8 -> 
  custom:framework-osx-AVFoundation: e770b220cccbd017edd2c1fefb359320 -> 
  custom:video-encoder-webm-vp8: eb34c28f22e8b96e1ab97ce403110664 -> 
  custom:audio-decoder-ogg-vorbis: bf7c407c2cedff20999df2af8eb42d56 -> 
  custom:audio-encoder-webm-vorbis: bf7c407c2cedff20999df2af8eb42d56 -> 
========================================================================
Received Prepare
Begin MonoManager ReloadAssembly
Thread 0x16d8bb000 may have been prematurely finalized
- Loaded All Assemblies, in  0.566 seconds
Refreshing native plugins compatible for Editor in 3.12 ms, found 3 plugins.
Native extension for OSXStandalone target not found
<HackaTime> Initializing...
UnityEngine.StackTraceUtility:ExtractStackTrace () (at /Users/bokken/build/output/unity/unity/Runtime/Export/Scripting/StackTrace.cs:37)
UnityEngine.DebugLogHandler:LogFormat (UnityEngine.LogType,UnityEngine.Object,string,object[])
UnityEngine.Logger:Log (UnityEngine.LogType,object)
UnityEngine.Debug:Log (object)
WakaTime.Plugin:Initialize () (at ./Library/PackageCache/com.daniel-geo.unityhackatime@5ac210a9a2/Editor/Plugin.cs:76)
WakaTime.Plugin:.cctor () (at ./Library/PackageCache/com.daniel-geo.unityhackatime@5ac210a9a2/Editor/Plugin.cs:41)
System.Runtime.CompilerServices.RuntimeHelpers:RunClassConstructor (System.RuntimeTypeHandle)
UnityEditor.EditorAssemblies:ProcessInitializeOnLoadAttributes (System.Type[]) (at /Users/bokken/build/output/unity/unity/Editor/Mono/EditorAssemblies.cs:119)

(Filename: ./Library/PackageCache/com.daniel-geo.unityhackatime@5ac210a9a2/Editor/Plugin.cs Line: 76)

<HackaTime> Sending heartbeat...
UnityEngine.StackTraceUtility:ExtractStackTrace () (at /Users/bokken/build/output/unity/unity/Runtime/Export/Scripting/StackTrace.cs:37)
UnityEngine.DebugLogHandler:LogFormat (UnityEngine.LogType,UnityEngine.Object,string,object[])
UnityEngine.Logger:Log (UnityEngine.LogType,object)
UnityEngine.Debug:Log (object)
WakaTime.Plugin/<SendHeartbeat>d__29:MoveNext () (at ./Library/PackageCache/com.daniel-geo.unityhackatime@5ac210a9a2/Editor/Plugin.cs:144)
System.Runtime.CompilerServices.AsyncVoidMethodBuilder:Start<WakaTime.Plugin/<SendHeartbeat>d__29> (WakaTime.Plugin/<SendHeartbeat>d__29&)
WakaTime.Plugin:SendHeartbeat (bool)
WakaTime.Plugin:Initialize () (at ./Library/PackageCache/com.daniel-geo.unityhackatime@5ac210a9a2/Editor/Plugin.cs:78)
WakaTime.Plugin:.cctor () (at ./Library/PackageCache/com.daniel-geo.unityhackatime@5ac210a9a2/Editor/Plugin.cs:41)
System.Runtime.CompilerServices.RuntimeHelpers:RunClassConstructor (System.RuntimeTypeHandle)
UnityEditor.EditorAssemblies:ProcessInitializeOnLoadAttributes (System.Type[]) (at /Users/bokken/build/output/unity/unity/Editor/Mono/EditorAssemblies.cs:119)

(Filename: ./Library/PackageCache/com.daniel-geo.unityhackatime@5ac210a9a2/Editor/Plugin.cs Line: 144)

Mono: successfully reloaded assembly
- Finished resetting the current domain, in  1.322 seconds
Domain Reload Profiling: 1889ms
	BeginReloadAssembly (188ms)
		ExecutionOrderSort (0ms)
		DisableScriptedObjects (5ms)
		BackupInstance (0ms)
		ReleaseScriptingObjects (0ms)
		CreateAndSetChildDomain (61ms)
	RebuildCommonClasses (40ms)
	RebuildNativeTypeToScriptingClass (9ms)
	initialDomainReloadingComplete (19ms)
	LoadAllAssembliesAndSetupDomain (310ms)
		LoadAssemblies (378ms)
		RebuildTransferFunctionScriptingTraits (0ms)
		AnalyzeDomain (29ms)
			TypeCache.Refresh (21ms)
				TypeCache.ScanAssembly (0ms)
			ScanForSourceGeneratedMonoScriptInfo (0ms)
			ResolveRequiredComponents (7ms)
	FinalizeReload (1323ms)
		ReleaseScriptCaches (0ms)
		RebuildScriptCaches (0ms)
		SetupLoadedEditorAssemblies (406ms)
			LogAssemblyErrors (0ms)
			InitializePlatformSupportModulesInManaged (3ms)
			SetLoadedEditorAssemblies (2ms)
			RefreshPlugins (0ms)
			BeforeProcessingInitializeOnLoad (36ms)
			ProcessInitializeOnLoadAttributes (351ms)
			ProcessInitializeOnLoadMethodAttributes (13ms)
			AfterProcessingInitializeOnLoad (1ms)
			EditorAssembliesLoaded (0ms)
		ExecutionOrderSort2 (0ms)
		AwakeInstancesAfterBackupRestoration (3ms)
Refreshing native plugins compatible for Editor in 2.54 ms, found 3 plugins.
Preloading 0 native plugins for Editor in 0.00 ms.
Unloading 3682 Unused Serialized files (Serialized files now loaded: 0)
Unloading 47 unused Assets / (1.8 MB). Loaded Objects now: 4272.
Memory consumption went from 280.7 MB to 278.9 MB.
Total: 5.954083 ms (FindLiveObjects: 0.243833 ms CreateObjectMapping: 0.095416 ms MarkObjects: 5.282792 ms  DeleteObjects: 0.331541 ms)

Prepare: number of updated asset objects reloaded= 0
AssetImportParameters requested are different than current active one (requested -> active):
  custom:container-demuxer-ogg: 62fdf1f143b41e24485cea50d1cbac27 -> 
  custom:video-decoder-ogg-theora: a1e56fd34408186e4bbccfd4996cb3dc -> 
  custom:CustomObjectIndexerAttribute: 9a22284fe3817be447336de3de66b15e -> 
  custom:container-demuxer-webm: 4f35f7cbe854078d1ac9338744f61a02 -> 
  custom:container-muxer-webm: aa71ff27fc2769a1b78a27578f13a17b -> 
  custom:video-decoder-webm-vp8: 9c59270c3fd7afecdb556c50c9e8de78 -> 
  custom:SearchIndexIgnoredProperties: e643bd26f0fe6173181afceb89e7c659 -> 
  custom:AudioImporter_EditorPlatform: 3918e3fc78b5a79bad01e8451be0beb8 -> 
  custom:framework-osx-AVFoundation: e770b220cccbd017edd2c1fefb359320 -> 
  custom:video-encoder-webm-vp8: eb34c28f22e8b96e1ab97ce403110664 -> 
  custom:audio-decoder-ogg-vorbis: bf7c407c2cedff20999df2af8eb42d56 -> 
  custom:audio-encoder-webm-vorbis: bf7c407c2cedff20999df2af8eb42d56 -> 
========================================================================
Received Prepare
Begin MonoManager ReloadAssembly
Thread 0x16d8bb000 may have been prematurely finalized
- Loaded All Assemblies, in  0.543 seconds
Refreshing native plugins compatible for Editor in 2.73 ms, found 3 plugins.
Native extension for OSXStandalone target not found
<HackaTime> Initializing...
UnityEngine.StackTraceUtility:ExtractStackTrace () (at /Users/bokken/build/output/unity/unity/Runtime/Export/Scripting/StackTrace.cs:37)
UnityEngine.DebugLogHandler:LogFormat (UnityEngine.LogType,UnityEngine.Object,string,object[])
UnityEngine.Logger:Log (UnityEngine.LogType,object)
UnityEngine.Debug:Log (object)
WakaTime.Plugin:Initialize () (at ./Library/PackageCache/com.daniel-geo.unityhackatime@5ac210a9a2/Editor/Plugin.cs:76)
WakaTime.Plugin:.cctor () (at ./Library/PackageCache/com.daniel-geo.unityhackatime@5ac210a9a2/Editor/Plugin.cs:41)
System.Runtime.CompilerServices.RuntimeHelpers:RunClassConstructor (System.RuntimeTypeHandle)
UnityEditor.EditorAssemblies:ProcessInitializeOnLoadAttributes (System.Type[]) (at /Users/bokken/build/output/unity/unity/Editor/Mono/EditorAssemblies.cs:119)

(Filename: ./Library/PackageCache/com.daniel-geo.unityhackatime@5ac210a9a2/Editor/Plugin.cs Line: 76)

<HackaTime> Sending heartbeat...
UnityEngine.StackTraceUtility:ExtractStackTrace () (at /Users/bokken/build/output/unity/unity/Runtime/Export/Scripting/StackTrace.cs:37)
UnityEngine.DebugLogHandler:LogFormat (UnityEngine.LogType,UnityEngine.Object,string,object[])
UnityEngine.Logger:Log (UnityEngine.LogType,object)
UnityEngine.Debug:Log (object)
WakaTime.Plugin/<SendHeartbeat>d__29:MoveNext () (at ./Library/PackageCache/com.daniel-geo.unityhackatime@5ac210a9a2/Editor/Plugin.cs:144)
System.Runtime.CompilerServices.AsyncVoidMethodBuilder:Start<WakaTime.Plugin/<SendHeartbeat>d__29> (WakaTime.Plugin/<SendHeartbeat>d__29&)
WakaTime.Plugin:SendHeartbeat (bool)
WakaTime.Plugin:Initialize () (at ./Library/PackageCache/com.daniel-geo.unityhackatime@5ac210a9a2/Editor/Plugin.cs:78)
WakaTime.Plugin:.cctor () (at ./Library/PackageCache/com.daniel-geo.unityhackatime@5ac210a9a2/Editor/Plugin.cs:41)
System.Runtime.CompilerServices.RuntimeHelpers:RunClassConstructor (System.RuntimeTypeHandle)
UnityEditor.EditorAssemblies:ProcessInitializeOnLoadAttributes (System.Type[]) (at /Users/bokken/build/output/unity/unity/Editor/Mono/EditorAssemblies.cs:119)

(Filename: ./Library/PackageCache/com.daniel-geo.unityhackatime@5ac210a9a2/Editor/Plugin.cs Line: 144)

Mono: successfully reloaded assembly
- Finished resetting the current domain, in  1.672 seconds
Domain Reload Profiling: 2216ms
	BeginReloadAssembly (154ms)
		ExecutionOrderSort (0ms)
		DisableScriptedObjects (6ms)
		BackupInstance (0ms)
		ReleaseScriptingObjects (0ms)
		CreateAndSetChildDomain (66ms)
	RebuildCommonClasses (29ms)
	RebuildNativeTypeToScriptingClass (10ms)
	initialDomainReloadingComplete (38ms)
	LoadAllAssembliesAndSetupDomain (311ms)
		LoadAssemblies (346ms)
		RebuildTransferFunctionScriptingTraits (0ms)
		AnalyzeDomain (21ms)
			TypeCache.Refresh (13ms)
				TypeCache.ScanAssembly (0ms)
			ScanForSourceGeneratedMonoScriptInfo (0ms)
			ResolveRequiredComponents (6ms)
	FinalizeReload (1673ms)
		ReleaseScriptCaches (0ms)
		RebuildScriptCaches (0ms)
		SetupLoadedEditorAssemblies (707ms)
			LogAssemblyErrors (0ms)
			InitializePlatformSupportModulesInManaged (4ms)
			SetLoadedEditorAssemblies (3ms)
			RefreshPlugins (0ms)
			BeforeProcessingInitializeOnLoad (62ms)
			ProcessInitializeOnLoadAttributes (612ms)
			ProcessInitializeOnLoadMethodAttributes (24ms)
			AfterProcessingInitializeOnLoad (1ms)
			EditorAssembliesLoaded (0ms)
		ExecutionOrderSort2 (0ms)
		AwakeInstancesAfterBackupRestoration (5ms)
Refreshing native plugins compatible for Editor in 4.27 ms, found 3 plugins.
Preloading 0 native plugins for Editor in 0.00 ms.
Release of invalid GC handle. The handle is from a previous domain. The release operation is skipped.
Release of invalid GC handle native callstack: 
 #0 GetStacktrace(int)
 #1 ScriptingGCHandle::Release() const
 #2 ScriptingGCHandle::ReleaseAndClear()
 #3 UploadHandlerRaw::~UploadHandlerRaw()
 #4 UploadHandler::Release()
 #5 UnityWebRequestProto<UnityWebRequestTransport, AtomicRefCounter, RedirectHelper, ResponseHelper, DownloadHandler, UploadHandler, CertificateHandler, HeaderHelper, AsyncOperation>::~UnityWebRequestProto()
 #6 UnityWebRequestAsyncOperation::InvokeCoroutine()
 #7 UnityWebRequestProto<UnityWebRequestTransport, AtomicRefCounter, RedirectHelper, ResponseHelper, DownloadHandler, UploadHandler, CertificateHandler, HeaderHelper, AsyncOperation>::Job_InvokeCoroutine(AsyncOperation*)
 #8 BackgroundJobQueue::ExecuteMainThreadJobs()
 #9 PreloadManager::WaitForAllAsyncOperationsToComplete()
 #10 UnloadUnusedAssetsImmediate(bool, bool)
 #11 invocation function for block in AssetImportWorkerClient::HandleMessage(PrepareMessage const&)::$_4::operator()() const
 #12 _dispatch_client_callout
 #13 _dispatch_async_and_wait_invoke
 #14 _dispatch_client_callout
 #15 _dispatch_main_queue_drain.cold.6
 #16 _dispatch_main_queue_drain
 #17 _dispatch_main_queue_callback_4CF
 #18 __CFRUNLOOP_IS_SERVICING_THE_MAIN_DISPATCH_QUEUE__
 #19 __CFRunLoopRun
 #20 _CFRunLoopRunSpecificWithOptions
 #21 RunCurrentEventLoopInMode
 #22 ReceiveNextEventCommon
 #23 _BlockUntilNextEventMatchingListInMode
 #24 _DPSBlockUntilNextEventMatchingListInMode
 #25 _DPSNextEvent
 #26 -[NSApplication(NSEventRouting) _nextEventMatchingEventMask:untilDate:inMode:dequeue:]
 #27 -[NSApplication(NSEventRouting) nextEventMatchingMask:untilDate:inMode:dequeue:]
 #28 -[NSApplication run]
 #29 NSApplicationMain
 #30 EditorMain(int, char const**)
 #31 main
 #32 start
<HackaTime> Got response
{"id":2721847156,"user_id":61064,"branch":"main","category":"coding","dependencies":[],"editor":"unity","entity":"Unsaved Scene","language":"unity","machine":null,"operating_system":null,"project":"Duos","type":"file","user_agent":"unity-hackatime","line_additions":null,"line_deletions":null,"lineno":null,"lines":null,"cursorpos":null,"project_root_count":null,"time":1789374976.0,"is_write":false,"created_at":"2026-09-14T08:35:40.916Z","updated_at":"2026-09-14T08:35:40.916Z","fields_hash":"26112911eba460a1bb70e49ae00d3787","source_type":"direct_entry","ip_address":"2001:8003:cc20:b000:3c85:4bd:9b58:8559","deleted_at":null,"ja4_id":41,"ai_model":null,"ai_session":null,"ai_subscription_plan":null,"ai_input_tokens":null,"ai_output_tokens":null,"ai_prompt_length":null,"ai_line_changes":null,"human_line_changes":null}
UnityEngine.StackTraceUtility:ExtractStackTrace () (at /Users/bokken/build/output/unity/unity/Runtime/Export/Scripting/StackTrace.cs:37)
UnityEngine.DebugLogHandler:LogFormat (UnityEngine.LogType,UnityEngine.Object,string,object[])
UnityEngine.Logger:Log (UnityEngine.LogType,object)
UnityEngine.Debug:Log (object)
WakaTime.Plugin/<SendHeartbeat>d__29:MoveNext () (at ./Library/PackageCache/com.daniel-geo.unityhackatime@5ac210a9a2/Editor/Plugin.cs:187)
System.Runtime.CompilerServices.AsyncMethodBuilderCore/MoveNextRunner:InvokeMoveNext (object)
System.Threading.ExecutionContext:RunInternal (System.Threading.ExecutionContext,System.Threading.ContextCallback,object,bool)
System.Threading.ExecutionContext:Run (System.Threading.ExecutionContext,System.Threading.ContextCallback,object,bool)
System.Runtime.CompilerServices.AsyncMethodBuilderCore/MoveNextRunner:Run ()
System.Threading.Tasks.AwaitTaskContinuation:InvokeAction (object)
System.Threading.Tasks.AwaitTaskContinuation:RunCallback (System.Threading.ContextCallback,object,System.Threading.Tasks.Task&)
System.Threading.Tasks.SynchronizationContextAwaitTaskContinuation:Run (System.Threading.Tasks.Task,bool)
System.Threading.Tasks.Task:FinishContinuations ()
System.Threading.Tasks.Task:FinishStageThree ()
System.Threading.Tasks.Task`1<bool>:TrySetResult (bool)
System.Threading.Tasks.TaskCompletionSource`1<bool>:TrySetResult (bool)
WakaTime.Plugin/<>c__DisplayClass29_0:<SendHeartbeat>b__0 (UnityEngine.AsyncOperation) (at ./Library/PackageCache/com.daniel-geo.unityhackatime@5ac210a9a2/Editor/Plugin.cs:176)
UnityEngine.AsyncOperation:InvokeCompletionEvent () (at /Users/bokken/build/output/unity/unity/Runtime/Export/Scripting/AsyncOperation.cs:21)

(Filename: ./Library/PackageCache/com.daniel-geo.unityhackatime@5ac210a9a2/Editor/Plugin.cs Line: 187)

<HackaTime> Sent heartbeat!
UnityEngine.StackTraceUtility:ExtractStackTrace () (at /Users/bokken/build/output/unity/unity/Runtime/Export/Scripting/StackTrace.cs:37)
UnityEngine.DebugLogHandler:LogFormat (UnityEngine.LogType,UnityEngine.Object,string,object[])
UnityEngine.Logger:Log (UnityEngine.LogType,object)
UnityEngine.Debug:Log (object)
WakaTime.Plugin/<SendHeartbeat>d__29:MoveNext () (at ./Library/PackageCache/com.daniel-geo.unityhackatime@5ac210a9a2/Editor/Plugin.cs:203)
System.Runtime.CompilerServices.AsyncMethodBuilderCore/MoveNextRunner:InvokeMoveNext (object)
System.Threading.ExecutionContext:RunInternal (System.Threading.ExecutionContext,System.Threading.ContextCallback,object,bool)
System.Threading.ExecutionContext:Run (System.Threading.ExecutionContext,System.Threading.ContextCallback,object,bool)
System.Runtime.CompilerServices.AsyncMethodBuilderCore/MoveNextRunner:Run ()
System.Threading.Tasks.AwaitTaskContinuation:InvokeAction (object)
System.Threading.Tasks.AwaitTaskContinuation:RunCallback (System.Threading.ContextCallback,object,System.Threading.Tasks.Task&)
System.Threading.Tasks.SynchronizationContextAwaitTaskContinuation:Run (System.Threading.Tasks.Task,bool)
System.Threading.Tasks.Task:FinishContinuations ()
System.Threading.Tasks.Task:FinishStageThree ()
System.Threading.Tasks.Task`1<bool>:TrySetResult (bool)
System.Threading.Tasks.TaskCompletionSource`1<bool>:TrySetResult (bool)
WakaTime.Plugin/<>c__DisplayClass29_0:<SendHeartbeat>b__0 (UnityEngine.AsyncOperation) (at ./Library/PackageCache/com.daniel-geo.unityhackatime@5ac210a9a2/Editor/Plugin.cs:176)
UnityEngine.AsyncOperation:InvokeCompletionEvent () (at /Users/bokken/build/output/unity/unity/Runtime/Export/Scripting/AsyncOperation.cs:21)

(Filename: ./Library/PackageCache/com.daniel-geo.unityhackatime@5ac210a9a2/Editor/Plugin.cs Line: 203)

Unloading 3682 Unused Serialized files (Serialized files now loaded: 0)
Unloading 47 unused Assets / (1.8 MB). Loaded Objects now: 4276.
Memory consumption went from 287.8 MB to 286.0 MB.
Total: 7.493541 ms (FindLiveObjects: 0.297666 ms CreateObjectMapping: 0.094667 ms MarkObjects: 6.657792 ms  DeleteObjects: 0.442750 ms)

Prepare: number of updated asset objects reloaded= 0
AssetImportParameters requested are different than current active one (requested -> active):
  custom:container-demuxer-ogg: 62fdf1f143b41e24485cea50d1cbac27 -> 
  custom:video-decoder-ogg-theora: a1e56fd34408186e4bbccfd4996cb3dc -> 
  custom:CustomObjectIndexerAttribute: 9a22284fe3817be447336de3de66b15e -> 
  custom:container-demuxer-webm: 4f35f7cbe854078d1ac9338744f61a02 -> 
  custom:container-muxer-webm: aa71ff27fc2769a1b78a27578f13a17b -> 
  custom:video-decoder-webm-vp8: 9c59270c3fd7afecdb556c50c9e8de78 -> 
  custom:SearchIndexIgnoredProperties: e643bd26f0fe6173181afceb89e7c659 -> 
  custom:AudioImporter_EditorPlatform: 3918e3fc78b5a79bad01e8451be0beb8 -> 
  custom:framework-osx-AVFoundation: e770b220cccbd017edd2c1fefb359320 -> 
  custom:video-encoder-webm-vp8: eb34c28f22e8b96e1ab97ce403110664 -> 
  custom:audio-decoder-ogg-vorbis: bf7c407c2cedff20999df2af8eb42d56 -> 
  custom:audio-encoder-webm-vorbis: bf7c407c2cedff20999df2af8eb42d56 -> 
========================================================================
Received Prepare
Begin MonoManager ReloadAssembly
Thread 0x16d8bb000 may have been prematurely finalized
- Loaded All Assemblies, in  0.527 seconds
Refreshing native plugins compatible for Editor in 2.79 ms, found 3 plugins.
Native extension for OSXStandalone target not found
<HackaTime> Initializing...
UnityEngine.StackTraceUtility:ExtractStackTrace () (at /Users/bokken/build/output/unity/unity/Runtime/Export/Scripting/StackTrace.cs:37)
UnityEngine.DebugLogHandler:LogFormat (UnityEngine.LogType,UnityEngine.Object,string,object[])
UnityEngine.Logger:Log (UnityEngine.LogType,object)
UnityEngine.Debug:Log (object)
WakaTime.Plugin:Initialize () (at ./Library/PackageCache/com.daniel-geo.unityhackatime@5ac210a9a2/Editor/Plugin.cs:76)
WakaTime.Plugin:.cctor () (at ./Library/PackageCache/com.daniel-geo.unityhackatime@5ac210a9a2/Editor/Plugin.cs:41)
System.Runtime.CompilerServices.RuntimeHelpers:RunClassConstructor (System.RuntimeTypeHandle)
UnityEditor.EditorAssemblies:ProcessInitializeOnLoadAttributes (System.Type[]) (at /Users/bokken/build/output/unity/unity/Editor/Mono/EditorAssemblies.cs:119)

(Filename: ./Library/PackageCache/com.daniel-geo.unityhackatime@5ac210a9a2/Editor/Plugin.cs Line: 76)

<HackaTime> Sending heartbeat...
UnityEngine.StackTraceUtility:ExtractStackTrace () (at /Users/bokken/build/output/unity/unity/Runtime/Export/Scripting/StackTrace.cs:37)
UnityEngine.DebugLogHandler:LogFormat (UnityEngine.LogType,UnityEngine.Object,string,object[])
UnityEngine.Logger:Log (UnityEngine.LogType,object)
UnityEngine.Debug:Log (object)
WakaTime.Plugin/<SendHeartbeat>d__29:MoveNext () (at ./Library/PackageCache/com.daniel-geo.unityhackatime@5ac210a9a2/Editor/Plugin.cs:144)
System.Runtime.CompilerServices.AsyncVoidMethodBuilder:Start<WakaTime.Plugin/<SendHeartbeat>d__29> (WakaTime.Plugin/<SendHeartbeat>d__29&)
WakaTime.Plugin:SendHeartbeat (bool)
WakaTime.Plugin:Initialize () (at ./Library/PackageCache/com.daniel-geo.unityhackatime@5ac210a9a2/Editor/Plugin.cs:78)
WakaTime.Plugin:.cctor () (at ./Library/PackageCache/com.daniel-geo.unityhackatime@5ac210a9a2/Editor/Plugin.cs:41)
System.Runtime.CompilerServices.RuntimeHelpers:RunClassConstructor (System.RuntimeTypeHandle)
UnityEditor.EditorAssemblies:ProcessInitializeOnLoadAttributes (System.Type[]) (at /Users/bokken/build/output/unity/unity/Editor/Mono/EditorAssemblies.cs:119)

(Filename: ./Library/PackageCache/com.daniel-geo.unityhackatime@5ac210a9a2/Editor/Plugin.cs Line: 144)

Mono: successfully reloaded assembly
- Finished resetting the current domain, in  1.702 seconds
Domain Reload Profiling: 2229ms
	BeginReloadAssembly (138ms)
		ExecutionOrderSort (0ms)
		DisableScriptedObjects (5ms)
		BackupInstance (0ms)
		ReleaseScriptingObjects (0ms)
		CreateAndSetChildDomain (49ms)
	RebuildCommonClasses (29ms)
	RebuildNativeTypeToScriptingClass (10ms)
	initialDomainReloadingComplete (22ms)
	LoadAllAssembliesAndSetupDomain (328ms)
		LoadAssemblies (353ms)
		RebuildTransferFunctionScriptingTraits (0ms)
		AnalyzeDomain (33ms)
			TypeCache.Refresh (25ms)
				TypeCache.ScanAssembly (0ms)
			ScanForSourceGeneratedMonoScriptInfo (0ms)
			ResolveRequiredComponents (6ms)
	FinalizeReload (1703ms)
		ReleaseScriptCaches (0ms)
		RebuildScriptCaches (0ms)
		SetupLoadedEditorAssemblies (573ms)
			LogAssemblyErrors (0ms)
			InitializePlatformSupportModulesInManaged (5ms)
			SetLoadedEditorAssemblies (3ms)
			RefreshPlugins (0ms)
			BeforeProcessingInitializeOnLoad (57ms)
			ProcessInitializeOnLoadAttributes (482ms)
			ProcessInitializeOnLoadMethodAttributes (25ms)
			AfterProcessingInitializeOnLoad (1ms)
			EditorAssembliesLoaded (0ms)
		ExecutionOrderSort2 (0ms)
		AwakeInstancesAfterBackupRestoration (6ms)
Refreshing native plugins compatible for Editor in 3.16 ms, found 3 plugins.
Preloading 0 native plugins for Editor in 0.00 ms.
<HackaTime> Got response
{"id":2721848102,"user_id":61064,"branch":"main","category":"coding","dependencies":[],"editor":"unity","entity":"Unsaved Scene","language":"unity","machine":null,"operating_system":null,"project":"Duos","type":"file","user_agent":"unity-hackatime","line_additions":null,"line_deletions":null,"lineno":null,"lines":null,"cursorpos":null,"project_root_count":null,"time":1789375104.0,"is_write":false,"created_at":"2026-09-14T08:37:44.360Z","updated_at":"2026-09-14T08:37:44.360Z","fields_hash":"55a1594418acf224b7d94ed0b80b84ba","source_type":"direct_entry","ip_address":"2001:8003:cc20:b000:3c85:4bd:9b58:8559","deleted_at":null,"ja4_id":41,"ai_model":null,"ai_session":null,"ai_subscription_plan":null,"ai_input_tokens":null,"ai_output_tokens":null,"ai_prompt_length":null,"ai_line_changes":null,"human_line_changes":null}
UnityEngine.StackTraceUtility:ExtractStackTrace () (at /Users/bokken/build/output/unity/unity/Runtime/Export/Scripting/StackTrace.cs:37)
UnityEngine.DebugLogHandler:LogFormat (UnityEngine.LogType,UnityEngine.Object,string,object[])
UnityEngine.Logger:Log (UnityEngine.LogType,object)
UnityEngine.Debug:Log (object)
WakaTime.Plugin/<SendHeartbeat>d__29:MoveNext () (at ./Library/PackageCache/com.daniel-geo.unityhackatime@5ac210a9a2/Editor/Plugin.cs:187)
System.Runtime.CompilerServices.AsyncMethodBuilderCore/MoveNextRunner:InvokeMoveNext (object)
System.Threading.ExecutionContext:RunInternal (System.Threading.ExecutionContext,System.Threading.ContextCallback,object,bool)
System.Threading.ExecutionContext:Run (System.Threading.ExecutionContext,System.Threading.ContextCallback,object,bool)
System.Runtime.CompilerServices.AsyncMethodBuilderCore/MoveNextRunner:Run ()
System.Threading.Tasks.AwaitTaskContinuation:InvokeAction (object)
System.Threading.Tasks.AwaitTaskContinuation:RunCallback (System.Threading.ContextCallback,object,System.Threading.Tasks.Task&)
System.Threading.Tasks.SynchronizationContextAwaitTaskContinuation:Run (System.Threading.Tasks.Task,bool)
System.Threading.Tasks.Task:FinishContinuations ()
System.Threading.Tasks.Task:FinishStageThree ()
System.Threading.Tasks.Task`1<bool>:TrySetResult (bool)
System.Threading.Tasks.TaskCompletionSource`1<bool>:TrySetResult (bool)
WakaTime.Plugin/<>c__DisplayClass29_0:<SendHeartbeat>b__0 (UnityEngine.AsyncOperation) (at ./Library/PackageCache/com.daniel-geo.unityhackatime@5ac210a9a2/Editor/Plugin.cs:176)
UnityEngine.AsyncOperation:InvokeCompletionEvent () (at /Users/bokken/build/output/unity/unity/Runtime/Export/Scripting/AsyncOperation.cs:21)

(Filename: ./Library/PackageCache/com.daniel-geo.unityhackatime@5ac210a9a2/Editor/Plugin.cs Line: 187)

<HackaTime> Sent heartbeat!
UnityEngine.StackTraceUtility:ExtractStackTrace () (at /Users/bokken/build/output/unity/unity/Runtime/Export/Scripting/StackTrace.cs:37)
UnityEngine.DebugLogHandler:LogFormat (UnityEngine.LogType,UnityEngine.Object,string,object[])
UnityEngine.Logger:Log (UnityEngine.LogType,object)
UnityEngine.Debug:Log (object)
WakaTime.Plugin/<SendHeartbeat>d__29:MoveNext () (at ./Library/PackageCache/com.daniel-geo.unityhackatime@5ac210a9a2/Editor/Plugin.cs:203)
System.Runtime.CompilerServices.AsyncMethodBuilderCore/MoveNextRunner:InvokeMoveNext (object)
System.Threading.ExecutionContext:RunInternal (System.Threading.ExecutionContext,System.Threading.ContextCallback,object,bool)
System.Threading.ExecutionContext:Run (System.Threading.ExecutionContext,System.Threading.ContextCallback,object,bool)
System.Runtime.CompilerServices.AsyncMethodBuilderCore/MoveNextRunner:Run ()
System.Threading.Tasks.AwaitTaskContinuation:InvokeAction (object)
System.Threading.Tasks.AwaitTaskContinuation:RunCallback (System.Threading.ContextCallback,object,System.Threading.Tasks.Task&)
System.Threading.Tasks.SynchronizationContextAwaitTaskContinuation:Run (System.Threading.Tasks.Task,bool)
System.Threading.Tasks.Task:FinishContinuations ()
System.Threading.Tasks.Task:FinishStageThree ()
System.Threading.Tasks.Task`1<bool>:TrySetResult (bool)
System.Threading.Tasks.TaskCompletionSource`1<bool>:TrySetResult (bool)
WakaTime.Plugin/<>c__DisplayClass29_0:<SendHeartbeat>b__0 (UnityEngine.AsyncOperation) (at ./Library/PackageCache/com.daniel-geo.unityhackatime@5ac210a9a2/Editor/Plugin.cs:176)
UnityEngine.AsyncOperation:InvokeCompletionEvent () (at /Users/bokken/build/output/unity/unity/Runtime/Export/Scripting/AsyncOperation.cs:21)

(Filename: ./Library/PackageCache/com.daniel-geo.unityhackatime@5ac210a9a2/Editor/Plugin.cs Line: 203)

Unloading 3682 Unused Serialized files (Serialized files now loaded: 0)
Unloading 47 unused Assets / (1.8 MB). Loaded Objects now: 4280.
Memory consumption went from 294.9 MB to 293.2 MB.
Total: 4.056709 ms (FindLiveObjects: 0.175500 ms CreateObjectMapping: 0.059084 ms MarkObjects: 3.560875 ms  DeleteObjects: 0.260750 ms)

Prepare: number of updated asset objects reloaded= 0
AssetImportParameters requested are different than current active one (requested -> active):
  custom:container-demuxer-ogg: 62fdf1f143b41e24485cea50d1cbac27 -> 
  custom:video-decoder-ogg-theora: a1e56fd34408186e4bbccfd4996cb3dc -> 
  custom:CustomObjectIndexerAttribute: 9a22284fe3817be447336de3de66b15e -> 
  custom:container-demuxer-webm: 4f35f7cbe854078d1ac9338744f61a02 -> 
  custom:container-muxer-webm: aa71ff27fc2769a1b78a27578f13a17b -> 
  custom:video-decoder-webm-vp8: 9c59270c3fd7afecdb556c50c9e8de78 -> 
  custom:SearchIndexIgnoredProperties: e643bd26f0fe6173181afceb89e7c659 -> 
  custom:AudioImporter_EditorPlatform: 3918e3fc78b5a79bad01e8451be0beb8 -> 
  custom:framework-osx-AVFoundation: e770b220cccbd017edd2c1fefb359320 -> 
  custom:video-encoder-webm-vp8: eb34c28f22e8b96e1ab97ce403110664 -> 
  custom:audio-decoder-ogg-vorbis: bf7c407c2cedff20999df2af8eb42d56 -> 
  custom:audio-encoder-webm-vorbis: bf7c407c2cedff20999df2af8eb42d56 -> 
========================================================================
Received Prepare
Begin MonoManager ReloadAssembly
Thread 0x16d8bb000 may have been prematurely finalized
- Loaded All Assemblies, in  0.778 seconds
Refreshing native plugins compatible for Editor in 22.59 ms, found 3 plugins.
Native extension for OSXStandalone target not found
<HackaTime> Initializing...
UnityEngine.StackTraceUtility:ExtractStackTrace () (at /Users/bokken/build/output/unity/unity/Runtime/Export/Scripting/StackTrace.cs:37)
UnityEngine.DebugLogHandler:LogFormat (UnityEngine.LogType,UnityEngine.Object,string,object[])
UnityEngine.Logger:Log (UnityEngine.LogType,object)
UnityEngine.Debug:Log (object)
WakaTime.Plugin:Initialize () (at ./Library/PackageCache/com.daniel-geo.unityhackatime@5ac210a9a2/Editor/Plugin.cs:76)
WakaTime.Plugin:.cctor () (at ./Library/PackageCache/com.daniel-geo.unityhackatime@5ac210a9a2/Editor/Plugin.cs:41)
System.Runtime.CompilerServices.RuntimeHelpers:RunClassConstructor (System.RuntimeTypeHandle)
UnityEditor.EditorAssemblies:ProcessInitializeOnLoadAttributes (System.Type[]) (at /Users/bokken/build/output/unity/unity/Editor/Mono/EditorAssemblies.cs:119)

(Filename: ./Library/PackageCache/com.daniel-geo.unityhackatime@5ac210a9a2/Editor/Plugin.cs Line: 76)

<HackaTime> Sending heartbeat...
UnityEngine.StackTraceUtility:ExtractStackTrace () (at /Users/bokken/build/output/unity/unity/Runtime/Export/Scripting/StackTrace.cs:37)
UnityEngine.DebugLogHandler:LogFormat (UnityEngine.LogType,UnityEngine.Object,string,object[])
UnityEngine.Logger:Log (UnityEngine.LogType,object)
UnityEngine.Debug:Log (object)
WakaTime.Plugin/<SendHeartbeat>d__29:MoveNext () (at ./Library/PackageCache/com.daniel-geo.unityhackatime@5ac210a9a2/Editor/Plugin.cs:144)
System.Runtime.CompilerServices.AsyncVoidMethodBuilder:Start<WakaTime.Plugin/<SendHeartbeat>d__29> (WakaTime.Plugin/<SendHeartbeat>d__29&)
WakaTime.Plugin:SendHeartbeat (bool)
WakaTime.Plugin:Initialize () (at ./Library/PackageCache/com.daniel-geo.unityhackatime@5ac210a9a2/Editor/Plugin.cs:78)
WakaTime.Plugin:.cctor () (at ./Library/PackageCache/com.daniel-geo.unityhackatime@5ac210a9a2/Editor/Plugin.cs:41)
System.Runtime.CompilerServices.RuntimeHelpers:RunClassConstructor (System.RuntimeTypeHandle)
UnityEditor.EditorAssemblies:ProcessInitializeOnLoadAttributes (System.Type[]) (at /Users/bokken/build/output/unity/unity/Editor/Mono/EditorAssemblies.cs:119)

(Filename: ./Library/PackageCache/com.daniel-geo.unityhackatime@5ac210a9a2/Editor/Plugin.cs Line: 144)

Mono: successfully reloaded assembly
- Finished resetting the current domain, in  2.746 seconds
Domain Reload Profiling: 3533ms
	BeginReloadAssembly (304ms)
		ExecutionOrderSort (0ms)
		DisableScriptedObjects (6ms)
		BackupInstance (0ms)
		ReleaseScriptingObjects (0ms)
		CreateAndSetChildDomain (131ms)
	RebuildCommonClasses (32ms)
	RebuildNativeTypeToScriptingClass (9ms)
	initialDomainReloadingComplete (20ms)
	LoadAllAssembliesAndSetupDomain (422ms)
		LoadAssemblies (490ms)
		RebuildTransferFunctionScriptingTraits (0ms)
		AnalyzeDomain (44ms)
			TypeCache.Refresh (29ms)
				TypeCache.ScanAssembly (0ms)
			ScanForSourceGeneratedMonoScriptInfo (0ms)
			ResolveRequiredComponents (9ms)
	FinalizeReload (2746ms)
		ReleaseScriptCaches (0ms)
		RebuildScriptCaches (0ms)
		SetupLoadedEditorAssemblies (423ms)
			LogAssemblyErrors (0ms)
			InitializePlatformSupportModulesInManaged (4ms)
			SetLoadedEditorAssemblies (3ms)
			RefreshPlugins (0ms)
			BeforeProcessingInitializeOnLoad (40ms)
			ProcessInitializeOnLoadAttributes (364ms)
			ProcessInitializeOnLoadMethodAttributes (13ms)
			AfterProcessingInitializeOnLoad (1ms)
			EditorAssembliesLoaded (0ms)
		ExecutionOrderSort2 (0ms)
		AwakeInstancesAfterBackupRestoration (3ms)
Refreshing native plugins compatible for Editor in 2.86 ms, found 3 plugins.
Preloading 0 native plugins for Editor in 0.00 ms.
<HackaTime> Got response
{"id":2722770357,"user_id":61064,"branch":"main","category":"coding","dependencies":[],"editor":"unity","entity":"Unsaved Scene","language":"unity","machine":null,"operating_system":null,"project":"Duos","type":"file","user_agent":"unity-hackatime","line_additions":null,"line_deletions":null,"lineno":null,"lines":null,"cursorpos":null,"project_root_count":null,"time":1789456000.0,"is_write":false,"created_at":"2026-09-15T07:07:43.378Z","updated_at":"2026-09-15T07:07:43.378Z","fields_hash":"47e032e1bb518d48521ddce780b77637","source_type":"direct_entry","ip_address":"2001:8003:cc20:b000:3c85:4bd:9b58:8559","deleted_at":null,"ja4_id":41,"ai_model":null,"ai_session":null,"ai_subscription_plan":null,"ai_input_tokens":null,"ai_output_tokens":null,"ai_prompt_length":null,"ai_line_changes":null,"human_line_changes":null}
UnityEngine.StackTraceUtility:ExtractStackTrace () (at /Users/bokken/build/output/unity/unity/Runtime/Export/Scripting/StackTrace.cs:37)
UnityEngine.DebugLogHandler:LogFormat (UnityEngine.LogType,UnityEngine.Object,string,object[])
UnityEngine.Logger:Log (UnityEngine.LogType,object)
UnityEngine.Debug:Log (object)
WakaTime.Plugin/<SendHeartbeat>d__29:MoveNext () (at ./Library/PackageCache/com.daniel-geo.unityhackatime@5ac210a9a2/Editor/Plugin.cs:187)
System.Runtime.CompilerServices.AsyncMethodBuilderCore/MoveNextRunner:InvokeMoveNext (object)
System.Threading.ExecutionContext:RunInternal (System.Threading.ExecutionContext,System.Threading.ContextCallback,object,bool)
System.Threading.ExecutionContext:Run (System.Threading.ExecutionContext,System.Threading.ContextCallback,object,bool)
System.Runtime.CompilerServices.AsyncMethodBuilderCore/MoveNextRunner:Run ()
System.Threading.Tasks.AwaitTaskContinuation:InvokeAction (object)
System.Threading.Tasks.AwaitTaskContinuation:RunCallback (System.Threading.ContextCallback,object,System.Threading.Tasks.Task&)
System.Threading.Tasks.SynchronizationContextAwaitTaskContinuation:Run (System.Threading.Tasks.Task,bool)
System.Threading.Tasks.Task:FinishContinuations ()
System.Threading.Tasks.Task:FinishStageThree ()
System.Threading.Tasks.Task`1<bool>:TrySetResult (bool)
System.Threading.Tasks.TaskCompletionSource`1<bool>:TrySetResult (bool)
WakaTime.Plugin/<>c__DisplayClass29_0:<SendHeartbeat>b__0 (UnityEngine.AsyncOperation) (at ./Library/PackageCache/com.daniel-geo.unityhackatime@5ac210a9a2/Editor/Plugin.cs:176)
UnityEngine.AsyncOperation:InvokeCompletionEvent () (at /Users/bokken/build/output/unity/unity/Runtime/Export/Scripting/AsyncOperation.cs:21)

(Filename: ./Library/PackageCache/com.daniel-geo.unityhackatime@5ac210a9a2/Editor/Plugin.cs Line: 187)

<HackaTime> Sent heartbeat!
UnityEngine.StackTraceUtility:ExtractStackTrace () (at /Users/bokken/build/output/unity/unity/Runtime/Export/Scripting/StackTrace.cs:37)
UnityEngine.DebugLogHandler:LogFormat (UnityEngine.LogType,UnityEngine.Object,string,object[])
UnityEngine.Logger:Log (UnityEngine.LogType,object)
UnityEngine.Debug:Log (object)
WakaTime.Plugin/<SendHeartbeat>d__29:MoveNext () (at ./Library/PackageCache/com.daniel-geo.unityhackatime@5ac210a9a2/Editor/Plugin.cs:203)
System.Runtime.CompilerServices.AsyncMethodBuilderCore/MoveNextRunner:InvokeMoveNext (object)
System.Threading.ExecutionContext:RunInternal (System.Threading.ExecutionContext,System.Threading.ContextCallback,object,bool)
System.Threading.ExecutionContext:Run (System.Threading.ExecutionContext,System.Threading.ContextCallback,object,bool)
System.Runtime.CompilerServices.AsyncMethodBuilderCore/MoveNextRunner:Run ()
System.Threading.Tasks.AwaitTaskContinuation:InvokeAction (object)
System.Threading.Tasks.AwaitTaskContinuation:RunCallback (System.Threading.ContextCallback,object,System.Threading.Tasks.Task&)
System.Threading.Tasks.SynchronizationContextAwaitTaskContinuation:Run (System.Threading.Tasks.Task,bool)
System.Threading.Tasks.Task:FinishContinuations ()
System.Threading.Tasks.Task:FinishStageThree ()
System.Threading.Tasks.Task`1<bool>:TrySetResult (bool)
System.Threading.Tasks.TaskCompletionSource`1<bool>:TrySetResult (bool)
WakaTime.Plugin/<>c__DisplayClass29_0:<SendHeartbeat>b__0 (UnityEngine.AsyncOperation) (at ./Library/PackageCache/com.daniel-geo.unityhackatime@5ac210a9a2/Editor/Plugin.cs:176)
UnityEngine.AsyncOperation:InvokeCompletionEvent () (at /Users/bokken/build/output/unity/unity/Runtime/Export/Scripting/AsyncOperation.cs:21)

(Filename: ./Library/PackageCache/com.daniel-geo.unityhackatime@5ac210a9a2/Editor/Plugin.cs Line: 203)

Unloading 3682 Unused Serialized files (Serialized files now loaded: 0)
Unloading 47 unused Assets / (1.8 MB). Loaded Objects now: 4284.
Memory consumption went from 299.8 MB to 298.1 MB.
Total: 5.618458 ms (FindLiveObjects: 0.188875 ms CreateObjectMapping: 0.053750 ms MarkObjects: 4.987500 ms  DeleteObjects: 0.387791 ms)

Prepare: number of updated asset objects reloaded= 0
AssetImportParameters requested are different than current active one (requested -> active):
  custom:container-demuxer-ogg: 62fdf1f143b41e24485cea50d1cbac27 -> 
  custom:video-decoder-ogg-theora: a1e56fd34408186e4bbccfd4996cb3dc -> 
  custom:CustomObjectIndexerAttribute: 9a22284fe3817be447336de3de66b15e -> 
  custom:container-demuxer-webm: 4f35f7cbe854078d1ac9338744f61a02 -> 
  custom:container-muxer-webm: aa71ff27fc2769a1b78a27578f13a17b -> 
  custom:video-decoder-webm-vp8: 9c59270c3fd7afecdb556c50c9e8de78 -> 
  custom:SearchIndexIgnoredProperties: e643bd26f0fe6173181afceb89e7c659 -> 
  custom:AudioImporter_EditorPlatform: 3918e3fc78b5a79bad01e8451be0beb8 -> 
  custom:framework-osx-AVFoundation: e770b220cccbd017edd2c1fefb359320 -> 
  custom:video-encoder-webm-vp8: eb34c28f22e8b96e1ab97ce403110664 -> 
  custom:audio-decoder-ogg-vorbis: bf7c407c2cedff20999df2af8eb42d56 -> 
  custom:audio-encoder-webm-vorbis: bf7c407c2cedff20999df2af8eb42d56 -> 
========================================================================
Received Prepare
Begin MonoManager ReloadAssembly
Thread 0x16d8bb000 may have been prematurely finalized
- Loaded All Assemblies, in  0.634 seconds
Refreshing native plugins compatible for Editor in 8.22 ms, found 3 plugins.
Native extension for OSXStandalone target not found
<HackaTime> Initializing...
UnityEngine.StackTraceUtility:ExtractStackTrace () (at /Users/bokken/build/output/unity/unity/Runtime/Export/Scripting/StackTrace.cs:37)
UnityEngine.DebugLogHandler:LogFormat (UnityEngine.LogType,UnityEngine.Object,string,object[])
UnityEngine.Logger:Log (UnityEngine.LogType,object)
UnityEngine.Debug:Log (object)
WakaTime.Plugin:Initialize () (at ./Library/PackageCache/com.daniel-geo.unityhackatime@5ac210a9a2/Editor/Plugin.cs:76)
WakaTime.Plugin:.cctor () (at ./Library/PackageCache/com.daniel-geo.unityhackatime@5ac210a9a2/Editor/Plugin.cs:41)
System.Runtime.CompilerServices.RuntimeHelpers:RunClassConstructor (System.RuntimeTypeHandle)
UnityEditor.EditorAssemblies:ProcessInitializeOnLoadAttributes (System.Type[]) (at /Users/bokken/build/output/unity/unity/Editor/Mono/EditorAssemblies.cs:119)

(Filename: ./Library/PackageCache/com.daniel-geo.unityhackatime@5ac210a9a2/Editor/Plugin.cs Line: 76)

<HackaTime> Sending heartbeat...
UnityEngine.StackTraceUtility:ExtractStackTrace () (at /Users/bokken/build/output/unity/unity/Runtime/Export/Scripting/StackTrace.cs:37)
UnityEngine.DebugLogHandler:LogFormat (UnityEngine.LogType,UnityEngine.Object,string,object[])
UnityEngine.Logger:Log (UnityEngine.LogType,object)
UnityEngine.Debug:Log (object)
WakaTime.Plugin/<SendHeartbeat>d__29:MoveNext () (at ./Library/PackageCache/com.daniel-geo.unityhackatime@5ac210a9a2/Editor/Plugin.cs:144)
System.Runtime.CompilerServices.AsyncVoidMethodBuilder:Start<WakaTime.Plugin/<SendHeartbeat>d__29> (WakaTime.Plugin/<SendHeartbeat>d__29&)
WakaTime.Plugin:SendHeartbeat (bool)
WakaTime.Plugin:Initialize () (at ./Library/PackageCache/com.daniel-geo.unityhackatime@5ac210a9a2/Editor/Plugin.cs:78)
WakaTime.Plugin:.cctor () (at ./Library/PackageCache/com.daniel-geo.unityhackatime@5ac210a9a2/Editor/Plugin.cs:41)
System.Runtime.CompilerServices.RuntimeHelpers:RunClassConstructor (System.RuntimeTypeHandle)
UnityEditor.EditorAssemblies:ProcessInitializeOnLoadAttributes (System.Type[]) (at /Users/bokken/build/output/unity/unity/Editor/Mono/EditorAssemblies.cs:119)

(Filename: ./Library/PackageCache/com.daniel-geo.unityhackatime@5ac210a9a2/Editor/Plugin.cs Line: 144)

Mono: successfully reloaded assembly
- Finished resetting the current domain, in  3.961 seconds
Domain Reload Profiling: 4601ms
	BeginReloadAssembly (236ms)
		ExecutionOrderSort (0ms)
		DisableScriptedObjects (5ms)
		BackupInstance (0ms)
		ReleaseScriptingObjects (0ms)
		CreateAndSetChildDomain (71ms)
	RebuildCommonClasses (33ms)
	RebuildNativeTypeToScriptingClass (11ms)
	initialDomainReloadingComplete (21ms)
	LoadAllAssembliesAndSetupDomain (338ms)
		LoadAssemblies (419ms)
		RebuildTransferFunctionScriptingTraits (0ms)
		AnalyzeDomain (44ms)
			TypeCache.Refresh (32ms)
				TypeCache.ScanAssembly (0ms)
			ScanForSourceGeneratedMonoScriptInfo (0ms)
			ResolveRequiredComponents (9ms)
	FinalizeReload (3962ms)
		ReleaseScriptCaches (0ms)
		RebuildScriptCaches (0ms)
		SetupLoadedEditorAssemblies (1026ms)
			LogAssemblyErrors (0ms)
			InitializePlatformSupportModulesInManaged (8ms)
			SetLoadedEditorAssemblies (4ms)
			RefreshPlugins (0ms)
			BeforeProcessingInitializeOnLoad (77ms)
			ProcessInitializeOnLoadAttributes (907ms)
			ProcessInitializeOnLoadMethodAttributes (28ms)
			AfterProcessingInitializeOnLoad (1ms)
			EditorAssembliesLoaded (0ms)
		ExecutionOrderSort2 (0ms)
		AwakeInstancesAfterBackupRestoration (6ms)
Refreshing native plugins compatible for Editor in 4.77 ms, found 3 plugins.
Preloading 0 native plugins for Editor in 0.00 ms.
<HackaTime> Got response
{"id":2722771179,"user_id":61064,"branch":"main","category":"coding","dependencies":[],"editor":"unity","entity":"Unsaved Scene","language":"unity","machine":null,"operating_system":null,"project":"Duos","type":"file","user_agent":"unity-hackatime","line_additions":null,"line_deletions":null,"lineno":null,"lines":null,"cursorpos":null,"project_root_count":null,"time":1789456128.0,"is_write":false,"created_at":"2026-09-15T07:09:13.163Z","updated_at":"2026-09-15T07:09:13.163Z","fields_hash":"c09c459f29f719f470f977255be2608e","source_type":"direct_entry","ip_address":"2001:8003:cc20:b000:3c85:4bd:9b58:8559","deleted_at":null,"ja4_id":41,"ai_model":null,"ai_session":null,"ai_subscription_plan":null,"ai_input_tokens":null,"ai_output_tokens":null,"ai_prompt_length":null,"ai_line_changes":null,"human_line_changes":null}
UnityEngine.StackTraceUtility:ExtractStackTrace () (at /Users/bokken/build/output/unity/unity/Runtime/Export/Scripting/StackTrace.cs:37)
UnityEngine.DebugLogHandler:LogFormat (UnityEngine.LogType,UnityEngine.Object,string,object[])
UnityEngine.Logger:Log (UnityEngine.LogType,object)
UnityEngine.Debug:Log (object)
WakaTime.Plugin/<SendHeartbeat>d__29:MoveNext () (at ./Library/PackageCache/com.daniel-geo.unityhackatime@5ac210a9a2/Editor/Plugin.cs:187)
System.Runtime.CompilerServices.AsyncMethodBuilderCore/MoveNextRunner:InvokeMoveNext (object)
System.Threading.ExecutionContext:RunInternal (System.Threading.ExecutionContext,System.Threading.ContextCallback,object,bool)
System.Threading.ExecutionContext:Run (System.Threading.ExecutionContext,System.Threading.ContextCallback,object,bool)
System.Runtime.CompilerServices.AsyncMethodBuilderCore/MoveNextRunner:Run ()
System.Threading.Tasks.AwaitTaskContinuation:InvokeAction (object)
System.Threading.Tasks.AwaitTaskContinuation:RunCallback (System.Threading.ContextCallback,object,System.Threading.Tasks.Task&)
System.Threading.Tasks.SynchronizationContextAwaitTaskContinuation:Run (System.Threading.Tasks.Task,bool)
System.Threading.Tasks.Task:FinishContinuations ()
System.Threading.Tasks.Task:FinishStageThree ()
System.Threading.Tasks.Task`1<bool>:TrySetResult (bool)
System.Threading.Tasks.TaskCompletionSource`1<bool>:TrySetResult (bool)
WakaTime.Plugin/<>c__DisplayClass29_0:<SendHeartbeat>b__0 (UnityEngine.AsyncOperation) (at ./Library/PackageCache/com.daniel-geo.unityhackatime@5ac210a9a2/Editor/Plugin.cs:176)
UnityEngine.AsyncOperation:InvokeCompletionEvent () (at /Users/bokken/build/output/unity/unity/Runtime/Export/Scripting/AsyncOperation.cs:21)

(Filename: ./Library/PackageCache/com.daniel-geo.unityhackatime@5ac210a9a2/Editor/Plugin.cs Line: 187)

<HackaTime> Sent heartbeat!
UnityEngine.StackTraceUtility:ExtractStackTrace () (at /Users/bokken/build/output/unity/unity/Runtime/Export/Scripting/StackTrace.cs:37)
UnityEngine.DebugLogHandler:LogFormat (UnityEngine.LogType,UnityEngine.Object,string,object[])
UnityEngine.Logger:Log (UnityEngine.LogType,object)
UnityEngine.Debug:Log (object)
WakaTime.Plugin/<SendHeartbeat>d__29:MoveNext () (at ./Library/PackageCache/com.daniel-geo.unityhackatime@5ac210a9a2/Editor/Plugin.cs:203)
System.Runtime.CompilerServices.AsyncMethodBuilderCore/MoveNextRunner:InvokeMoveNext (object)
System.Threading.ExecutionContext:RunInternal (System.Threading.ExecutionContext,System.Threading.ContextCallback,object,bool)
System.Threading.ExecutionContext:Run (System.Threading.ExecutionContext,System.Threading.ContextCallback,object,bool)
System.Runtime.CompilerServices.AsyncMethodBuilderCore/MoveNextRunner:Run ()
System.Threading.Tasks.AwaitTaskContinuation:InvokeAction (object)
System.Threading.Tasks.AwaitTaskContinuation:RunCallback (System.Threading.ContextCallback,object,System.Threading.Tasks.Task&)
System.Threading.Tasks.SynchronizationContextAwaitTaskContinuation:Run (System.Threading.Tasks.Task,bool)
System.Threading.Tasks.Task:FinishContinuations ()
System.Threading.Tasks.Task:FinishStageThree ()
System.Threading.Tasks.Task`1<bool>:TrySetResult (bool)
System.Threading.Tasks.TaskCompletionSource`1<bool>:TrySetResult (bool)
WakaTime.Plugin/<>c__DisplayClass29_0:<SendHeartbeat>b__0 (UnityEngine.AsyncOperation) (at ./Library/PackageCache/com.daniel-geo.unityhackatime@5ac210a9a2/Editor/Plugin.cs:176)
UnityEngine.AsyncOperation:InvokeCompletionEvent () (at /Users/bokken/build/output/unity/unity/Runtime/Export/Scripting/AsyncOperation.cs:21)

(Filename: ./Library/PackageCache/com.daniel-geo.unityhackatime@5ac210a9a2/Editor/Plugin.cs Line: 203)

Unloading 3682 Unused Serialized files (Serialized files now loaded: 0)
Unloading 47 unused Assets / (1.8 MB). Loaded Objects now: 4288.
Memory consumption went from 307.0 MB to 305.2 MB.
Total: 15.355625 ms (FindLiveObjects: 0.270209 ms CreateObjectMapping: 0.108958 ms MarkObjects: 14.503958 ms  DeleteObjects: 0.470917 ms)

Prepare: number of updated asset objects reloaded= 0
AssetImportParameters requested are different than current active one (requested -> active):
  custom:container-demuxer-ogg: 62fdf1f143b41e24485cea50d1cbac27 -> 
  custom:video-decoder-ogg-theora: a1e56fd34408186e4bbccfd4996cb3dc -> 
  custom:CustomObjectIndexerAttribute: 9a22284fe3817be447336de3de66b15e -> 
  custom:container-demuxer-webm: 4f35f7cbe854078d1ac9338744f61a02 -> 
  custom:container-muxer-webm: aa71ff27fc2769a1b78a27578f13a17b -> 
  custom:video-decoder-webm-vp8: 9c59270c3fd7afecdb556c50c9e8de78 -> 
  custom:SearchIndexIgnoredProperties: e643bd26f0fe6173181afceb89e7c659 -> 
  custom:AudioImporter_EditorPlatform: 3918e3fc78b5a79bad01e8451be0beb8 -> 
  custom:framework-osx-AVFoundation: e770b220cccbd017edd2c1fefb359320 -> 
  custom:video-encoder-webm-vp8: eb34c28f22e8b96e1ab97ce403110664 -> 
  custom:audio-decoder-ogg-vorbis: bf7c407c2cedff20999df2af8eb42d56 -> 
  custom:audio-encoder-webm-vorbis: bf7c407c2cedff20999df2af8eb42d56 -> 
========================================================================
Received Prepare
Begin MonoManager ReloadAssembly
Thread 0x16d8bb000 may have been prematurely finalized
- Loaded All Assemblies, in  0.619 seconds
Refreshing native plugins compatible for Editor in 3.25 ms, found 3 plugins.
Native extension for OSXStandalone target not found
<HackaTime> Initializing...
UnityEngine.StackTraceUtility:ExtractStackTrace () (at /Users/bokken/build/output/unity/unity/Runtime/Export/Scripting/StackTrace.cs:37)
UnityEngine.DebugLogHandler:LogFormat (UnityEngine.LogType,UnityEngine.Object,string,object[])
UnityEngine.Logger:Log (UnityEngine.LogType,object)
UnityEngine.Debug:Log (object)
WakaTime.Plugin:Initialize () (at ./Library/PackageCache/com.daniel-geo.unityhackatime@5ac210a9a2/Editor/Plugin.cs:76)
WakaTime.Plugin:.cctor () (at ./Library/PackageCache/com.daniel-geo.unityhackatime@5ac210a9a2/Editor/Plugin.cs:41)
System.Runtime.CompilerServices.RuntimeHelpers:RunClassConstructor (System.RuntimeTypeHandle)
UnityEditor.EditorAssemblies:ProcessInitializeOnLoadAttributes (System.Type[]) (at /Users/bokken/build/output/unity/unity/Editor/Mono/EditorAssemblies.cs:119)

(Filename: ./Library/PackageCache/com.daniel-geo.unityhackatime@5ac210a9a2/Editor/Plugin.cs Line: 76)

<HackaTime> Sending heartbeat...
UnityEngine.StackTraceUtility:ExtractStackTrace () (at /Users/bokken/build/output/unity/unity/Runtime/Export/Scripting/StackTrace.cs:37)
UnityEngine.DebugLogHandler:LogFormat (UnityEngine.LogType,UnityEngine.Object,string,object[])
UnityEngine.Logger:Log (UnityEngine.LogType,object)
UnityEngine.Debug:Log (object)
WakaTime.Plugin/<SendHeartbeat>d__29:MoveNext () (at ./Library/PackageCache/com.daniel-geo.unityhackatime@5ac210a9a2/Editor/Plugin.cs:144)
System.Runtime.CompilerServices.AsyncVoidMethodBuilder:Start<WakaTime.Plugin/<SendHeartbeat>d__29> (WakaTime.Plugin/<SendHeartbeat>d__29&)
WakaTime.Plugin:SendHeartbeat (bool)
WakaTime.Plugin:Initialize () (at ./Library/PackageCache/com.daniel-geo.unityhackatime@5ac210a9a2/Editor/Plugin.cs:78)
WakaTime.Plugin:.cctor () (at ./Library/PackageCache/com.daniel-geo.unityhackatime@5ac210a9a2/Editor/Plugin.cs:41)
System.Runtime.CompilerServices.RuntimeHelpers:RunClassConstructor (System.RuntimeTypeHandle)
UnityEditor.EditorAssemblies:ProcessInitializeOnLoadAttributes (System.Type[]) (at /Users/bokken/build/output/unity/unity/Editor/Mono/EditorAssemblies.cs:119)

(Filename: ./Library/PackageCache/com.daniel-geo.unityhackatime@5ac210a9a2/Editor/Plugin.cs Line: 144)

Mono: successfully reloaded assembly
- Finished resetting the current domain, in  3.616 seconds
Domain Reload Profiling: 4238ms
	BeginReloadAssembly (173ms)
		ExecutionOrderSort (0ms)
		DisableScriptedObjects (5ms)
		BackupInstance (0ms)
		ReleaseScriptingObjects (0ms)
		CreateAndSetChildDomain (56ms)
	RebuildCommonClasses (45ms)
	RebuildNativeTypeToScriptingClass (13ms)
	initialDomainReloadingComplete (42ms)
	LoadAllAssembliesAndSetupDomain (347ms)
		LoadAssemblies (383ms)
		RebuildTransferFunctionScriptingTraits (0ms)
		AnalyzeDomain (46ms)
			TypeCache.Refresh (33ms)
				TypeCache.ScanAssembly (0ms)
			ScanForSourceGeneratedMonoScriptInfo (0ms)
			ResolveRequiredComponents (11ms)
	FinalizeReload (3617ms)
		ReleaseScriptCaches (0ms)
		RebuildScriptCaches (0ms)
		SetupLoadedEditorAssemblies (1200ms)
			LogAssemblyErrors (0ms)
			InitializePlatformSupportModulesInManaged (12ms)
			SetLoadedEditorAssemblies (9ms)
			RefreshPlugins (0ms)
			BeforeProcessingInitializeOnLoad (121ms)
			ProcessInitializeOnLoadAttributes (1024ms)
			ProcessInitializeOnLoadMethodAttributes (31ms)
			AfterProcessingInitializeOnLoad (2ms)
			EditorAssembliesLoaded (1ms)
		ExecutionOrderSort2 (0ms)
		AwakeInstancesAfterBackupRestoration (7ms)
Refreshing native plugins compatible for Editor in 12.68 ms, found 3 plugins.
Preloading 0 native plugins for Editor in 0.00 ms.
<HackaTime> Got response
{"id":2722772101,"user_id":61064,"branch":"main","category":"coding","dependencies":[],"editor":"unity","entity":"Unsaved Scene","language":"unity","machine":null,"operating_system":null,"project":"Duos","type":"file","user_agent":"unity-hackatime","line_additions":null,"line_deletions":null,"lineno":null,"lines":null,"cursorpos":null,"project_root_count":null,"time":1789456256.0,"is_write":false,"created_at":"2026-09-15T07:11:18.417Z","updated_at":"2026-09-15T07:11:18.417Z","fields_hash":"45763229ff09b3ecd27e754408c3adce","source_type":"direct_entry","ip_address":"2001:8003:cc20:b000:3c85:4bd:9b58:8559","deleted_at":null,"ja4_id":41,"ai_model":null,"ai_session":null,"ai_subscription_plan":null,"ai_input_tokens":null,"ai_output_tokens":null,"ai_prompt_length":null,"ai_line_changes":null,"human_line_changes":null}
UnityEngine.StackTraceUtility:ExtractStackTrace () (at /Users/bokken/build/output/unity/unity/Runtime/Export/Scripting/StackTrace.cs:37)
UnityEngine.DebugLogHandler:LogFormat (UnityEngine.LogType,UnityEngine.Object,string,object[])
UnityEngine.Logger:Log (UnityEngine.LogType,object)
UnityEngine.Debug:Log (object)
WakaTime.Plugin/<SendHeartbeat>d__29:MoveNext () (at ./Library/PackageCache/com.daniel-geo.unityhackatime@5ac210a9a2/Editor/Plugin.cs:187)
System.Runtime.CompilerServices.AsyncMethodBuilderCore/MoveNextRunner:InvokeMoveNext (object)
System.Threading.ExecutionContext:RunInternal (System.Threading.ExecutionContext,System.Threading.ContextCallback,object,bool)
System.Threading.ExecutionContext:Run (System.Threading.ExecutionContext,System.Threading.ContextCallback,object,bool)
System.Runtime.CompilerServices.AsyncMethodBuilderCore/MoveNextRunner:Run ()
System.Threading.Tasks.AwaitTaskContinuation:InvokeAction (object)
System.Threading.Tasks.AwaitTaskContinuation:RunCallback (System.Threading.ContextCallback,object,System.Threading.Tasks.Task&)
System.Threading.Tasks.SynchronizationContextAwaitTaskContinuation:Run (System.Threading.Tasks.Task,bool)
System.Threading.Tasks.Task:FinishContinuations ()
System.Threading.Tasks.Task:FinishStageThree ()
System.Threading.Tasks.Task`1<bool>:TrySetResult (bool)
System.Threading.Tasks.TaskCompletionSource`1<bool>:TrySetResult (bool)
WakaTime.Plugin/<>c__DisplayClass29_0:<SendHeartbeat>b__0 (UnityEngine.AsyncOperation) (at ./Library/PackageCache/com.daniel-geo.unityhackatime@5ac210a9a2/Editor/Plugin.cs:176)
UnityEngine.AsyncOperation:InvokeCompletionEvent () (at /Users/bokken/build/output/unity/unity/Runtime/Export/Scripting/AsyncOperation.cs:21)

(Filename: ./Library/PackageCache/com.daniel-geo.unityhackatime@5ac210a9a2/Editor/Plugin.cs Line: 187)

<HackaTime> Sent heartbeat!
UnityEngine.StackTraceUtility:ExtractStackTrace () (at /Users/bokken/build/output/unity/unity/Runtime/Export/Scripting/StackTrace.cs:37)
UnityEngine.DebugLogHandler:LogFormat (UnityEngine.LogType,UnityEngine.Object,string,object[])
UnityEngine.Logger:Log (UnityEngine.LogType,object)
UnityEngine.Debug:Log (object)
WakaTime.Plugin/<SendHeartbeat>d__29:MoveNext () (at ./Library/PackageCache/com.daniel-geo.unityhackatime@5ac210a9a2/Editor/Plugin.cs:203)
System.Runtime.CompilerServices.AsyncMethodBuilderCore/MoveNextRunner:InvokeMoveNext (object)
System.Threading.ExecutionContext:RunInternal (System.Threading.ExecutionContext,System.Threading.ContextCallback,object,bool)
System.Threading.ExecutionContext:Run (System.Threading.ExecutionContext,System.Threading.ContextCallback,object,bool)
System.Runtime.CompilerServices.AsyncMethodBuilderCore/MoveNextRunner:Run ()
System.Threading.Tasks.AwaitTaskContinuation:InvokeAction (object)
System.Threading.Tasks.AwaitTaskContinuation:RunCallback (System.Threading.ContextCallback,object,System.Threading.Tasks.Task&)
System.Threading.Tasks.SynchronizationContextAwaitTaskContinuation:Run (System.Threading.Tasks.Task,bool)
System.Threading.Tasks.Task:FinishContinuations ()
System.Threading.Tasks.Task:FinishStageThree ()
System.Threading.Tasks.Task`1<bool>:TrySetResult (bool)
System.Threading.Tasks.TaskCompletionSource`1<bool>:TrySetResult (bool)
WakaTime.Plugin/<>c__DisplayClass29_0:<SendHeartbeat>b__0 (UnityEngine.AsyncOperation) (at ./Library/PackageCache/com.daniel-geo.unityhackatime@5ac210a9a2/Editor/Plugin.cs:176)
UnityEngine.AsyncOperation:InvokeCompletionEvent () (at /Users/bokken/build/output/unity/unity/Runtime/Export/Scripting/AsyncOperation.cs:21)

(Filename: ./Library/PackageCache/com.daniel-geo.unityhackatime@5ac210a9a2/Editor/Plugin.cs Line: 203)

Unloading 3682 Unused Serialized files (Serialized files now loaded: 0)
Unloading 47 unused Assets / (1.8 MB). Loaded Objects now: 4292.
Memory consumption went from 314.1 MB to 312.4 MB.
Total: 25.948708 ms (FindLiveObjects: 0.767375 ms CreateObjectMapping: 0.329125 ms MarkObjects: 24.134750 ms  DeleteObjects: 0.716666 ms)

Prepare: number of updated asset objects reloaded= 0
AssetImportParameters requested are different than current active one (requested -> active):
  custom:container-demuxer-ogg: 62fdf1f143b41e24485cea50d1cbac27 -> 
  custom:video-decoder-ogg-theora: a1e56fd34408186e4bbccfd4996cb3dc -> 
  custom:CustomObjectIndexerAttribute: 9a22284fe3817be447336de3de66b15e -> 
  custom:container-demuxer-webm: 4f35f7cbe854078d1ac9338744f61a02 -> 
  custom:container-muxer-webm: aa71ff27fc2769a1b78a27578f13a17b -> 
  custom:video-decoder-webm-vp8: 9c59270c3fd7afecdb556c50c9e8de78 -> 
  custom:SearchIndexIgnoredProperties: e643bd26f0fe6173181afceb89e7c659 -> 
  custom:AudioImporter_EditorPlatform: 3918e3fc78b5a79bad01e8451be0beb8 -> 
  custom:framework-osx-AVFoundation: e770b220cccbd017edd2c1fefb359320 -> 
  custom:video-encoder-webm-vp8: eb34c28f22e8b96e1ab97ce403110664 -> 
  custom:audio-decoder-ogg-vorbis: bf7c407c2cedff20999df2af8eb42d56 -> 
  custom:audio-encoder-webm-vorbis: bf7c407c2cedff20999df2af8eb42d56 -> 
========================================================================
Received Prepare
Begin MonoManager ReloadAssembly
Thread 0x16d8bb000 may have been prematurely finalized
- Loaded All Assemblies, in  0.581 seconds
Refreshing native plugins compatible for Editor in 2.89 ms, found 3 plugins.
Native extension for OSXStandalone target not found
<HackaTime> Initializing...
UnityEngine.StackTraceUtility:ExtractStackTrace () (at /Users/bokken/build/output/unity/unity/Runtime/Export/Scripting/StackTrace.cs:37)
UnityEngine.DebugLogHandler:LogFormat (UnityEngine.LogType,UnityEngine.Object,string,object[])
UnityEngine.Logger:Log (UnityEngine.LogType,object)
UnityEngine.Debug:Log (object)
WakaTime.Plugin:Initialize () (at ./Library/PackageCache/com.daniel-geo.unityhackatime@5ac210a9a2/Editor/Plugin.cs:76)
WakaTime.Plugin:.cctor () (at ./Library/PackageCache/com.daniel-geo.unityhackatime@5ac210a9a2/Editor/Plugin.cs:41)
System.Runtime.CompilerServices.RuntimeHelpers:RunClassConstructor (System.RuntimeTypeHandle)
UnityEditor.EditorAssemblies:ProcessInitializeOnLoadAttributes (System.Type[]) (at /Users/bokken/build/output/unity/unity/Editor/Mono/EditorAssemblies.cs:119)

(Filename: ./Library/PackageCache/com.daniel-geo.unityhackatime@5ac210a9a2/Editor/Plugin.cs Line: 76)

<HackaTime> Sending heartbeat...
UnityEngine.StackTraceUtility:ExtractStackTrace () (at /Users/bokken/build/output/unity/unity/Runtime/Export/Scripting/StackTrace.cs:37)
UnityEngine.DebugLogHandler:LogFormat (UnityEngine.LogType,UnityEngine.Object,string,object[])
UnityEngine.Logger:Log (UnityEngine.LogType,object)
UnityEngine.Debug:Log (object)
WakaTime.Plugin/<SendHeartbeat>d__29:MoveNext () (at ./Library/PackageCache/com.daniel-geo.unityhackatime@5ac210a9a2/Editor/Plugin.cs:144)
System.Runtime.CompilerServices.AsyncVoidMethodBuilder:Start<WakaTime.Plugin/<SendHeartbeat>d__29> (WakaTime.Plugin/<SendHeartbeat>d__29&)
WakaTime.Plugin:SendHeartbeat (bool)
WakaTime.Plugin:Initialize () (at ./Library/PackageCache/com.daniel-geo.unityhackatime@5ac210a9a2/Editor/Plugin.cs:78)
WakaTime.Plugin:.cctor () (at ./Library/PackageCache/com.daniel-geo.unityhackatime@5ac210a9a2/Editor/Plugin.cs:41)
System.Runtime.CompilerServices.RuntimeHelpers:RunClassConstructor (System.RuntimeTypeHandle)
UnityEditor.EditorAssemblies:ProcessInitializeOnLoadAttributes (System.Type[]) (at /Users/bokken/build/output/unity/unity/Editor/Mono/EditorAssemblies.cs:119)

(Filename: ./Library/PackageCache/com.daniel-geo.unityhackatime@5ac210a9a2/Editor/Plugin.cs Line: 144)

Mono: successfully reloaded assembly
- Finished resetting the current domain, in  1.393 seconds
Domain Reload Profiling: 1976ms
	BeginReloadAssembly (212ms)
		ExecutionOrderSort (0ms)
		DisableScriptedObjects (5ms)
		BackupInstance (0ms)
		ReleaseScriptingObjects (0ms)
		CreateAndSetChildDomain (79ms)
	RebuildCommonClasses (33ms)
	RebuildNativeTypeToScriptingClass (13ms)
	initialDomainReloadingComplete (29ms)
	LoadAllAssembliesAndSetupDomain (294ms)
		LoadAssemblies (350ms)
		RebuildTransferFunctionScriptingTraits (0ms)
		AnalyzeDomain (32ms)
			TypeCache.Refresh (23ms)
				TypeCache.ScanAssembly (0ms)
			ScanForSourceGeneratedMonoScriptInfo (0ms)
			ResolveRequiredComponents (8ms)
	FinalizeReload (1394ms)
		ReleaseScriptCaches (0ms)
		RebuildScriptCaches (0ms)
		SetupLoadedEditorAssemblies (459ms)
			LogAssemblyErrors (0ms)
			InitializePlatformSupportModulesInManaged (4ms)
			SetLoadedEditorAssemblies (3ms)
			RefreshPlugins (0ms)
			BeforeProcessingInitializeOnLoad (44ms)
			ProcessInitializeOnLoadAttributes (392ms)
			ProcessInitializeOnLoadMethodAttributes (16ms)
			AfterProcessingInitializeOnLoad (1ms)
			EditorAssembliesLoaded (0ms)
		ExecutionOrderSort2 (0ms)
		AwakeInstancesAfterBackupRestoration (3ms)
Refreshing native plugins compatible for Editor in 2.59 ms, found 3 plugins.
Preloading 0 native plugins for Editor in 0.00 ms.
<HackaTime> Got response
{"id":2722772494,"user_id":61064,"branch":"main","category":"coding","dependencies":[],"editor":"unity","entity":"Unsaved Scene","language":"unity","machine":null,"operating_system":null,"project":"Duos","type":"file","user_agent":"unity-hackatime","line_additions":null,"line_deletions":null,"lineno":null,"lines":null,"cursorpos":null,"project_root_count":null,"time":1789456384.0,"is_write":false,"created_at":"2026-09-15T07:12:14.652Z","updated_at":"2026-09-15T07:12:14.652Z","fields_hash":"76e1281d5d90c79728c3e20717ad5ae5","source_type":"direct_entry","ip_address":"2001:8003:cc20:b000:3c85:4bd:9b58:8559","deleted_at":null,"ja4_id":41,"ai_model":null,"ai_session":null,"ai_subscription_plan":null,"ai_input_tokens":null,"ai_output_tokens":null,"ai_prompt_length":null,"ai_line_changes":null,"human_line_changes":null}
UnityEngine.StackTraceUtility:ExtractStackTrace () (at /Users/bokken/build/output/unity/unity/Runtime/Export/Scripting/StackTrace.cs:37)
UnityEngine.DebugLogHandler:LogFormat (UnityEngine.LogType,UnityEngine.Object,string,object[])
UnityEngine.Logger:Log (UnityEngine.LogType,object)
UnityEngine.Debug:Log (object)
WakaTime.Plugin/<SendHeartbeat>d__29:MoveNext () (at ./Library/PackageCache/com.daniel-geo.unityhackatime@5ac210a9a2/Editor/Plugin.cs:187)
System.Runtime.CompilerServices.AsyncMethodBuilderCore/MoveNextRunner:InvokeMoveNext (object)
System.Threading.ExecutionContext:RunInternal (System.Threading.ExecutionContext,System.Threading.ContextCallback,object,bool)
System.Threading.ExecutionContext:Run (System.Threading.ExecutionContext,System.Threading.ContextCallback,object,bool)
System.Runtime.CompilerServices.AsyncMethodBuilderCore/MoveNextRunner:Run ()
System.Threading.Tasks.AwaitTaskContinuation:InvokeAction (object)
System.Threading.Tasks.AwaitTaskContinuation:RunCallback (System.Threading.ContextCallback,object,System.Threading.Tasks.Task&)
System.Threading.Tasks.SynchronizationContextAwaitTaskContinuation:Run (System.Threading.Tasks.Task,bool)
System.Threading.Tasks.Task:FinishContinuations ()
System.Threading.Tasks.Task:FinishStageThree ()
System.Threading.Tasks.Task`1<bool>:TrySetResult (bool)
System.Threading.Tasks.TaskCompletionSource`1<bool>:TrySetResult (bool)
WakaTime.Plugin/<>c__DisplayClass29_0:<SendHeartbeat>b__0 (UnityEngine.AsyncOperation) (at ./Library/PackageCache/com.daniel-geo.unityhackatime@5ac210a9a2/Editor/Plugin.cs:176)
UnityEngine.AsyncOperation:InvokeCompletionEvent () (at /Users/bokken/build/output/unity/unity/Runtime/Export/Scripting/AsyncOperation.cs:21)

(Filename: ./Library/PackageCache/com.daniel-geo.unityhackatime@5ac210a9a2/Editor/Plugin.cs Line: 187)

<HackaTime> Sent heartbeat!
UnityEngine.StackTraceUtility:ExtractStackTrace () (at /Users/bokken/build/output/unity/unity/Runtime/Export/Scripting/StackTrace.cs:37)
UnityEngine.DebugLogHandler:LogFormat (UnityEngine.LogType,UnityEngine.Object,string,object[])
UnityEngine.Logger:Log (UnityEngine.LogType,object)
UnityEngine.Debug:Log (object)
WakaTime.Plugin/<SendHeartbeat>d__29:MoveNext () (at ./Library/PackageCache/com.daniel-geo.unityhackatime@5ac210a9a2/Editor/Plugin.cs:203)
System.Runtime.CompilerServices.AsyncMethodBuilderCore/MoveNextRunner:InvokeMoveNext (object)
System.Threading.ExecutionContext:RunInternal (System.Threading.ExecutionContext,System.Threading.ContextCallback,object,bool)
System.Threading.ExecutionContext:Run (System.Threading.ExecutionContext,System.Threading.ContextCallback,object,bool)
System.Runtime.CompilerServices.AsyncMethodBuilderCore/MoveNextRunner:Run ()
System.Threading.Tasks.AwaitTaskContinuation:InvokeAction (object)
System.Threading.Tasks.AwaitTaskContinuation:RunCallback (System.Threading.ContextCallback,object,System.Threading.Tasks.Task&)
System.Threading.Tasks.SynchronizationContextAwaitTaskContinuation:Run (System.Threading.Tasks.Task,bool)
System.Threading.Tasks.Task:FinishContinuations ()
System.Threading.Tasks.Task:FinishStageThree ()
System.Threading.Tasks.Task`1<bool>:TrySetResult (bool)
System.Threading.Tasks.TaskCompletionSource`1<bool>:TrySetResult (bool)
WakaTime.Plugin/<>c__DisplayClass29_0:<SendHeartbeat>b__0 (UnityEngine.AsyncOperation) (at ./Library/PackageCache/com.daniel-geo.unityhackatime@5ac210a9a2/Editor/Plugin.cs:176)
UnityEngine.AsyncOperation:InvokeCompletionEvent () (at /Users/bokken/build/output/unity/unity/Runtime/Export/Scripting/AsyncOperation.cs:21)

(Filename: ./Library/PackageCache/com.daniel-geo.unityhackatime@5ac210a9a2/Editor/Plugin.cs Line: 203)

Unloading 3682 Unused Serialized files (Serialized files now loaded: 0)
Unloading 47 unused Assets / (1.8 MB). Loaded Objects now: 4296.
Memory consumption went from 321.3 MB to 319.5 MB.
Total: 4.357458 ms (FindLiveObjects: 0.243000 ms CreateObjectMapping: 0.052500 ms MarkObjects: 3.778833 ms  DeleteObjects: 0.280500 ms)

Prepare: number of updated asset objects reloaded= 0
AssetImportParameters requested are different than current active one (requested -> active):
  custom:container-demuxer-ogg: 62fdf1f143b41e24485cea50d1cbac27 -> 
  custom:video-decoder-ogg-theora: a1e56fd34408186e4bbccfd4996cb3dc -> 
  custom:CustomObjectIndexerAttribute: 9a22284fe3817be447336de3de66b15e -> 
  custom:container-demuxer-webm: 4f35f7cbe854078d1ac9338744f61a02 -> 
  custom:container-muxer-webm: aa71ff27fc2769a1b78a27578f13a17b -> 
  custom:video-decoder-webm-vp8: 9c59270c3fd7afecdb556c50c9e8de78 -> 
  custom:SearchIndexIgnoredProperties: e643bd26f0fe6173181afceb89e7c659 -> 
  custom:AudioImporter_EditorPlatform: 3918e3fc78b5a79bad01e8451be0beb8 -> 
  custom:framework-osx-AVFoundation: e770b220cccbd017edd2c1fefb359320 -> 
  custom:video-encoder-webm-vp8: eb34c28f22e8b96e1ab97ce403110664 -> 
  custom:audio-decoder-ogg-vorbis: bf7c407c2cedff20999df2af8eb42d56 -> 
  custom:audio-encoder-webm-vorbis: bf7c407c2cedff20999df2af8eb42d56 -> 
========================================================================
Received Prepare
Begin MonoManager ReloadAssembly
Thread 0x16d8bb000 may have been prematurely finalized
- Loaded All Assemblies, in  0.516 seconds
Refreshing native plugins compatible for Editor in 3.76 ms, found 3 plugins.
Native extension for OSXStandalone target not found
<HackaTime> Initializing...
UnityEngine.StackTraceUtility:ExtractStackTrace () (at /Users/bokken/build/output/unity/unity/Runtime/Export/Scripting/StackTrace.cs:37)
UnityEngine.DebugLogHandler:LogFormat (UnityEngine.LogType,UnityEngine.Object,string,object[])
UnityEngine.Logger:Log (UnityEngine.LogType,object)
UnityEngine.Debug:Log (object)
WakaTime.Plugin:Initialize () (at ./Library/PackageCache/com.daniel-geo.unityhackatime@5ac210a9a2/Editor/Plugin.cs:76)
WakaTime.Plugin:.cctor () (at ./Library/PackageCache/com.daniel-geo.unityhackatime@5ac210a9a2/Editor/Plugin.cs:41)
System.Runtime.CompilerServices.RuntimeHelpers:RunClassConstructor (System.RuntimeTypeHandle)
UnityEditor.EditorAssemblies:ProcessInitializeOnLoadAttributes (System.Type[]) (at /Users/bokken/build/output/unity/unity/Editor/Mono/EditorAssemblies.cs:119)

(Filename: ./Library/PackageCache/com.daniel-geo.unityhackatime@5ac210a9a2/Editor/Plugin.cs Line: 76)

<HackaTime> Sending heartbeat...
UnityEngine.StackTraceUtility:ExtractStackTrace () (at /Users/bokken/build/output/unity/unity/Runtime/Export/Scripting/StackTrace.cs:37)
UnityEngine.DebugLogHandler:LogFormat (UnityEngine.LogType,UnityEngine.Object,string,object[])
UnityEngine.Logger:Log (UnityEngine.LogType,object)
UnityEngine.Debug:Log (object)
WakaTime.Plugin/<SendHeartbeat>d__29:MoveNext () (at ./Library/PackageCache/com.daniel-geo.unityhackatime@5ac210a9a2/Editor/Plugin.cs:144)
System.Runtime.CompilerServices.AsyncVoidMethodBuilder:Start<WakaTime.Plugin/<SendHeartbeat>d__29> (WakaTime.Plugin/<SendHeartbeat>d__29&)
WakaTime.Plugin:SendHeartbeat (bool)
WakaTime.Plugin:Initialize () (at ./Library/PackageCache/com.daniel-geo.unityhackatime@5ac210a9a2/Editor/Plugin.cs:78)
WakaTime.Plugin:.cctor () (at ./Library/PackageCache/com.daniel-geo.unityhackatime@5ac210a9a2/Editor/Plugin.cs:41)
System.Runtime.CompilerServices.RuntimeHelpers:RunClassConstructor (System.RuntimeTypeHandle)
UnityEditor.EditorAssemblies:ProcessInitializeOnLoadAttributes (System.Type[]) (at /Users/bokken/build/output/unity/unity/Editor/Mono/EditorAssemblies.cs:119)

(Filename: ./Library/PackageCache/com.daniel-geo.unityhackatime@5ac210a9a2/Editor/Plugin.cs Line: 144)

Mono: successfully reloaded assembly
- Finished resetting the current domain, in  1.218 seconds
Domain Reload Profiling: 1735ms
	BeginReloadAssembly (142ms)
		ExecutionOrderSort (0ms)
		DisableScriptedObjects (5ms)
		BackupInstance (0ms)
		ReleaseScriptingObjects (0ms)
		CreateAndSetChildDomain (46ms)
	RebuildCommonClasses (37ms)
	RebuildNativeTypeToScriptingClass (21ms)
	initialDomainReloadingComplete (55ms)
	LoadAllAssembliesAndSetupDomain (261ms)
		LoadAssemblies (305ms)
		RebuildTransferFunctionScriptingTraits (0ms)
		AnalyzeDomain (20ms)
			TypeCache.Refresh (13ms)
				TypeCache.ScanAssembly (0ms)
			ScanForSourceGeneratedMonoScriptInfo (0ms)
			ResolveRequiredComponents (6ms)
	FinalizeReload (1219ms)
		ReleaseScriptCaches (0ms)
		RebuildScriptCaches (0ms)
		SetupLoadedEditorAssemblies (751ms)
			LogAssemblyErrors (0ms)
			InitializePlatformSupportModulesInManaged (5ms)
			SetLoadedEditorAssemblies (4ms)
			RefreshPlugins (0ms)
			BeforeProcessingInitializeOnLoad (68ms)
			ProcessInitializeOnLoadAttributes (650ms)
			ProcessInitializeOnLoadMethodAttributes (23ms)
			AfterProcessingInitializeOnLoad (1ms)
			EditorAssembliesLoaded (0ms)
		ExecutionOrderSort2 (0ms)
		AwakeInstancesAfterBackupRestoration (5ms)
Refreshing native plugins compatible for Editor in 5.29 ms, found 3 plugins.
Preloading 0 native plugins for Editor in 0.00 ms.
<HackaTime> Got response
{"id":2722772494,"user_id":61064,"branch":"main","category":"coding","dependencies":[],"editor":"unity","entity":"Unsaved Scene","language":"unity","machine":null,"operating_system":null,"project":"Duos","type":"file","user_agent":"unity-hackatime","line_additions":null,"line_deletions":null,"lineno":null,"lines":null,"cursorpos":null,"project_root_count":null,"time":1789456384.0,"is_write":false,"created_at":"2026-09-15T07:12:14.652Z","updated_at":"2026-09-15T07:12:14.652Z","fields_hash":"76e1281d5d90c79728c3e20717ad5ae5","source_type":"direct_entry","ip_address":"2001:8003:cc20:b000:3c85:4bd:9b58:8559","deleted_at":null,"ja4_id":41,"ai_model":null,"ai_session":null,"ai_subscription_plan":null,"ai_input_tokens":null,"ai_output_tokens":null,"ai_prompt_length":null,"ai_line_changes":null,"human_line_changes":null}
UnityEngine.StackTraceUtility:ExtractStackTrace () (at /Users/bokken/build/output/unity/unity/Runtime/Export/Scripting/StackTrace.cs:37)
UnityEngine.DebugLogHandler:LogFormat (UnityEngine.LogType,UnityEngine.Object,string,object[])
UnityEngine.Logger:Log (UnityEngine.LogType,object)
UnityEngine.Debug:Log (object)
WakaTime.Plugin/<SendHeartbeat>d__29:MoveNext () (at ./Library/PackageCache/com.daniel-geo.unityhackatime@5ac210a9a2/Editor/Plugin.cs:187)
System.Runtime.CompilerServices.AsyncMethodBuilderCore/MoveNextRunner:InvokeMoveNext (object)
System.Threading.ExecutionContext:RunInternal (System.Threading.ExecutionContext,System.Threading.ContextCallback,object,bool)
System.Threading.ExecutionContext:Run (System.Threading.ExecutionContext,System.Threading.ContextCallback,object,bool)
System.Runtime.CompilerServices.AsyncMethodBuilderCore/MoveNextRunner:Run ()
System.Threading.Tasks.AwaitTaskContinuation:InvokeAction (object)
System.Threading.Tasks.AwaitTaskContinuation:RunCallback (System.Threading.ContextCallback,object,System.Threading.Tasks.Task&)
System.Threading.Tasks.SynchronizationContextAwaitTaskContinuation:Run (System.Threading.Tasks.Task,bool)
System.Threading.Tasks.Task:FinishContinuations ()
System.Threading.Tasks.Task:FinishStageThree ()
System.Threading.Tasks.Task`1<bool>:TrySetResult (bool)
System.Threading.Tasks.TaskCompletionSource`1<bool>:TrySetResult (bool)
WakaTime.Plugin/<>c__DisplayClass29_0:<SendHeartbeat>b__0 (UnityEngine.AsyncOperation) (at ./Library/PackageCache/com.daniel-geo.unityhackatime@5ac210a9a2/Editor/Plugin.cs:176)
UnityEngine.AsyncOperation:InvokeCompletionEvent () (at /Users/bokken/build/output/unity/unity/Runtime/Export/Scripting/AsyncOperation.cs:21)

(Filename: ./Library/PackageCache/com.daniel-geo.unityhackatime@5ac210a9a2/Editor/Plugin.cs Line: 187)

<HackaTime> Sent heartbeat!
UnityEngine.StackTraceUtility:ExtractStackTrace () (at /Users/bokken/build/output/unity/unity/Runtime/Export/Scripting/StackTrace.cs:37)
UnityEngine.DebugLogHandler:LogFormat (UnityEngine.LogType,UnityEngine.Object,string,object[])
UnityEngine.Logger:Log (UnityEngine.LogType,object)
UnityEngine.Debug:Log (object)
WakaTime.Plugin/<SendHeartbeat>d__29:MoveNext () (at ./Library/PackageCache/com.daniel-geo.unityhackatime@5ac210a9a2/Editor/Plugin.cs:203)
System.Runtime.CompilerServices.AsyncMethodBuilderCore/MoveNextRunner:InvokeMoveNext (object)
System.Threading.ExecutionContext:RunInternal (System.Threading.ExecutionContext,System.Threading.ContextCallback,object,bool)
System.Threading.ExecutionContext:Run (System.Threading.ExecutionContext,System.Threading.ContextCallback,object,bool)
System.Runtime.CompilerServices.AsyncMethodBuilderCore/MoveNextRunner:Run ()
System.Threading.Tasks.AwaitTaskContinuation:InvokeAction (object)
System.Threading.Tasks.AwaitTaskContinuation:RunCallback (System.Threading.ContextCallback,object,System.Threading.Tasks.Task&)
System.Threading.Tasks.SynchronizationContextAwaitTaskContinuation:Run (System.Threading.Tasks.Task,bool)
System.Threading.Tasks.Task:FinishContinuations ()
System.Threading.Tasks.Task:FinishStageThree ()
System.Threading.Tasks.Task`1<bool>:TrySetResult (bool)
System.Threading.Tasks.TaskCompletionSource`1<bool>:TrySetResult (bool)
WakaTime.Plugin/<>c__DisplayClass29_0:<SendHeartbeat>b__0 (UnityEngine.AsyncOperation) (at ./Library/PackageCache/com.daniel-geo.unityhackatime@5ac210a9a2/Editor/Plugin.cs:176)
UnityEngine.AsyncOperation:InvokeCompletionEvent () (at /Users/bokken/build/output/unity/unity/Runtime/Export/Scripting/AsyncOperation.cs:21)

(Filename: ./Library/PackageCache/com.daniel-geo.unityhackatime@5ac210a9a2/Editor/Plugin.cs Line: 203)

Unloading 3682 Unused Serialized files (Serialized files now loaded: 0)
Unloading 47 unused Assets / (1.8 MB). Loaded Objects now: 4300.
Memory consumption went from 328.4 MB to 326.6 MB.
Total: 9.853709 ms (FindLiveObjects: 0.386917 ms CreateObjectMapping: 0.175291 ms MarkObjects: 8.877292 ms  DeleteObjects: 0.412917 ms)

Prepare: number of updated asset objects reloaded= 0
AssetImportParameters requested are different than current active one (requested -> active):
  custom:container-demuxer-ogg: 62fdf1f143b41e24485cea50d1cbac27 -> 
  custom:video-decoder-ogg-theora: a1e56fd34408186e4bbccfd4996cb3dc -> 
  custom:CustomObjectIndexerAttribute: 9a22284fe3817be447336de3de66b15e -> 
  custom:container-demuxer-webm: 4f35f7cbe854078d1ac9338744f61a02 -> 
  custom:container-muxer-webm: aa71ff27fc2769a1b78a27578f13a17b -> 
  custom:video-decoder-webm-vp8: 9c59270c3fd7afecdb556c50c9e8de78 -> 
  custom:SearchIndexIgnoredProperties: e643bd26f0fe6173181afceb89e7c659 -> 
  custom:AudioImporter_EditorPlatform: 3918e3fc78b5a79bad01e8451be0beb8 -> 
  custom:framework-osx-AVFoundation: e770b220cccbd017edd2c1fefb359320 -> 
  custom:video-encoder-webm-vp8: eb34c28f22e8b96e1ab97ce403110664 -> 
  custom:audio-decoder-ogg-vorbis: bf7c407c2cedff20999df2af8eb42d56 -> 
  custom:audio-encoder-webm-vorbis: bf7c407c2cedff20999df2af8eb42d56 -> 
========================================================================
Received Prepare
Begin MonoManager ReloadAssembly
Thread 0x16d8bb000 may have been prematurely finalized
- Loaded All Assemblies, in  0.556 seconds
Refreshing native plugins compatible for Editor in 2.86 ms, found 3 plugins.
Native extension for OSXStandalone target not found
<HackaTime> Initializing...
UnityEngine.StackTraceUtility:ExtractStackTrace () (at /Users/bokken/build/output/unity/unity/Runtime/Export/Scripting/StackTrace.cs:37)
UnityEngine.DebugLogHandler:LogFormat (UnityEngine.LogType,UnityEngine.Object,string,object[])
UnityEngine.Logger:Log (UnityEngine.LogType,object)
UnityEngine.Debug:Log (object)
WakaTime.Plugin:Initialize () (at ./Library/PackageCache/com.daniel-geo.unityhackatime@5ac210a9a2/Editor/Plugin.cs:76)
WakaTime.Plugin:.cctor () (at ./Library/PackageCache/com.daniel-geo.unityhackatime@5ac210a9a2/Editor/Plugin.cs:41)
System.Runtime.CompilerServices.RuntimeHelpers:RunClassConstructor (System.RuntimeTypeHandle)
UnityEditor.EditorAssemblies:ProcessInitializeOnLoadAttributes (System.Type[]) (at /Users/bokken/build/output/unity/unity/Editor/Mono/EditorAssemblies.cs:119)

(Filename: ./Library/PackageCache/com.daniel-geo.unityhackatime@5ac210a9a2/Editor/Plugin.cs Line: 76)

<HackaTime> Sending heartbeat...
UnityEngine.StackTraceUtility:ExtractStackTrace () (at /Users/bokken/build/output/unity/unity/Runtime/Export/Scripting/StackTrace.cs:37)
UnityEngine.DebugLogHandler:LogFormat (UnityEngine.LogType,UnityEngine.Object,string,object[])
UnityEngine.Logger:Log (UnityEngine.LogType,object)
UnityEngine.Debug:Log (object)
WakaTime.Plugin/<SendHeartbeat>d__29:MoveNext () (at ./Library/PackageCache/com.daniel-geo.unityhackatime@5ac210a9a2/Editor/Plugin.cs:144)
System.Runtime.CompilerServices.AsyncVoidMethodBuilder:Start<WakaTime.Plugin/<SendHeartbeat>d__29> (WakaTime.Plugin/<SendHeartbeat>d__29&)
WakaTime.Plugin:SendHeartbeat (bool)
WakaTime.Plugin:Initialize () (at ./Library/PackageCache/com.daniel-geo.unityhackatime@5ac210a9a2/Editor/Plugin.cs:78)
WakaTime.Plugin:.cctor () (at ./Library/PackageCache/com.daniel-geo.unityhackatime@5ac210a9a2/Editor/Plugin.cs:41)
System.Runtime.CompilerServices.RuntimeHelpers:RunClassConstructor (System.RuntimeTypeHandle)
UnityEditor.EditorAssemblies:ProcessInitializeOnLoadAttributes (System.Type[]) (at /Users/bokken/build/output/unity/unity/Editor/Mono/EditorAssemblies.cs:119)

(Filename: ./Library/PackageCache/com.daniel-geo.unityhackatime@5ac210a9a2/Editor/Plugin.cs Line: 144)

Mono: successfully reloaded assembly
- Finished resetting the current domain, in  2.122 seconds
Domain Reload Profiling: 2680ms
	BeginReloadAssembly (220ms)
		ExecutionOrderSort (0ms)
		DisableScriptedObjects (6ms)
		BackupInstance (0ms)
		ReleaseScriptingObjects (0ms)
		CreateAndSetChildDomain (115ms)
	RebuildCommonClasses (30ms)
	RebuildNativeTypeToScriptingClass (11ms)
	initialDomainReloadingComplete (22ms)
	LoadAllAssembliesAndSetupDomain (274ms)
		LoadAssemblies (307ms)
		RebuildTransferFunctionScriptingTraits (0ms)
		AnalyzeDomain (36ms)
			TypeCache.Refresh (26ms)
				TypeCache.ScanAssembly (0ms)
			ScanForSourceGeneratedMonoScriptInfo (0ms)
			ResolveRequiredComponents (8ms)
	FinalizeReload (2123ms)
		ReleaseScriptCaches (0ms)
		RebuildScriptCaches (0ms)
		SetupLoadedEditorAssemblies (400ms)
			LogAssemblyErrors (0ms)
			InitializePlatformSupportModulesInManaged (4ms)
			SetLoadedEditorAssemblies (2ms)
			RefreshPlugins (0ms)
			BeforeProcessingInitializeOnLoad (37ms)
			ProcessInitializeOnLoadAttributes (344ms)
			ProcessInitializeOnLoadMethodAttributes (12ms)
			AfterProcessingInitializeOnLoad (1ms)
			EditorAssembliesLoaded (0ms)
		ExecutionOrderSort2 (0ms)
		AwakeInstancesAfterBackupRestoration (3ms)
Refreshing native plugins compatible for Editor in 2.43 ms, found 3 plugins.
Preloading 0 native plugins for Editor in 0.00 ms.
<HackaTime> Got response
{"id":2723716493,"user_id":61064,"branch":"main","category":"coding","dependencies":[],"editor":"unity","entity":"Unsaved Scene","language":"unity","machine":null,"operating_system":null,"project":"Duos","type":"file","user_agent":"unity-hackatime","line_additions":null,"line_deletions":null,"lineno":null,"lines":null,"cursorpos":null,"project_root_count":null,"time":1789539456.0,"is_write":false,"created_at":"2026-09-16T06:17:46.284Z","updated_at":"2026-09-16T06:17:46.284Z","fields_hash":"772d8040bc8bb4c62ac32e0e357c5d78","source_type":"direct_entry","ip_address":"2001:8003:cc20:b000:3c85:4bd:9b58:8559","deleted_at":null,"ja4_id":41,"ai_model":null,"ai_session":null,"ai_subscription_plan":null,"ai_input_tokens":null,"ai_output_tokens":null,"ai_prompt_length":null,"ai_line_changes":null,"human_line_changes":null}
UnityEngine.StackTraceUtility:ExtractStackTrace () (at /Users/bokken/build/output/unity/unity/Runtime/Export/Scripting/StackTrace.cs:37)
UnityEngine.DebugLogHandler:LogFormat (UnityEngine.LogType,UnityEngine.Object,string,object[])
UnityEngine.Logger:Log (UnityEngine.LogType,object)
UnityEngine.Debug:Log (object)
WakaTime.Plugin/<SendHeartbeat>d__29:MoveNext () (at ./Library/PackageCache/com.daniel-geo.unityhackatime@5ac210a9a2/Editor/Plugin.cs:187)
System.Runtime.CompilerServices.AsyncMethodBuilderCore/MoveNextRunner:InvokeMoveNext (object)
System.Threading.ExecutionContext:RunInternal (System.Threading.ExecutionContext,System.Threading.ContextCallback,object,bool)
System.Threading.ExecutionContext:Run (System.Threading.ExecutionContext,System.Threading.ContextCallback,object,bool)
System.Runtime.CompilerServices.AsyncMethodBuilderCore/MoveNextRunner:Run ()
System.Threading.Tasks.AwaitTaskContinuation:InvokeAction (object)
System.Threading.Tasks.AwaitTaskContinuation:RunCallback (System.Threading.ContextCallback,object,System.Threading.Tasks.Task&)
System.Threading.Tasks.SynchronizationContextAwaitTaskContinuation:Run (System.Threading.Tasks.Task,bool)
System.Threading.Tasks.Task:FinishContinuations ()
System.Threading.Tasks.Task:FinishStageThree ()
System.Threading.Tasks.Task`1<bool>:TrySetResult (bool)
System.Threading.Tasks.TaskCompletionSource`1<bool>:TrySetResult (bool)
WakaTime.Plugin/<>c__DisplayClass29_0:<SendHeartbeat>b__0 (UnityEngine.AsyncOperation) (at ./Library/PackageCache/com.daniel-geo.unityhackatime@5ac210a9a2/Editor/Plugin.cs:176)
UnityEngine.AsyncOperation:InvokeCompletionEvent () (at /Users/bokken/build/output/unity/unity/Runtime/Export/Scripting/AsyncOperation.cs:21)

(Filename: ./Library/PackageCache/com.daniel-geo.unityhackatime@5ac210a9a2/Editor/Plugin.cs Line: 187)

<HackaTime> Sent heartbeat!
UnityEngine.StackTraceUtility:ExtractStackTrace () (at /Users/bokken/build/output/unity/unity/Runtime/Export/Scripting/StackTrace.cs:37)
UnityEngine.DebugLogHandler:LogFormat (UnityEngine.LogType,UnityEngine.Object,string,object[])
UnityEngine.Logger:Log (UnityEngine.LogType,object)
UnityEngine.Debug:Log (object)
WakaTime.Plugin/<SendHeartbeat>d__29:MoveNext () (at ./Library/PackageCache/com.daniel-geo.unityhackatime@5ac210a9a2/Editor/Plugin.cs:203)
System.Runtime.CompilerServices.AsyncMethodBuilderCore/MoveNextRunner:InvokeMoveNext (object)
System.Threading.ExecutionContext:RunInternal (System.Threading.ExecutionContext,System.Threading.ContextCallback,object,bool)
System.Threading.ExecutionContext:Run (System.Threading.ExecutionContext,System.Threading.ContextCallback,object,bool)
System.Runtime.CompilerServices.AsyncMethodBuilderCore/MoveNextRunner:Run ()
System.Threading.Tasks.AwaitTaskContinuation:InvokeAction (object)
System.Threading.Tasks.AwaitTaskContinuation:RunCallback (System.Threading.ContextCallback,object,System.Threading.Tasks.Task&)
System.Threading.Tasks.SynchronizationContextAwaitTaskContinuation:Run (System.Threading.Tasks.Task,bool)
System.Threading.Tasks.Task:FinishContinuations ()
System.Threading.Tasks.Task:FinishStageThree ()
System.Threading.Tasks.Task`1<bool>:TrySetResult (bool)
System.Threading.Tasks.TaskCompletionSource`1<bool>:TrySetResult (bool)
WakaTime.Plugin/<>c__DisplayClass29_0:<SendHeartbeat>b__0 (UnityEngine.AsyncOperation) (at ./Library/PackageCache/com.daniel-geo.unityhackatime@5ac210a9a2/Editor/Plugin.cs:176)
UnityEngine.AsyncOperation:InvokeCompletionEvent () (at /Users/bokken/build/output/unity/unity/Runtime/Export/Scripting/AsyncOperation.cs:21)

(Filename: ./Library/PackageCache/com.daniel-geo.unityhackatime@5ac210a9a2/Editor/Plugin.cs Line: 203)

Unloading 3682 Unused Serialized files (Serialized files now loaded: 0)
Unloading 47 unused Assets / (1.8 MB). Loaded Objects now: 4304.
Memory consumption went from 333.4 MB to 331.6 MB.
Total: 3.961875 ms (FindLiveObjects: 0.163250 ms CreateObjectMapping: 0.049666 ms MarkObjects: 3.499584 ms  DeleteObjects: 0.248916 ms)

Prepare: number of updated asset objects reloaded= 0
AssetImportParameters requested are different than current active one (requested -> active):
  custom:container-demuxer-ogg: 62fdf1f143b41e24485cea50d1cbac27 -> 
  custom:video-decoder-ogg-theora: a1e56fd34408186e4bbccfd4996cb3dc -> 
  custom:CustomObjectIndexerAttribute: 9a22284fe3817be447336de3de66b15e -> 
  custom:container-demuxer-webm: 4f35f7cbe854078d1ac9338744f61a02 -> 
  custom:container-muxer-webm: aa71ff27fc2769a1b78a27578f13a17b -> 
  custom:video-decoder-webm-vp8: 9c59270c3fd7afecdb556c50c9e8de78 -> 
  custom:SearchIndexIgnoredProperties: e643bd26f0fe6173181afceb89e7c659 -> 
  custom:AudioImporter_EditorPlatform: 3918e3fc78b5a79bad01e8451be0beb8 -> 
  custom:framework-osx-AVFoundation: e770b220cccbd017edd2c1fefb359320 -> 
  custom:video-encoder-webm-vp8: eb34c28f22e8b96e1ab97ce403110664 -> 
  custom:audio-decoder-ogg-vorbis: bf7c407c2cedff20999df2af8eb42d56 -> 
  custom:audio-encoder-webm-vorbis: bf7c407c2cedff20999df2af8eb42d56 -> 
========================================================================
Received Prepare
Begin MonoManager ReloadAssembly
Thread 0x16d8bb000 may have been prematurely finalized
- Loaded All Assemblies, in  0.509 seconds
Refreshing native plugins compatible for Editor in 3.57 ms, found 3 plugins.
Native extension for OSXStandalone target not found
<HackaTime> Initializing...
UnityEngine.StackTraceUtility:ExtractStackTrace () (at /Users/bokken/build/output/unity/unity/Runtime/Export/Scripting/StackTrace.cs:37)
UnityEngine.DebugLogHandler:LogFormat (UnityEngine.LogType,UnityEngine.Object,string,object[])
UnityEngine.Logger:Log (UnityEngine.LogType,object)
UnityEngine.Debug:Log (object)
WakaTime.Plugin:Initialize () (at ./Library/PackageCache/com.daniel-geo.unityhackatime@5ac210a9a2/Editor/Plugin.cs:76)
WakaTime.Plugin:.cctor () (at ./Library/PackageCache/com.daniel-geo.unityhackatime@5ac210a9a2/Editor/Plugin.cs:41)
System.Runtime.CompilerServices.RuntimeHelpers:RunClassConstructor (System.RuntimeTypeHandle)
UnityEditor.EditorAssemblies:ProcessInitializeOnLoadAttributes (System.Type[]) (at /Users/bokken/build/output/unity/unity/Editor/Mono/EditorAssemblies.cs:119)

(Filename: ./Library/PackageCache/com.daniel-geo.unityhackatime@5ac210a9a2/Editor/Plugin.cs Line: 76)

<HackaTime> Sending heartbeat...
UnityEngine.StackTraceUtility:ExtractStackTrace () (at /Users/bokken/build/output/unity/unity/Runtime/Export/Scripting/StackTrace.cs:37)
UnityEngine.DebugLogHandler:LogFormat (UnityEngine.LogType,UnityEngine.Object,string,object[])
UnityEngine.Logger:Log (UnityEngine.LogType,object)
UnityEngine.Debug:Log (object)
WakaTime.Plugin/<SendHeartbeat>d__29:MoveNext () (at ./Library/PackageCache/com.daniel-geo.unityhackatime@5ac210a9a2/Editor/Plugin.cs:144)
System.Runtime.CompilerServices.AsyncVoidMethodBuilder:Start<WakaTime.Plugin/<SendHeartbeat>d__29> (WakaTime.Plugin/<SendHeartbeat>d__29&)
WakaTime.Plugin:SendHeartbeat (bool)
WakaTime.Plugin:Initialize () (at ./Library/PackageCache/com.daniel-geo.unityhackatime@5ac210a9a2/Editor/Plugin.cs:78)
WakaTime.Plugin:.cctor () (at ./Library/PackageCache/com.daniel-geo.unityhackatime@5ac210a9a2/Editor/Plugin.cs:41)
System.Runtime.CompilerServices.RuntimeHelpers:RunClassConstructor (System.RuntimeTypeHandle)
UnityEditor.EditorAssemblies:ProcessInitializeOnLoadAttributes (System.Type[]) (at /Users/bokken/build/output/unity/unity/Editor/Mono/EditorAssemblies.cs:119)

(Filename: ./Library/PackageCache/com.daniel-geo.unityhackatime@5ac210a9a2/Editor/Plugin.cs Line: 144)

Mono: successfully reloaded assembly
- Finished resetting the current domain, in  1.592 seconds
Domain Reload Profiling: 2102ms
	BeginReloadAssembly (164ms)
		ExecutionOrderSort (0ms)
		DisableScriptedObjects (5ms)
		BackupInstance (0ms)
		ReleaseScriptingObjects (0ms)
		CreateAndSetChildDomain (56ms)
	RebuildCommonClasses (39ms)
	RebuildNativeTypeToScriptingClass (11ms)
	initialDomainReloadingComplete (20ms)
	LoadAllAssembliesAndSetupDomain (276ms)
		LoadAssemblies (320ms)
		RebuildTransferFunctionScriptingTraits (0ms)
		AnalyzeDomain (28ms)
			TypeCache.Refresh (18ms)
				TypeCache.ScanAssembly (0ms)
			ScanForSourceGeneratedMonoScriptInfo (0ms)
			ResolveRequiredComponents (8ms)
	FinalizeReload (1592ms)
		ReleaseScriptCaches (0ms)
		RebuildScriptCaches (0ms)
		SetupLoadedEditorAssemblies (524ms)
			LogAssemblyErrors (0ms)
			InitializePlatformSupportModulesInManaged (4ms)
			SetLoadedEditorAssemblies (3ms)
			RefreshPlugins (0ms)
			BeforeProcessingInitializeOnLoad (44ms)
			ProcessInitializeOnLoadAttributes (452ms)
			ProcessInitializeOnLoadMethodAttributes (19ms)
			AfterProcessingInitializeOnLoad (1ms)
			EditorAssembliesLoaded (0ms)
		ExecutionOrderSort2 (0ms)
		AwakeInstancesAfterBackupRestoration (4ms)
Refreshing native plugins compatible for Editor in 5.25 ms, found 3 plugins.
Preloading 0 native plugins for Editor in 0.00 ms.
<HackaTime> Got response
{"id":2723720814,"user_id":61064,"branch":"main","category":"coding","dependencies":[],"editor":"unity","entity":"Unsaved Scene","language":"unity","machine":null,"operating_system":null,"project":"Duos","type":"file","user_agent":"unity-hackatime","line_additions":null,"line_deletions":null,"lineno":null,"lines":null,"cursorpos":null,"project_root_count":null,"time":1789539968.0,"is_write":false,"created_at":"2026-09-16T06:25:26.702Z","updated_at":"2026-09-16T06:25:26.702Z","fields_hash":"8640290158e2610eb62b4623d3b432cf","source_type":"direct_entry","ip_address":"2001:8003:cc20:b000:3c85:4bd:9b58:8559","deleted_at":null,"ja4_id":41,"ai_model":null,"ai_session":null,"ai_subscription_plan":null,"ai_input_tokens":null,"ai_output_tokens":null,"ai_prompt_length":null,"ai_line_changes":null,"human_line_changes":null}
UnityEngine.StackTraceUtility:ExtractStackTrace () (at /Users/bokken/build/output/unity/unity/Runtime/Export/Scripting/StackTrace.cs:37)
UnityEngine.DebugLogHandler:LogFormat (UnityEngine.LogType,UnityEngine.Object,string,object[])
UnityEngine.Logger:Log (UnityEngine.LogType,object)
UnityEngine.Debug:Log (object)
WakaTime.Plugin/<SendHeartbeat>d__29:MoveNext () (at ./Library/PackageCache/com.daniel-geo.unityhackatime@5ac210a9a2/Editor/Plugin.cs:187)
System.Runtime.CompilerServices.AsyncMethodBuilderCore/MoveNextRunner:InvokeMoveNext (object)
System.Threading.ExecutionContext:RunInternal (System.Threading.ExecutionContext,System.Threading.ContextCallback,object,bool)
System.Threading.ExecutionContext:Run (System.Threading.ExecutionContext,System.Threading.ContextCallback,object,bool)
System.Runtime.CompilerServices.AsyncMethodBuilderCore/MoveNextRunner:Run ()
System.Threading.Tasks.AwaitTaskContinuation:InvokeAction (object)
System.Threading.Tasks.AwaitTaskContinuation:RunCallback (System.Threading.ContextCallback,object,System.Threading.Tasks.Task&)
System.Threading.Tasks.SynchronizationContextAwaitTaskContinuation:Run (System.Threading.Tasks.Task,bool)
System.Threading.Tasks.Task:FinishContinuations ()
System.Threading.Tasks.Task:FinishStageThree ()
System.Threading.Tasks.Task`1<bool>:TrySetResult (bool)
System.Threading.Tasks.TaskCompletionSource`1<bool>:TrySetResult (bool)
WakaTime.Plugin/<>c__DisplayClass29_0:<SendHeartbeat>b__0 (UnityEngine.AsyncOperation) (at ./Library/PackageCache/com.daniel-geo.unityhackatime@5ac210a9a2/Editor/Plugin.cs:176)
UnityEngine.AsyncOperation:InvokeCompletionEvent () (at /Users/bokken/build/output/unity/unity/Runtime/Export/Scripting/AsyncOperation.cs:21)

(Filename: ./Library/PackageCache/com.daniel-geo.unityhackatime@5ac210a9a2/Editor/Plugin.cs Line: 187)

<HackaTime> Sent heartbeat!
UnityEngine.StackTraceUtility:ExtractStackTrace () (at /Users/bokken/build/output/unity/unity/Runtime/Export/Scripting/StackTrace.cs:37)
UnityEngine.DebugLogHandler:LogFormat (UnityEngine.LogType,UnityEngine.Object,string,object[])
UnityEngine.Logger:Log (UnityEngine.LogType,object)
UnityEngine.Debug:Log (object)
WakaTime.Plugin/<SendHeartbeat>d__29:MoveNext () (at ./Library/PackageCache/com.daniel-geo.unityhackatime@5ac210a9a2/Editor/Plugin.cs:203)
System.Runtime.CompilerServices.AsyncMethodBuilderCore/MoveNextRunner:InvokeMoveNext (object)
System.Threading.ExecutionContext:RunInternal (System.Threading.ExecutionContext,System.Threading.ContextCallback,object,bool)
System.Threading.ExecutionContext:Run (System.Threading.ExecutionContext,System.Threading.ContextCallback,object,bool)
System.Runtime.CompilerServices.AsyncMethodBuilderCore/MoveNextRunner:Run ()
System.Threading.Tasks.AwaitTaskContinuation:InvokeAction (object)
System.Threading.Tasks.AwaitTaskContinuation:RunCallback (System.Threading.ContextCallback,object,System.Threading.Tasks.Task&)
System.Threading.Tasks.SynchronizationContextAwaitTaskContinuation:Run (System.Threading.Tasks.Task,bool)
System.Threading.Tasks.Task:FinishContinuations ()
System.Threading.Tasks.Task:FinishStageThree ()
System.Threading.Tasks.Task`1<bool>:TrySetResult (bool)
System.Threading.Tasks.TaskCompletionSource`1<bool>:TrySetResult (bool)
WakaTime.Plugin/<>c__DisplayClass29_0:<SendHeartbeat>b__0 (UnityEngine.AsyncOperation) (at ./Library/PackageCache/com.daniel-geo.unityhackatime@5ac210a9a2/Editor/Plugin.cs:176)
UnityEngine.AsyncOperation:InvokeCompletionEvent () (at /Users/bokken/build/output/unity/unity/Runtime/Export/Scripting/AsyncOperation.cs:21)

(Filename: ./Library/PackageCache/com.daniel-geo.unityhackatime@5ac210a9a2/Editor/Plugin.cs Line: 203)

Unloading 3682 Unused Serialized files (Serialized files now loaded: 0)
Unloading 47 unused Assets / (1.8 MB). Loaded Objects now: 4308.
Memory consumption went from 340.6 MB to 338.8 MB.
Total: 4.085875 ms (FindLiveObjects: 0.172708 ms CreateObjectMapping: 0.060791 ms MarkObjects: 3.595875 ms  DeleteObjects: 0.256000 ms)

Prepare: number of updated asset objects reloaded= 0
AssetImportParameters requested are different than current active one (requested -> active):
  custom:container-demuxer-ogg: 62fdf1f143b41e24485cea50d1cbac27 -> 
  custom:video-decoder-ogg-theora: a1e56fd34408186e4bbccfd4996cb3dc -> 
  custom:CustomObjectIndexerAttribute: 9a22284fe3817be447336de3de66b15e -> 
  custom:container-demuxer-webm: 4f35f7cbe854078d1ac9338744f61a02 -> 
  custom:container-muxer-webm: aa71ff27fc2769a1b78a27578f13a17b -> 
  custom:video-decoder-webm-vp8: 9c59270c3fd7afecdb556c50c9e8de78 -> 
  custom:SearchIndexIgnoredProperties: e643bd26f0fe6173181afceb89e7c659 -> 
  custom:AudioImporter_EditorPlatform: 3918e3fc78b5a79bad01e8451be0beb8 -> 
  custom:framework-osx-AVFoundation: e770b220cccbd017edd2c1fefb359320 -> 
  custom:video-encoder-webm-vp8: eb34c28f22e8b96e1ab97ce403110664 -> 
  custom:audio-decoder-ogg-vorbis: bf7c407c2cedff20999df2af8eb42d56 -> 
  custom:audio-encoder-webm-vorbis: bf7c407c2cedff20999df2af8eb42d56 -> 
========================================================================
Received Prepare
Begin MonoManager ReloadAssembly
Thread 0x16d8bb000 may have been prematurely finalized
- Loaded All Assemblies, in  1.066 seconds
Refreshing native plugins compatible for Editor in 2.88 ms, found 3 plugins.
Native extension for OSXStandalone target not found
<HackaTime> Initializing...
UnityEngine.StackTraceUtility:ExtractStackTrace () (at /Users/bokken/build/output/unity/unity/Runtime/Export/Scripting/StackTrace.cs:37)
UnityEngine.DebugLogHandler:LogFormat (UnityEngine.LogType,UnityEngine.Object,string,object[])
UnityEngine.Logger:Log (UnityEngine.LogType,object)
UnityEngine.Debug:Log (object)
WakaTime.Plugin:Initialize () (at ./Library/PackageCache/com.daniel-geo.unityhackatime@5ac210a9a2/Editor/Plugin.cs:76)
WakaTime.Plugin:.cctor () (at ./Library/PackageCache/com.daniel-geo.unityhackatime@5ac210a9a2/Editor/Plugin.cs:41)
System.Runtime.CompilerServices.RuntimeHelpers:RunClassConstructor (System.RuntimeTypeHandle)
UnityEditor.EditorAssemblies:ProcessInitializeOnLoadAttributes (System.Type[]) (at /Users/bokken/build/output/unity/unity/Editor/Mono/EditorAssemblies.cs:119)

(Filename: ./Library/PackageCache/com.daniel-geo.unityhackatime@5ac210a9a2/Editor/Plugin.cs Line: 76)

<HackaTime> Sending heartbeat...
UnityEngine.StackTraceUtility:ExtractStackTrace () (at /Users/bokken/build/output/unity/unity/Runtime/Export/Scripting/StackTrace.cs:37)
UnityEngine.DebugLogHandler:LogFormat (UnityEngine.LogType,UnityEngine.Object,string,object[])
UnityEngine.Logger:Log (UnityEngine.LogType,object)
UnityEngine.Debug:Log (object)
WakaTime.Plugin/<SendHeartbeat>d__29:MoveNext () (at ./Library/PackageCache/com.daniel-geo.unityhackatime@5ac210a9a2/Editor/Plugin.cs:144)
System.Runtime.CompilerServices.AsyncVoidMethodBuilder:Start<WakaTime.Plugin/<SendHeartbeat>d__29> (WakaTime.Plugin/<SendHeartbeat>d__29&)
WakaTime.Plugin:SendHeartbeat (bool)
WakaTime.Plugin:Initialize () (at ./Library/PackageCache/com.daniel-geo.unityhackatime@5ac210a9a2/Editor/Plugin.cs:78)
WakaTime.Plugin:.cctor () (at ./Library/PackageCache/com.daniel-geo.unityhackatime@5ac210a9a2/Editor/Plugin.cs:41)
System.Runtime.CompilerServices.RuntimeHelpers:RunClassConstructor (System.RuntimeTypeHandle)
UnityEditor.EditorAssemblies:ProcessInitializeOnLoadAttributes (System.Type[]) (at /Users/bokken/build/output/unity/unity/Editor/Mono/EditorAssemblies.cs:119)

(Filename: ./Library/PackageCache/com.daniel-geo.unityhackatime@5ac210a9a2/Editor/Plugin.cs Line: 144)

Mono: successfully reloaded assembly
- Finished resetting the current domain, in  4.249 seconds
Domain Reload Profiling: 5319ms
	BeginReloadAssembly (453ms)
		ExecutionOrderSort (0ms)
		DisableScriptedObjects (12ms)
		BackupInstance (0ms)
		ReleaseScriptingObjects (0ms)
		CreateAndSetChildDomain (169ms)
	RebuildCommonClasses (32ms)
	RebuildNativeTypeToScriptingClass (9ms)
	initialDomainReloadingComplete (24ms)
	LoadAllAssembliesAndSetupDomain (551ms)
		LoadAssemblies (741ms)
		RebuildTransferFunctionScriptingTraits (0ms)
		AnalyzeDomain (21ms)
			TypeCache.Refresh (14ms)
				TypeCache.ScanAssembly (0ms)
			ScanForSourceGeneratedMonoScriptInfo (0ms)
			ResolveRequiredComponents (5ms)
	FinalizeReload (4250ms)
		ReleaseScriptCaches (0ms)
		RebuildScriptCaches (0ms)
		SetupLoadedEditorAssemblies (457ms)
			LogAssemblyErrors (0ms)
			InitializePlatformSupportModulesInManaged (7ms)
			SetLoadedEditorAssemblies (3ms)
			RefreshPlugins (0ms)
			BeforeProcessingInitializeOnLoad (42ms)
			ProcessInitializeOnLoadAttributes (390ms)
			ProcessInitializeOnLoadMethodAttributes (14ms)
			AfterProcessingInitializeOnLoad (1ms)
			EditorAssembliesLoaded (0ms)
		ExecutionOrderSort2 (0ms)
		AwakeInstancesAfterBackupRestoration (3ms)
Refreshing native plugins compatible for Editor in 5.70 ms, found 3 plugins.
Preloading 0 native plugins for Editor in 0.00 ms.
<HackaTime> Got response
{"id":2724521983,"user_id":61064,"branch":"main","category":"coding","dependencies":[],"editor":"unity","entity":"Unsaved Scene","language":"unity","machine":null,"operating_system":null,"project":"Duos","type":"file","user_agent":"unity-hackatime","line_additions":null,"line_deletions":null,"lineno":null,"lines":null,"cursorpos":null,"project_root_count":null,"time":1789608064.0,"is_write":false,"created_at":"2026-09-17T01:20:13.589Z","updated_at":"2026-09-17T01:20:13.589Z","fields_hash":"fe7a43774ab5b76553d4c72ba478bd24","source_type":"direct_entry","ip_address":"103.55.58.4","deleted_at":null,"ja4_id":211,"ai_model":null,"ai_session":null,"ai_subscription_plan":null,"ai_input_tokens":null,"ai_output_tokens":null,"ai_prompt_length":null,"ai_line_changes":null,"human_line_changes":null}
UnityEngine.StackTraceUtility:ExtractStackTrace () (at /Users/bokken/build/output/unity/unity/Runtime/Export/Scripting/StackTrace.cs:37)
UnityEngine.DebugLogHandler:LogFormat (UnityEngine.LogType,UnityEngine.Object,string,object[])
UnityEngine.Logger:Log (UnityEngine.LogType,object)
UnityEngine.Debug:Log (object)
WakaTime.Plugin/<SendHeartbeat>d__29:MoveNext () (at ./Library/PackageCache/com.daniel-geo.unityhackatime@5ac210a9a2/Editor/Plugin.cs:187)
System.Runtime.CompilerServices.AsyncMethodBuilderCore/MoveNextRunner:InvokeMoveNext (object)
System.Threading.ExecutionContext:RunInternal (System.Threading.ExecutionContext,System.Threading.ContextCallback,object,bool)
System.Threading.ExecutionContext:Run (System.Threading.ExecutionContext,System.Threading.ContextCallback,object,bool)
System.Runtime.CompilerServices.AsyncMethodBuilderCore/MoveNextRunner:Run ()
System.Threading.Tasks.AwaitTaskContinuation:InvokeAction (object)
System.Threading.Tasks.AwaitTaskContinuation:RunCallback (System.Threading.ContextCallback,object,System.Threading.Tasks.Task&)
System.Threading.Tasks.SynchronizationContextAwaitTaskContinuation:Run (System.Threading.Tasks.Task,bool)
System.Threading.Tasks.Task:FinishContinuations ()
System.Threading.Tasks.Task:FinishStageThree ()
System.Threading.Tasks.Task`1<bool>:TrySetResult (bool)
System.Threading.Tasks.TaskCompletionSource`1<bool>:TrySetResult (bool)
WakaTime.Plugin/<>c__DisplayClass29_0:<SendHeartbeat>b__0 (UnityEngine.AsyncOperation) (at ./Library/PackageCache/com.daniel-geo.unityhackatime@5ac210a9a2/Editor/Plugin.cs:176)
UnityEngine.AsyncOperation:InvokeCompletionEvent () (at /Users/bokken/build/output/unity/unity/Runtime/Export/Scripting/AsyncOperation.cs:21)

(Filename: ./Library/PackageCache/com.daniel-geo.unityhackatime@5ac210a9a2/Editor/Plugin.cs Line: 187)

<HackaTime> Sent heartbeat!
UnityEngine.StackTraceUtility:ExtractStackTrace () (at /Users/bokken/build/output/unity/unity/Runtime/Export/Scripting/StackTrace.cs:37)
UnityEngine.DebugLogHandler:LogFormat (UnityEngine.LogType,UnityEngine.Object,string,object[])
UnityEngine.Logger:Log (UnityEngine.LogType,object)
UnityEngine.Debug:Log (object)
WakaTime.Plugin/<SendHeartbeat>d__29:MoveNext () (at ./Library/PackageCache/com.daniel-geo.unityhackatime@5ac210a9a2/Editor/Plugin.cs:203)
System.Runtime.CompilerServices.AsyncMethodBuilderCore/MoveNextRunner:InvokeMoveNext (object)
System.Threading.ExecutionContext:RunInternal (System.Threading.ExecutionContext,System.Threading.ContextCallback,object,bool)
System.Threading.ExecutionContext:Run (System.Threading.ExecutionContext,System.Threading.ContextCallback,object,bool)
System.Runtime.CompilerServices.AsyncMethodBuilderCore/MoveNextRunner:Run ()
System.Threading.Tasks.AwaitTaskContinuation:InvokeAction (object)
System.Threading.Tasks.AwaitTaskContinuation:RunCallback (System.Threading.ContextCallback,object,System.Threading.Tasks.Task&)
System.Threading.Tasks.SynchronizationContextAwaitTaskContinuation:Run (System.Threading.Tasks.Task,bool)
System.Threading.Tasks.Task:FinishContinuations ()
System.Threading.Tasks.Task:FinishStageThree ()
System.Threading.Tasks.Task`1<bool>:TrySetResult (bool)
System.Threading.Tasks.TaskCompletionSource`1<bool>:TrySetResult (bool)
WakaTime.Plugin/<>c__DisplayClass29_0:<SendHeartbeat>b__0 (UnityEngine.AsyncOperation) (at ./Library/PackageCache/com.daniel-geo.unityhackatime@5ac210a9a2/Editor/Plugin.cs:176)
UnityEngine.AsyncOperation:InvokeCompletionEvent () (at /Users/bokken/build/output/unity/unity/Runtime/Export/Scripting/AsyncOperation.cs:21)

(Filename: ./Library/PackageCache/com.daniel-geo.unityhackatime@5ac210a9a2/Editor/Plugin.cs Line: 203)

Unloading 3682 Unused Serialized files (Serialized files now loaded: 0)
Unloading 47 unused Assets / (1.8 MB). Loaded Objects now: 4312.
Memory consumption went from 346.5 MB to 344.8 MB.
Total: 6.666750 ms (FindLiveObjects: 0.347083 ms CreateObjectMapping: 0.074375 ms MarkObjects: 5.855458 ms  DeleteObjects: 0.389458 ms)

Prepare: number of updated asset objects reloaded= 0
AssetImportParameters requested are different than current active one (requested -> active):
  custom:container-demuxer-ogg: 62fdf1f143b41e24485cea50d1cbac27 -> 
  custom:video-decoder-ogg-theora: a1e56fd34408186e4bbccfd4996cb3dc -> 
  custom:CustomObjectIndexerAttribute: 9a22284fe3817be447336de3de66b15e -> 
  custom:container-demuxer-webm: 4f35f7cbe854078d1ac9338744f61a02 -> 
  custom:container-muxer-webm: aa71ff27fc2769a1b78a27578f13a17b -> 
  custom:video-decoder-webm-vp8: 9c59270c3fd7afecdb556c50c9e8de78 -> 
  custom:SearchIndexIgnoredProperties: e643bd26f0fe6173181afceb89e7c659 -> 
  custom:AudioImporter_EditorPlatform: 3918e3fc78b5a79bad01e8451be0beb8 -> 
  custom:framework-osx-AVFoundation: e770b220cccbd017edd2c1fefb359320 -> 
  custom:video-encoder-webm-vp8: eb34c28f22e8b96e1ab97ce403110664 -> 
  custom:audio-decoder-ogg-vorbis: bf7c407c2cedff20999df2af8eb42d56 -> 
  custom:audio-encoder-webm-vorbis: bf7c407c2cedff20999df2af8eb42d56 -> 
========================================================================
Received Prepare
Begin MonoManager ReloadAssembly
Thread 0x16d8bb000 may have been prematurely finalized
- Loaded All Assemblies, in  1.193 seconds
Refreshing native plugins compatible for Editor in 2.59 ms, found 3 plugins.
Native extension for OSXStandalone target not found
<HackaTime> Initializing...
UnityEngine.StackTraceUtility:ExtractStackTrace () (at /Users/bokken/build/output/unity/unity/Runtime/Export/Scripting/StackTrace.cs:37)
UnityEngine.DebugLogHandler:LogFormat (UnityEngine.LogType,UnityEngine.Object,string,object[])
UnityEngine.Logger:Log (UnityEngine.LogType,object)
UnityEngine.Debug:Log (object)
WakaTime.Plugin:Initialize () (at ./Library/PackageCache/com.daniel-geo.unityhackatime@5ac210a9a2/Editor/Plugin.cs:76)
WakaTime.Plugin:.cctor () (at ./Library/PackageCache/com.daniel-geo.unityhackatime@5ac210a9a2/Editor/Plugin.cs:41)
System.Runtime.CompilerServices.RuntimeHelpers:RunClassConstructor (System.RuntimeTypeHandle)
UnityEditor.EditorAssemblies:ProcessInitializeOnLoadAttributes (System.Type[]) (at /Users/bokken/build/output/unity/unity/Editor/Mono/EditorAssemblies.cs:119)

(Filename: ./Library/PackageCache/com.daniel-geo.unityhackatime@5ac210a9a2/Editor/Plugin.cs Line: 76)

<HackaTime> Sending heartbeat...
UnityEngine.StackTraceUtility:ExtractStackTrace () (at /Users/bokken/build/output/unity/unity/Runtime/Export/Scripting/StackTrace.cs:37)
UnityEngine.DebugLogHandler:LogFormat (UnityEngine.LogType,UnityEngine.Object,string,object[])
UnityEngine.Logger:Log (UnityEngine.LogType,object)
UnityEngine.Debug:Log (object)
WakaTime.Plugin/<SendHeartbeat>d__29:MoveNext () (at ./Library/PackageCache/com.daniel-geo.unityhackatime@5ac210a9a2/Editor/Plugin.cs:144)
System.Runtime.CompilerServices.AsyncVoidMethodBuilder:Start<WakaTime.Plugin/<SendHeartbeat>d__29> (WakaTime.Plugin/<SendHeartbeat>d__29&)
WakaTime.Plugin:SendHeartbeat (bool)
WakaTime.Plugin:Initialize () (at ./Library/PackageCache/com.daniel-geo.unityhackatime@5ac210a9a2/Editor/Plugin.cs:78)
WakaTime.Plugin:.cctor () (at ./Library/PackageCache/com.daniel-geo.unityhackatime@5ac210a9a2/Editor/Plugin.cs:41)
System.Runtime.CompilerServices.RuntimeHelpers:RunClassConstructor (System.RuntimeTypeHandle)
UnityEditor.EditorAssemblies:ProcessInitializeOnLoadAttributes (System.Type[]) (at /Users/bokken/build/output/unity/unity/Editor/Mono/EditorAssemblies.cs:119)

(Filename: ./Library/PackageCache/com.daniel-geo.unityhackatime@5ac210a9a2/Editor/Plugin.cs Line: 144)

Mono: successfully reloaded assembly
- Finished resetting the current domain, in  3.486 seconds
Domain Reload Profiling: 4687ms
	BeginReloadAssembly (636ms)
		ExecutionOrderSort (0ms)
		DisableScriptedObjects (38ms)
		BackupInstance (0ms)
		ReleaseScriptingObjects (1ms)
		CreateAndSetChildDomain (211ms)
	RebuildCommonClasses (41ms)
	RebuildNativeTypeToScriptingClass (9ms)
	initialDomainReloadingComplete (38ms)
	LoadAllAssembliesAndSetupDomain (476ms)
		LoadAssemblies (703ms)
		RebuildTransferFunctionScriptingTraits (0ms)
		AnalyzeDomain (42ms)
			TypeCache.Refresh (28ms)
				TypeCache.ScanAssembly (0ms)
			ScanForSourceGeneratedMonoScriptInfo (0ms)
			ResolveRequiredComponents (13ms)
	FinalizeReload (3487ms)
		ReleaseScriptCaches (0ms)
		RebuildScriptCaches (0ms)
		SetupLoadedEditorAssemblies (471ms)
			LogAssemblyErrors (0ms)
			InitializePlatformSupportModulesInManaged (5ms)
			SetLoadedEditorAssemblies (4ms)
			RefreshPlugins (0ms)
			BeforeProcessingInitializeOnLoad (44ms)
			ProcessInitializeOnLoadAttributes (403ms)
			ProcessInitializeOnLoadMethodAttributes (14ms)
			AfterProcessingInitializeOnLoad (1ms)
			EditorAssembliesLoaded (0ms)
		ExecutionOrderSort2 (0ms)
		AwakeInstancesAfterBackupRestoration (3ms)
Refreshing native plugins compatible for Editor in 2.95 ms, found 3 plugins.
Preloading 0 native plugins for Editor in 0.00 ms.
<HackaTime> Got response
{"id":2724912703,"user_id":61064,"branch":"main","category":"coding","dependencies":[],"editor":"unity","entity":"Unsaved Scene","language":"unity","machine":null,"operating_system":null,"project":"Duos","type":"file","user_agent":"unity-hackatime","line_additions":null,"line_deletions":null,"lineno":null,"lines":null,"cursorpos":null,"project_root_count":null,"time":1789647104.0,"is_write":false,"created_at":"2026-09-17T12:11:11.651Z","updated_at":"2026-09-17T12:11:11.651Z","fields_hash":"e72c0247c72aa8ad8b9de13e29481a3b","source_type":"direct_entry","ip_address":"2001:8003:cc20:b000:4dd1:196b:e61b:a9ea","deleted_at":null,"ja4_id":41,"ai_model":null,"ai_session":null,"ai_subscription_plan":null,"ai_input_tokens":null,"ai_output_tokens":null,"ai_prompt_length":null,"ai_line_changes":null,"human_line_changes":null}
UnityEngine.StackTraceUtility:ExtractStackTrace () (at /Users/bokken/build/output/unity/unity/Runtime/Export/Scripting/StackTrace.cs:37)
UnityEngine.DebugLogHandler:LogFormat (UnityEngine.LogType,UnityEngine.Object,string,object[])
UnityEngine.Logger:Log (UnityEngine.LogType,object)
UnityEngine.Debug:Log (object)
WakaTime.Plugin/<SendHeartbeat>d__29:MoveNext () (at ./Library/PackageCache/com.daniel-geo.unityhackatime@5ac210a9a2/Editor/Plugin.cs:187)
System.Runtime.CompilerServices.AsyncMethodBuilderCore/MoveNextRunner:InvokeMoveNext (object)
System.Threading.ExecutionContext:RunInternal (System.Threading.ExecutionContext,System.Threading.ContextCallback,object,bool)
System.Threading.ExecutionContext:Run (System.Threading.ExecutionContext,System.Threading.ContextCallback,object,bool)
System.Runtime.CompilerServices.AsyncMethodBuilderCore/MoveNextRunner:Run ()
System.Threading.Tasks.AwaitTaskContinuation:InvokeAction (object)
System.Threading.Tasks.AwaitTaskContinuation:RunCallback (System.Threading.ContextCallback,object,System.Threading.Tasks.Task&)
System.Threading.Tasks.SynchronizationContextAwaitTaskContinuation:Run (System.Threading.Tasks.Task,bool)
System.Threading.Tasks.Task:FinishContinuations ()
System.Threading.Tasks.Task:FinishStageThree ()
System.Threading.Tasks.Task`1<bool>:TrySetResult (bool)
System.Threading.Tasks.TaskCompletionSource`1<bool>:TrySetResult (bool)
WakaTime.Plugin/<>c__DisplayClass29_0:<SendHeartbeat>b__0 (UnityEngine.AsyncOperation) (at ./Library/PackageCache/com.daniel-geo.unityhackatime@5ac210a9a2/Editor/Plugin.cs:176)
UnityEngine.AsyncOperation:InvokeCompletionEvent () (at /Users/bokken/build/output/unity/unity/Runtime/Export/Scripting/AsyncOperation.cs:21)

(Filename: ./Library/PackageCache/com.daniel-geo.unityhackatime@5ac210a9a2/Editor/Plugin.cs Line: 187)

<HackaTime> Sent heartbeat!
UnityEngine.StackTraceUtility:ExtractStackTrace () (at /Users/bokken/build/output/unity/unity/Runtime/Export/Scripting/StackTrace.cs:37)
UnityEngine.DebugLogHandler:LogFormat (UnityEngine.LogType,UnityEngine.Object,string,object[])
UnityEngine.Logger:Log (UnityEngine.LogType,object)
UnityEngine.Debug:Log (object)
WakaTime.Plugin/<SendHeartbeat>d__29:MoveNext () (at ./Library/PackageCache/com.daniel-geo.unityhackatime@5ac210a9a2/Editor/Plugin.cs:203)
System.Runtime.CompilerServices.AsyncMethodBuilderCore/MoveNextRunner:InvokeMoveNext (object)
System.Threading.ExecutionContext:RunInternal (System.Threading.ExecutionContext,System.Threading.ContextCallback,object,bool)
System.Threading.ExecutionContext:Run (System.Threading.ExecutionContext,System.Threading.ContextCallback,object,bool)
System.Runtime.CompilerServices.AsyncMethodBuilderCore/MoveNextRunner:Run ()
System.Threading.Tasks.AwaitTaskContinuation:InvokeAction (object)
System.Threading.Tasks.AwaitTaskContinuation:RunCallback (System.Threading.ContextCallback,object,System.Threading.Tasks.Task&)
System.Threading.Tasks.SynchronizationContextAwaitTaskContinuation:Run (System.Threading.Tasks.Task,bool)
System.Threading.Tasks.Task:FinishContinuations ()
System.Threading.Tasks.Task:FinishStageThree ()
System.Threading.Tasks.Task`1<bool>:TrySetResult (bool)
System.Threading.Tasks.TaskCompletionSource`1<bool>:TrySetResult (bool)
WakaTime.Plugin/<>c__DisplayClass29_0:<SendHeartbeat>b__0 (UnityEngine.AsyncOperation) (at ./Library/PackageCache/com.daniel-geo.unityhackatime@5ac210a9a2/Editor/Plugin.cs:176)
UnityEngine.AsyncOperation:InvokeCompletionEvent () (at /Users/bokken/build/output/unity/unity/Runtime/Export/Scripting/AsyncOperation.cs:21)

(Filename: ./Library/PackageCache/com.daniel-geo.unityhackatime@5ac210a9a2/Editor/Plugin.cs Line: 203)

Unloading 3682 Unused Serialized files (Serialized files now loaded: 0)
Unloading 47 unused Assets / (1.8 MB). Loaded Objects now: 4316.
Memory consumption went from 353.2 MB to 351.4 MB.
Total: 13.132167 ms (FindLiveObjects: 0.210292 ms CreateObjectMapping: 0.050000 ms MarkObjects: 12.280042 ms  DeleteObjects: 0.591209 ms)

Prepare: number of updated asset objects reloaded= 0
AssetImportParameters requested are different than current active one (requested -> active):
  custom:container-demuxer-ogg: 62fdf1f143b41e24485cea50d1cbac27 -> 
  custom:video-decoder-ogg-theora: a1e56fd34408186e4bbccfd4996cb3dc -> 
  custom:CustomObjectIndexerAttribute: 9a22284fe3817be447336de3de66b15e -> 
  custom:container-demuxer-webm: 4f35f7cbe854078d1ac9338744f61a02 -> 
  custom:container-muxer-webm: aa71ff27fc2769a1b78a27578f13a17b -> 
  custom:video-decoder-webm-vp8: 9c59270c3fd7afecdb556c50c9e8de78 -> 
  custom:SearchIndexIgnoredProperties: e643bd26f0fe6173181afceb89e7c659 -> 
  custom:AudioImporter_EditorPlatform: 3918e3fc78b5a79bad01e8451be0beb8 -> 
  custom:framework-osx-AVFoundation: e770b220cccbd017edd2c1fefb359320 -> 
  custom:video-encoder-webm-vp8: eb34c28f22e8b96e1ab97ce403110664 -> 
  custom:audio-decoder-ogg-vorbis: bf7c407c2cedff20999df2af8eb42d56 -> 
  custom:audio-encoder-webm-vorbis: bf7c407c2cedff20999df2af8eb42d56 -> 
========================================================================
Received Prepare
Begin MonoManager ReloadAssembly
Thread 0x16d8bb000 may have been prematurely finalized
- Loaded All Assemblies, in  0.995 seconds
Refreshing native plugins compatible for Editor in 2.91 ms, found 3 plugins.
Native extension for OSXStandalone target not found
<HackaTime> Initializing...
UnityEngine.StackTraceUtility:ExtractStackTrace () (at /Users/bokken/build/output/unity/unity/Runtime/Export/Scripting/StackTrace.cs:37)
UnityEngine.DebugLogHandler:LogFormat (UnityEngine.LogType,UnityEngine.Object,string,object[])
UnityEngine.Logger:Log (UnityEngine.LogType,object)
UnityEngine.Debug:Log (object)
WakaTime.Plugin:Initialize () (at ./Library/PackageCache/com.daniel-geo.unityhackatime@5ac210a9a2/Editor/Plugin.cs:76)
WakaTime.Plugin:.cctor () (at ./Library/PackageCache/com.daniel-geo.unityhackatime@5ac210a9a2/Editor/Plugin.cs:41)
System.Runtime.CompilerServices.RuntimeHelpers:RunClassConstructor (System.RuntimeTypeHandle)
UnityEditor.EditorAssemblies:ProcessInitializeOnLoadAttributes (System.Type[]) (at /Users/bokken/build/output/unity/unity/Editor/Mono/EditorAssemblies.cs:119)

(Filename: ./Library/PackageCache/com.daniel-geo.unityhackatime@5ac210a9a2/Editor/Plugin.cs Line: 76)

<HackaTime> Sending heartbeat...
UnityEngine.StackTraceUtility:ExtractStackTrace () (at /Users/bokken/build/output/unity/unity/Runtime/Export/Scripting/StackTrace.cs:37)
UnityEngine.DebugLogHandler:LogFormat (UnityEngine.LogType,UnityEngine.Object,string,object[])
UnityEngine.Logger:Log (UnityEngine.LogType,object)
UnityEngine.Debug:Log (object)
WakaTime.Plugin/<SendHeartbeat>d__29:MoveNext () (at ./Library/PackageCache/com.daniel-geo.unityhackatime@5ac210a9a2/Editor/Plugin.cs:144)
System.Runtime.CompilerServices.AsyncVoidMethodBuilder:Start<WakaTime.Plugin/<SendHeartbeat>d__29> (WakaTime.Plugin/<SendHeartbeat>d__29&)
WakaTime.Plugin:SendHeartbeat (bool)
WakaTime.Plugin:Initialize () (at ./Library/PackageCache/com.daniel-geo.unityhackatime@5ac210a9a2/Editor/Plugin.cs:78)
WakaTime.Plugin:.cctor () (at ./Library/PackageCache/com.daniel-geo.unityhackatime@5ac210a9a2/Editor/Plugin.cs:41)
System.Runtime.CompilerServices.RuntimeHelpers:RunClassConstructor (System.RuntimeTypeHandle)
UnityEditor.EditorAssemblies:ProcessInitializeOnLoadAttributes (System.Type[]) (at /Users/bokken/build/output/unity/unity/Editor/Mono/EditorAssemblies.cs:119)

(Filename: ./Library/PackageCache/com.daniel-geo.unityhackatime@5ac210a9a2/Editor/Plugin.cs Line: 144)

Mono: successfully reloaded assembly
- Finished resetting the current domain, in  3.811 seconds
Domain Reload Profiling: 4810ms
	BeginReloadAssembly (520ms)
		ExecutionOrderSort (0ms)
		DisableScriptedObjects (21ms)
		BackupInstance (0ms)
		ReleaseScriptingObjects (1ms)
		CreateAndSetChildDomain (178ms)
	RebuildCommonClasses (26ms)
	RebuildNativeTypeToScriptingClass (8ms)
	initialDomainReloadingComplete (22ms)
	LoadAllAssembliesAndSetupDomain (423ms)
		LoadAssemblies (560ms)
		RebuildTransferFunctionScriptingTraits (0ms)
		AnalyzeDomain (79ms)
			TypeCache.Refresh (50ms)
				TypeCache.ScanAssembly (3ms)
			ScanForSourceGeneratedMonoScriptInfo (20ms)
			ResolveRequiredComponents (7ms)
	FinalizeReload (3812ms)
		ReleaseScriptCaches (0ms)
		RebuildScriptCaches (0ms)
		SetupLoadedEditorAssemblies (433ms)
			LogAssemblyErrors (0ms)
			InitializePlatformSupportModulesInManaged (4ms)
			SetLoadedEditorAssemblies (5ms)
			RefreshPlugins (0ms)
			BeforeProcessingInitializeOnLoad (42ms)
			ProcessInitializeOnLoadAttributes (368ms)
			ProcessInitializeOnLoadMethodAttributes (12ms)
			AfterProcessingInitializeOnLoad (1ms)
			EditorAssembliesLoaded (0ms)
		ExecutionOrderSort2 (0ms)
		AwakeInstancesAfterBackupRestoration (3ms)
Refreshing native plugins compatible for Editor in 2.65 ms, found 3 plugins.
Preloading 0 native plugins for Editor in 0.00 ms.
<HackaTime> Got response
{"id":2725526038,"user_id":61064,"branch":"main","category":"coding","dependencies":[],"editor":"unity","entity":"Unsaved Scene","language":"unity","machine":null,"operating_system":null,"project":"Duos","type":"file","user_agent":"unity-hackatime","line_additions":null,"line_deletions":null,"lineno":null,"lines":null,"cursorpos":null,"project_root_count":null,"time":1789696768.0,"is_write":false,"created_at":"2026-09-18T01:58:52.132Z","updated_at":"2026-09-18T01:58:52.132Z","fields_hash":"abec8a3f558c1987a02a8067856a4669","source_type":"direct_entry","ip_address":"103.55.58.4","deleted_at":null,"ja4_id":211,"ai_model":null,"ai_session":null,"ai_subscription_plan":null,"ai_input_tokens":null,"ai_output_tokens":null,"ai_prompt_length":null,"ai_line_changes":null,"human_line_changes":null}
UnityEngine.StackTraceUtility:ExtractStackTrace () (at /Users/bokken/build/output/unity/unity/Runtime/Export/Scripting/StackTrace.cs:37)
UnityEngine.DebugLogHandler:LogFormat (UnityEngine.LogType,UnityEngine.Object,string,object[])
UnityEngine.Logger:Log (UnityEngine.LogType,object)
UnityEngine.Debug:Log (object)
WakaTime.Plugin/<SendHeartbeat>d__29:MoveNext () (at ./Library/PackageCache/com.daniel-geo.unityhackatime@5ac210a9a2/Editor/Plugin.cs:187)
System.Runtime.CompilerServices.AsyncMethodBuilderCore/MoveNextRunner:InvokeMoveNext (object)
System.Threading.ExecutionContext:RunInternal (System.Threading.ExecutionContext,System.Threading.ContextCallback,object,bool)
System.Threading.ExecutionContext:Run (System.Threading.ExecutionContext,System.Threading.ContextCallback,object,bool)
System.Runtime.CompilerServices.AsyncMethodBuilderCore/MoveNextRunner:Run ()
System.Threading.Tasks.AwaitTaskContinuation:InvokeAction (object)
System.Threading.Tasks.AwaitTaskContinuation:RunCallback (System.Threading.ContextCallback,object,System.Threading.Tasks.Task&)
System.Threading.Tasks.SynchronizationContextAwaitTaskContinuation:Run (System.Threading.Tasks.Task,bool)
System.Threading.Tasks.Task:FinishContinuations ()
System.Threading.Tasks.Task:FinishStageThree ()
System.Threading.Tasks.Task`1<bool>:TrySetResult (bool)
System.Threading.Tasks.TaskCompletionSource`1<bool>:TrySetResult (bool)
WakaTime.Plugin/<>c__DisplayClass29_0:<SendHeartbeat>b__0 (UnityEngine.AsyncOperation) (at ./Library/PackageCache/com.daniel-geo.unityhackatime@5ac210a9a2/Editor/Plugin.cs:176)
UnityEngine.AsyncOperation:InvokeCompletionEvent () (at /Users/bokken/build/output/unity/unity/Runtime/Export/Scripting/AsyncOperation.cs:21)

(Filename: ./Library/PackageCache/com.daniel-geo.unityhackatime@5ac210a9a2/Editor/Plugin.cs Line: 187)

<HackaTime> Sent heartbeat!
UnityEngine.StackTraceUtility:ExtractStackTrace () (at /Users/bokken/build/output/unity/unity/Runtime/Export/Scripting/StackTrace.cs:37)
UnityEngine.DebugLogHandler:LogFormat (UnityEngine.LogType,UnityEngine.Object,string,object[])
UnityEngine.Logger:Log (UnityEngine.LogType,object)
UnityEngine.Debug:Log (object)
WakaTime.Plugin/<SendHeartbeat>d__29:MoveNext () (at ./Library/PackageCache/com.daniel-geo.unityhackatime@5ac210a9a2/Editor/Plugin.cs:203)
System.Runtime.CompilerServices.AsyncMethodBuilderCore/MoveNextRunner:InvokeMoveNext (object)
System.Threading.ExecutionContext:RunInternal (System.Threading.ExecutionContext,System.Threading.ContextCallback,object,bool)
System.Threading.ExecutionContext:Run (System.Threading.ExecutionContext,System.Threading.ContextCallback,object,bool)
System.Runtime.CompilerServices.AsyncMethodBuilderCore/MoveNextRunner:Run ()
System.Threading.Tasks.AwaitTaskContinuation:InvokeAction (object)
System.Threading.Tasks.AwaitTaskContinuation:RunCallback (System.Threading.ContextCallback,object,System.Threading.Tasks.Task&)
System.Threading.Tasks.SynchronizationContextAwaitTaskContinuation:Run (System.Threading.Tasks.Task,bool)
System.Threading.Tasks.Task:FinishContinuations ()
System.Threading.Tasks.Task:FinishStageThree ()
System.Threading.Tasks.Task`1<bool>:TrySetResult (bool)
System.Threading.Tasks.TaskCompletionSource`1<bool>:TrySetResult (bool)
WakaTime.Plugin/<>c__DisplayClass29_0:<SendHeartbeat>b__0 (UnityEngine.AsyncOperation) (at ./Library/PackageCache/com.daniel-geo.unityhackatime@5ac210a9a2/Editor/Plugin.cs:176)
UnityEngine.AsyncOperation:InvokeCompletionEvent () (at /Users/bokken/build/output/unity/unity/Runtime/Export/Scripting/AsyncOperation.cs:21)

(Filename: ./Library/PackageCache/com.daniel-geo.unityhackatime@5ac210a9a2/Editor/Plugin.cs Line: 203)

Unloading 3682 Unused Serialized files (Serialized files now loaded: 0)
Unloading 47 unused Assets / (1.8 MB). Loaded Objects now: 4320.
Memory consumption went from 359.1 MB to 357.4 MB.
Total: 5.423667 ms (FindLiveObjects: 0.240041 ms CreateObjectMapping: 0.055042 ms MarkObjects: 4.680833 ms  DeleteObjects: 0.447000 ms)

Prepare: number of updated asset objects reloaded= 0
AssetImportParameters requested are different than current active one (requested -> active):
  custom:container-demuxer-ogg: 62fdf1f143b41e24485cea50d1cbac27 -> 
  custom:video-decoder-ogg-theora: a1e56fd34408186e4bbccfd4996cb3dc -> 
  custom:CustomObjectIndexerAttribute: 9a22284fe3817be447336de3de66b15e -> 
  custom:container-demuxer-webm: 4f35f7cbe854078d1ac9338744f61a02 -> 
  custom:container-muxer-webm: aa71ff27fc2769a1b78a27578f13a17b -> 
  custom:video-decoder-webm-vp8: 9c59270c3fd7afecdb556c50c9e8de78 -> 
  custom:SearchIndexIgnoredProperties: e643bd26f0fe6173181afceb89e7c659 -> 
  custom:AudioImporter_EditorPlatform: 3918e3fc78b5a79bad01e8451be0beb8 -> 
  custom:framework-osx-AVFoundation: e770b220cccbd017edd2c1fefb359320 -> 
  custom:video-encoder-webm-vp8: eb34c28f22e8b96e1ab97ce403110664 -> 
  custom:audio-decoder-ogg-vorbis: bf7c407c2cedff20999df2af8eb42d56 -> 
  custom:audio-encoder-webm-vorbis: bf7c407c2cedff20999df2af8eb42d56 -> 
========================================================================
Received Prepare
Begin MonoManager ReloadAssembly
Thread 0x16d8bb000 may have been prematurely finalized
- Loaded All Assemblies, in  0.420 seconds
Refreshing native plugins compatible for Editor in 3.13 ms, found 3 plugins.
Native extension for OSXStandalone target not found
<HackaTime> Initializing...
UnityEngine.StackTraceUtility:ExtractStackTrace () (at /Users/bokken/build/output/unity/unity/Runtime/Export/Scripting/StackTrace.cs:37)
UnityEngine.DebugLogHandler:LogFormat (UnityEngine.LogType,UnityEngine.Object,string,object[])
UnityEngine.Logger:Log (UnityEngine.LogType,object)
UnityEngine.Debug:Log (object)
WakaTime.Plugin:Initialize () (at ./Library/PackageCache/com.daniel-geo.unityhackatime@5ac210a9a2/Editor/Plugin.cs:76)
WakaTime.Plugin:.cctor () (at ./Library/PackageCache/com.daniel-geo.unityhackatime@5ac210a9a2/Editor/Plugin.cs:41)
System.Runtime.CompilerServices.RuntimeHelpers:RunClassConstructor (System.RuntimeTypeHandle)
UnityEditor.EditorAssemblies:ProcessInitializeOnLoadAttributes (System.Type[]) (at /Users/bokken/build/output/unity/unity/Editor/Mono/EditorAssemblies.cs:119)

(Filename: ./Library/PackageCache/com.daniel-geo.unityhackatime@5ac210a9a2/Editor/Plugin.cs Line: 76)

<HackaTime> Sending heartbeat...
UnityEngine.StackTraceUtility:ExtractStackTrace () (at /Users/bokken/build/output/unity/unity/Runtime/Export/Scripting/StackTrace.cs:37)
UnityEngine.DebugLogHandler:LogFormat (UnityEngine.LogType,UnityEngine.Object,string,object[])
UnityEngine.Logger:Log (UnityEngine.LogType,object)
UnityEngine.Debug:Log (object)
WakaTime.Plugin/<SendHeartbeat>d__29:MoveNext () (at ./Library/PackageCache/com.daniel-geo.unityhackatime@5ac210a9a2/Editor/Plugin.cs:144)
System.Runtime.CompilerServices.AsyncVoidMethodBuilder:Start<WakaTime.Plugin/<SendHeartbeat>d__29> (WakaTime.Plugin/<SendHeartbeat>d__29&)
WakaTime.Plugin:SendHeartbeat (bool)
WakaTime.Plugin:Initialize () (at ./Library/PackageCache/com.daniel-geo.unityhackatime@5ac210a9a2/Editor/Plugin.cs:78)
WakaTime.Plugin:.cctor () (at ./Library/PackageCache/com.daniel-geo.unityhackatime@5ac210a9a2/Editor/Plugin.cs:41)
System.Runtime.CompilerServices.RuntimeHelpers:RunClassConstructor (System.RuntimeTypeHandle)
UnityEditor.EditorAssemblies:ProcessInitializeOnLoadAttributes (System.Type[]) (at /Users/bokken/build/output/unity/unity/Editor/Mono/EditorAssemblies.cs:119)

(Filename: ./Library/PackageCache/com.daniel-geo.unityhackatime@5ac210a9a2/Editor/Plugin.cs Line: 144)

Mono: successfully reloaded assembly
- Finished resetting the current domain, in  0.762 seconds
Domain Reload Profiling: 1183ms
	BeginReloadAssembly (131ms)
		ExecutionOrderSort (0ms)
		DisableScriptedObjects (4ms)
		BackupInstance (0ms)
		ReleaseScriptingObjects (0ms)
		CreateAndSetChildDomain (46ms)
	RebuildCommonClasses (30ms)
	RebuildNativeTypeToScriptingClass (9ms)
	initialDomainReloadingComplete (20ms)
	LoadAllAssembliesAndSetupDomain (231ms)
		LoadAssemblies (267ms)
		RebuildTransferFunctionScriptingTraits (0ms)
		AnalyzeDomain (20ms)
			TypeCache.Refresh (12ms)
				TypeCache.ScanAssembly (0ms)
			ScanForSourceGeneratedMonoScriptInfo (0ms)
			ResolveRequiredComponents (6ms)
	FinalizeReload (762ms)
		ReleaseScriptCaches (0ms)
		RebuildScriptCaches (0ms)
		SetupLoadedEditorAssemblies (379ms)
			LogAssemblyErrors (0ms)
			InitializePlatformSupportModulesInManaged (4ms)
			SetLoadedEditorAssemblies (3ms)
			RefreshPlugins (0ms)
			BeforeProcessingInitializeOnLoad (43ms)
			ProcessInitializeOnLoadAttributes (317ms)
			ProcessInitializeOnLoadMethodAttributes (12ms)
			AfterProcessingInitializeOnLoad (1ms)
			EditorAssembliesLoaded (0ms)
		ExecutionOrderSort2 (0ms)
		AwakeInstancesAfterBackupRestoration (3ms)
Refreshing native plugins compatible for Editor in 1.66 ms, found 3 plugins.
Preloading 0 native plugins for Editor in 0.00 ms.
Unloading 3682 Unused Serialized files (Serialized files now loaded: 0)
Unloading 47 unused Assets / (1.8 MB). Loaded Objects now: 4324.
Memory consumption went from 366.2 MB to 364.4 MB.
Total: 2.894625 ms (FindLiveObjects: 0.143250 ms CreateObjectMapping: 0.045958 ms MarkObjects: 2.502917 ms  DeleteObjects: 0.201959 ms)

Prepare: number of updated asset objects reloaded= 0
AssetImportParameters requested are different than current active one (requested -> active):
  custom:container-demuxer-ogg: 62fdf1f143b41e24485cea50d1cbac27 -> 
  custom:video-decoder-ogg-theora: a1e56fd34408186e4bbccfd4996cb3dc -> 
  custom:CustomObjectIndexerAttribute: 9a22284fe3817be447336de3de66b15e -> 
  custom:container-demuxer-webm: 4f35f7cbe854078d1ac9338744f61a02 -> 
  custom:container-muxer-webm: aa71ff27fc2769a1b78a27578f13a17b -> 
  custom:video-decoder-webm-vp8: 9c59270c3fd7afecdb556c50c9e8de78 -> 
  custom:SearchIndexIgnoredProperties: e643bd26f0fe6173181afceb89e7c659 -> 
  custom:AudioImporter_EditorPlatform: 3918e3fc78b5a79bad01e8451be0beb8 -> 
  custom:framework-osx-AVFoundation: e770b220cccbd017edd2c1fefb359320 -> 
  custom:video-encoder-webm-vp8: eb34c28f22e8b96e1ab97ce403110664 -> 
  custom:audio-decoder-ogg-vorbis: bf7c407c2cedff20999df2af8eb42d56 -> 
  custom:audio-encoder-webm-vorbis: bf7c407c2cedff20999df2af8eb42d56 -> 
========================================================================
Received Prepare
Begin MonoManager ReloadAssembly
Thread 0x16d8bb000 may have been prematurely finalized
- Loaded All Assemblies, in  0.466 seconds
Refreshing native plugins compatible for Editor in 3.67 ms, found 3 plugins.
Native extension for OSXStandalone target not found
<HackaTime> Initializing...
UnityEngine.StackTraceUtility:ExtractStackTrace () (at /Users/bokken/build/output/unity/unity/Runtime/Export/Scripting/StackTrace.cs:37)
UnityEngine.DebugLogHandler:LogFormat (UnityEngine.LogType,UnityEngine.Object,string,object[])
UnityEngine.Logger:Log (UnityEngine.LogType,object)
UnityEngine.Debug:Log (object)
WakaTime.Plugin:Initialize () (at ./Library/PackageCache/com.daniel-geo.unityhackatime@5ac210a9a2/Editor/Plugin.cs:76)
WakaTime.Plugin:.cctor () (at ./Library/PackageCache/com.daniel-geo.unityhackatime@5ac210a9a2/Editor/Plugin.cs:41)
System.Runtime.CompilerServices.RuntimeHelpers:RunClassConstructor (System.RuntimeTypeHandle)
UnityEditor.EditorAssemblies:ProcessInitializeOnLoadAttributes (System.Type[]) (at /Users/bokken/build/output/unity/unity/Editor/Mono/EditorAssemblies.cs:119)

(Filename: ./Library/PackageCache/com.daniel-geo.unityhackatime@5ac210a9a2/Editor/Plugin.cs Line: 76)

<HackaTime> Sending heartbeat...
UnityEngine.StackTraceUtility:ExtractStackTrace () (at /Users/bokken/build/output/unity/unity/Runtime/Export/Scripting/StackTrace.cs:37)
UnityEngine.DebugLogHandler:LogFormat (UnityEngine.LogType,UnityEngine.Object,string,object[])
UnityEngine.Logger:Log (UnityEngine.LogType,object)
UnityEngine.Debug:Log (object)
WakaTime.Plugin/<SendHeartbeat>d__29:MoveNext () (at ./Library/PackageCache/com.daniel-geo.unityhackatime@5ac210a9a2/Editor/Plugin.cs:144)
System.Runtime.CompilerServices.AsyncVoidMethodBuilder:Start<WakaTime.Plugin/<SendHeartbeat>d__29> (WakaTime.Plugin/<SendHeartbeat>d__29&)
WakaTime.Plugin:SendHeartbeat (bool)
WakaTime.Plugin:Initialize () (at ./Library/PackageCache/com.daniel-geo.unityhackatime@5ac210a9a2/Editor/Plugin.cs:78)
WakaTime.Plugin:.cctor () (at ./Library/PackageCache/com.daniel-geo.unityhackatime@5ac210a9a2/Editor/Plugin.cs:41)
System.Runtime.CompilerServices.RuntimeHelpers:RunClassConstructor (System.RuntimeTypeHandle)
UnityEditor.EditorAssemblies:ProcessInitializeOnLoadAttributes (System.Type[]) (at /Users/bokken/build/output/unity/unity/Editor/Mono/EditorAssemblies.cs:119)

(Filename: ./Library/PackageCache/com.daniel-geo.unityhackatime@5ac210a9a2/Editor/Plugin.cs Line: 144)

Mono: successfully reloaded assembly
- Finished resetting the current domain, in  1.501 seconds
Domain Reload Profiling: 1968ms
	BeginReloadAssembly (172ms)
		ExecutionOrderSort (0ms)
		DisableScriptedObjects (6ms)
		BackupInstance (0ms)
		ReleaseScriptingObjects (0ms)
		CreateAndSetChildDomain (71ms)
	RebuildCommonClasses (25ms)
	RebuildNativeTypeToScriptingClass (10ms)
	initialDomainReloadingComplete (23ms)
	LoadAllAssembliesAndSetupDomain (236ms)
		LoadAssemblies (268ms)
		RebuildTransferFunctionScriptingTraits (0ms)
		AnalyzeDomain (35ms)
			TypeCache.Refresh (18ms)
				TypeCache.ScanAssembly (1ms)
			ScanForSourceGeneratedMonoScriptInfo (8ms)
			ResolveRequiredComponents (7ms)
	FinalizeReload (1502ms)
		ReleaseScriptCaches (0ms)
		RebuildScriptCaches (0ms)
		SetupLoadedEditorAssemblies (386ms)
			LogAssemblyErrors (0ms)
			InitializePlatformSupportModulesInManaged (5ms)
			SetLoadedEditorAssemblies (3ms)
			RefreshPlugins (0ms)
			BeforeProcessingInitializeOnLoad (36ms)
			ProcessInitializeOnLoadAttributes (326ms)
			ProcessInitializeOnLoadMethodAttributes (15ms)
			AfterProcessingInitializeOnLoad (1ms)
			EditorAssembliesLoaded (0ms)
		ExecutionOrderSort2 (0ms)
		AwakeInstancesAfterBackupRestoration (3ms)
Refreshing native plugins compatible for Editor in 2.96 ms, found 3 plugins.
Preloading 0 native plugins for Editor in 0.00 ms.
Release of invalid GC handle. The handle is from a previous domain. The release operation is skipped.
Release of invalid GC handle native callstack: 
 #0 GetStacktrace(int)
 #1 ScriptingGCHandle::Release() const
 #2 ScriptingGCHandle::ReleaseAndClear()
 #3 UploadHandlerRaw::~UploadHandlerRaw()
 #4 UploadHandler::Release()
 #5 UnityWebRequestProto<UnityWebRequestTransport, AtomicRefCounter, RedirectHelper, ResponseHelper, DownloadHandler, UploadHandler, CertificateHandler, HeaderHelper, AsyncOperation>::~UnityWebRequestProto()
 #6 UnityWebRequestAsyncOperation::InvokeCoroutine()
 #7 UnityWebRequestProto<UnityWebRequestTransport, AtomicRefCounter, RedirectHelper, ResponseHelper, DownloadHandler, UploadHandler, CertificateHandler, HeaderHelper, AsyncOperation>::Job_InvokeCoroutine(AsyncOperation*)
 #8 BackgroundJobQueue::ExecuteMainThreadJobs()
 #9 PreloadManager::WaitForAllAsyncOperationsToComplete()
 #10 UnloadUnusedAssetsImmediate(bool, bool)
 #11 invocation function for block in AssetImportWorkerClient::HandleMessage(PrepareMessage const&)::$_4::operator()() const
 #12 _dispatch_client_callout
 #13 _dispatch_async_and_wait_invoke
 #14 _dispatch_client_callout
 #15 _dispatch_main_queue_drain.cold.6
 #16 _dispatch_main_queue_drain
 #17 _dispatch_main_queue_callback_4CF
 #18 __CFRUNLOOP_IS_SERVICING_THE_MAIN_DISPATCH_QUEUE__
 #19 __CFRunLoopRun
 #20 _CFRunLoopRunSpecificWithOptions
 #21 RunCurrentEventLoopInMode
 #22 ReceiveNextEventCommon
 #23 _BlockUntilNextEventMatchingListInMode
 #24 _DPSBlockUntilNextEventMatchingListInMode
 #25 _DPSNextEvent
 #26 -[NSApplication(NSEventRouting) _nextEventMatchingEventMask:untilDate:inMode:dequeue:]
 #27 -[NSApplication(NSEventRouting) nextEventMatchingMask:untilDate:inMode:dequeue:]
 #28 -[NSApplication run]
 #29 NSApplicationMain
 #30 EditorMain(int, char const**)
 #31 main
 #32 start
<HackaTime> Got response
{"id":2725526038,"user_id":61064,"branch":"main","category":"coding","dependencies":[],"editor":"unity","entity":"Unsaved Scene","language":"unity","machine":null,"operating_system":null,"project":"Duos","type":"file","user_agent":"unity-hackatime","line_additions":null,"line_deletions":null,"lineno":null,"lines":null,"cursorpos":null,"project_root_count":null,"time":1789696768.0,"is_write":false,"created_at":"2026-09-18T01:58:52.132Z","updated_at":"2026-09-18T01:58:52.132Z","fields_hash":"abec8a3f558c1987a02a8067856a4669","source_type":"direct_entry","ip_address":"103.55.58.4","deleted_at":null,"ja4_id":211,"ai_model":null,"ai_session":null,"ai_subscription_plan":null,"ai_input_tokens":null,"ai_output_tokens":null,"ai_prompt_length":null,"ai_line_changes":null,"human_line_changes":null}
UnityEngine.StackTraceUtility:ExtractStackTrace () (at /Users/bokken/build/output/unity/unity/Runtime/Export/Scripting/StackTrace.cs:37)
UnityEngine.DebugLogHandler:LogFormat (UnityEngine.LogType,UnityEngine.Object,string,object[])
UnityEngine.Logger:Log (UnityEngine.LogType,object)
UnityEngine.Debug:Log (object)
WakaTime.Plugin/<SendHeartbeat>d__29:MoveNext () (at ./Library/PackageCache/com.daniel-geo.unityhackatime@5ac210a9a2/Editor/Plugin.cs:187)
System.Runtime.CompilerServices.AsyncMethodBuilderCore/MoveNextRunner:InvokeMoveNext (object)
System.Threading.ExecutionContext:RunInternal (System.Threading.ExecutionContext,System.Threading.ContextCallback,object,bool)
System.Threading.ExecutionContext:Run (System.Threading.ExecutionContext,System.Threading.ContextCallback,object,bool)
System.Runtime.CompilerServices.AsyncMethodBuilderCore/MoveNextRunner:Run ()
System.Threading.Tasks.AwaitTaskContinuation:InvokeAction (object)
System.Threading.Tasks.AwaitTaskContinuation:RunCallback (System.Threading.ContextCallback,object,System.Threading.Tasks.Task&)
System.Threading.Tasks.SynchronizationContextAwaitTaskContinuation:Run (System.Threading.Tasks.Task,bool)
System.Threading.Tasks.Task:FinishContinuations ()
System.Threading.Tasks.Task:FinishStageThree ()
System.Threading.Tasks.Task`1<bool>:TrySetResult (bool)
System.Threading.Tasks.TaskCompletionSource`1<bool>:TrySetResult (bool)
WakaTime.Plugin/<>c__DisplayClass29_0:<SendHeartbeat>b__0 (UnityEngine.AsyncOperation) (at ./Library/PackageCache/com.daniel-geo.unityhackatime@5ac210a9a2/Editor/Plugin.cs:176)
UnityEngine.AsyncOperation:InvokeCompletionEvent () (at /Users/bokken/build/output/unity/unity/Runtime/Export/Scripting/AsyncOperation.cs:21)

(Filename: ./Library/PackageCache/com.daniel-geo.unityhackatime@5ac210a9a2/Editor/Plugin.cs Line: 187)

<HackaTime> Sent heartbeat!
UnityEngine.StackTraceUtility:ExtractStackTrace () (at /Users/bokken/build/output/unity/unity/Runtime/Export/Scripting/StackTrace.cs:37)
UnityEngine.DebugLogHandler:LogFormat (UnityEngine.LogType,UnityEngine.Object,string,object[])
UnityEngine.Logger:Log (UnityEngine.LogType,object)
UnityEngine.Debug:Log (object)
WakaTime.Plugin/<SendHeartbeat>d__29:MoveNext () (at ./Library/PackageCache/com.daniel-geo.unityhackatime@5ac210a9a2/Editor/Plugin.cs:203)
System.Runtime.CompilerServices.AsyncMethodBuilderCore/MoveNextRunner:InvokeMoveNext (object)
System.Threading.ExecutionContext:RunInternal (System.Threading.ExecutionContext,System.Threading.ContextCallback,object,bool)
System.Threading.ExecutionContext:Run (System.Threading.ExecutionContext,System.Threading.ContextCallback,object,bool)
System.Runtime.CompilerServices.AsyncMethodBuilderCore/MoveNextRunner:Run ()
System.Threading.Tasks.AwaitTaskContinuation:InvokeAction (object)
System.Threading.Tasks.AwaitTaskContinuation:RunCallback (System.Threading.ContextCallback,object,System.Threading.Tasks.Task&)
System.Threading.Tasks.SynchronizationContextAwaitTaskContinuation:Run (System.Threading.Tasks.Task,bool)
System.Threading.Tasks.Task:FinishContinuations ()
System.Threading.Tasks.Task:FinishStageThree ()
System.Threading.Tasks.Task`1<bool>:TrySetResult (bool)
System.Threading.Tasks.TaskCompletionSource`1<bool>:TrySetResult (bool)
WakaTime.Plugin/<>c__DisplayClass29_0:<SendHeartbeat>b__0 (UnityEngine.AsyncOperation) (at ./Library/PackageCache/com.daniel-geo.unityhackatime@5ac210a9a2/Editor/Plugin.cs:176)
UnityEngine.AsyncOperation:InvokeCompletionEvent () (at /Users/bokken/build/output/unity/unity/Runtime/Export/Scripting/AsyncOperation.cs:21)

(Filename: ./Library/PackageCache/com.daniel-geo.unityhackatime@5ac210a9a2/Editor/Plugin.cs Line: 203)

Unloading 3682 Unused Serialized files (Serialized files now loaded: 0)
Unloading 47 unused Assets / (1.8 MB). Loaded Objects now: 4328.
Memory consumption went from 373.3 MB to 371.6 MB.
Total: 3.597208 ms (FindLiveObjects: 0.197542 ms CreateObjectMapping: 0.053208 ms MarkObjects: 3.125667 ms  DeleteObjects: 0.220166 ms)

Prepare: number of updated asset objects reloaded= 0
AssetImportParameters requested are different than current active one (requested -> active):
  custom:container-demuxer-ogg: 62fdf1f143b41e24485cea50d1cbac27 -> 
  custom:video-decoder-ogg-theora: a1e56fd34408186e4bbccfd4996cb3dc -> 
  custom:CustomObjectIndexerAttribute: 9a22284fe3817be447336de3de66b15e -> 
  custom:container-demuxer-webm: 4f35f7cbe854078d1ac9338744f61a02 -> 
  custom:container-muxer-webm: aa71ff27fc2769a1b78a27578f13a17b -> 
  custom:video-decoder-webm-vp8: 9c59270c3fd7afecdb556c50c9e8de78 -> 
  custom:SearchIndexIgnoredProperties: e643bd26f0fe6173181afceb89e7c659 -> 
  custom:AudioImporter_EditorPlatform: 3918e3fc78b5a79bad01e8451be0beb8 -> 
  custom:framework-osx-AVFoundation: e770b220cccbd017edd2c1fefb359320 -> 
  custom:video-encoder-webm-vp8: eb34c28f22e8b96e1ab97ce403110664 -> 
  custom:audio-decoder-ogg-vorbis: bf7c407c2cedff20999df2af8eb42d56 -> 
  custom:audio-encoder-webm-vorbis: bf7c407c2cedff20999df2af8eb42d56 -> 
========================================================================
Received Prepare
Begin MonoManager ReloadAssembly
Thread 0x16d8bb000 may have been prematurely finalized
- Loaded All Assemblies, in  0.491 seconds
Refreshing native plugins compatible for Editor in 5.91 ms, found 3 plugins.
Native extension for OSXStandalone target not found
<HackaTime> Initializing...
UnityEngine.StackTraceUtility:ExtractStackTrace () (at /Users/bokken/build/output/unity/unity/Runtime/Export/Scripting/StackTrace.cs:37)
UnityEngine.DebugLogHandler:LogFormat (UnityEngine.LogType,UnityEngine.Object,string,object[])
UnityEngine.Logger:Log (UnityEngine.LogType,object)
UnityEngine.Debug:Log (object)
WakaTime.Plugin:Initialize () (at ./Library/PackageCache/com.daniel-geo.unityhackatime@5ac210a9a2/Editor/Plugin.cs:76)
WakaTime.Plugin:.cctor () (at ./Library/PackageCache/com.daniel-geo.unityhackatime@5ac210a9a2/Editor/Plugin.cs:41)
System.Runtime.CompilerServices.RuntimeHelpers:RunClassConstructor (System.RuntimeTypeHandle)
UnityEditor.EditorAssemblies:ProcessInitializeOnLoadAttributes (System.Type[]) (at /Users/bokken/build/output/unity/unity/Editor/Mono/EditorAssemblies.cs:119)

(Filename: ./Library/PackageCache/com.daniel-geo.unityhackatime@5ac210a9a2/Editor/Plugin.cs Line: 76)

<HackaTime> Sending heartbeat...
UnityEngine.StackTraceUtility:ExtractStackTrace () (at /Users/bokken/build/output/unity/unity/Runtime/Export/Scripting/StackTrace.cs:37)
UnityEngine.DebugLogHandler:LogFormat (UnityEngine.LogType,UnityEngine.Object,string,object[])
UnityEngine.Logger:Log (UnityEngine.LogType,object)
UnityEngine.Debug:Log (object)
WakaTime.Plugin/<SendHeartbeat>d__29:MoveNext () (at ./Library/PackageCache/com.daniel-geo.unityhackatime@5ac210a9a2/Editor/Plugin.cs:144)
System.Runtime.CompilerServices.AsyncVoidMethodBuilder:Start<WakaTime.Plugin/<SendHeartbeat>d__29> (WakaTime.Plugin/<SendHeartbeat>d__29&)
WakaTime.Plugin:SendHeartbeat (bool)
WakaTime.Plugin:Initialize () (at ./Library/PackageCache/com.daniel-geo.unityhackatime@5ac210a9a2/Editor/Plugin.cs:78)
WakaTime.Plugin:.cctor () (at ./Library/PackageCache/com.daniel-geo.unityhackatime@5ac210a9a2/Editor/Plugin.cs:41)
System.Runtime.CompilerServices.RuntimeHelpers:RunClassConstructor (System.RuntimeTypeHandle)
UnityEditor.EditorAssemblies:ProcessInitializeOnLoadAttributes (System.Type[]) (at /Users/bokken/build/output/unity/unity/Editor/Mono/EditorAssemblies.cs:119)

(Filename: ./Library/PackageCache/com.daniel-geo.unityhackatime@5ac210a9a2/Editor/Plugin.cs Line: 144)

Mono: successfully reloaded assembly
- Finished resetting the current domain, in  0.731 seconds
Domain Reload Profiling: 1224ms
	BeginReloadAssembly (115ms)
		ExecutionOrderSort (0ms)
		DisableScriptedObjects (3ms)
		BackupInstance (0ms)
		ReleaseScriptingObjects (0ms)
		CreateAndSetChildDomain (35ms)
	RebuildCommonClasses (24ms)
	RebuildNativeTypeToScriptingClass (8ms)
	initialDomainReloadingComplete (16ms)
	LoadAllAssembliesAndSetupDomain (329ms)
		LoadAssemblies (349ms)
		RebuildTransferFunctionScriptingTraits (0ms)
		AnalyzeDomain (29ms)
			TypeCache.Refresh (22ms)
				TypeCache.ScanAssembly (0ms)
			ScanForSourceGeneratedMonoScriptInfo (0ms)
			ResolveRequiredComponents (6ms)
	FinalizeReload (731ms)
		ReleaseScriptCaches (0ms)
		RebuildScriptCaches (0ms)
		SetupLoadedEditorAssemblies (383ms)
			LogAssemblyErrors (0ms)
			InitializePlatformSupportModulesInManaged (5ms)
			SetLoadedEditorAssemblies (3ms)
			RefreshPlugins (0ms)
			BeforeProcessingInitializeOnLoad (38ms)
			ProcessInitializeOnLoadAttributes (325ms)
			ProcessInitializeOnLoadMethodAttributes (13ms)
			AfterProcessingInitializeOnLoad (1ms)
			EditorAssembliesLoaded (0ms)
		ExecutionOrderSort2 (0ms)
		AwakeInstancesAfterBackupRestoration (3ms)
Refreshing native plugins compatible for Editor in 2.06 ms, found 3 plugins.
Preloading 0 native plugins for Editor in 0.00 ms.
Unloading 3682 Unused Serialized files (Serialized files now loaded: 0)
Unloading 47 unused Assets / (1.8 MB). Loaded Objects now: 4332.
Memory consumption went from 380.4 MB to 378.7 MB.
Total: 5.776959 ms (FindLiveObjects: 0.209625 ms CreateObjectMapping: 0.053333 ms MarkObjects: 4.664917 ms  DeleteObjects: 0.848542 ms)

<HackaTime> Got response
{"id":2725526038,"user_id":61064,"branch":"main","category":"coding","dependencies":[],"editor":"unity","entity":"Unsaved Scene","language":"unity","machine":null,"operating_system":null,"project":"Duos","type":"file","user_agent":"unity-hackatime","line_additions":null,"line_deletions":null,"lineno":null,"lines":null,"cursorpos":null,"project_root_count":null,"time":1789696768.0,"is_write":false,"created_at":"2026-09-18T01:58:52.132Z","updated_at":"2026-09-18T01:58:52.132Z","fields_hash":"abec8a3f558c1987a02a8067856a4669","source_type":"direct_entry","ip_address":"103.55.58.4","deleted_at":null,"ja4_id":211,"ai_model":null,"ai_session":null,"ai_subscription_plan":null,"ai_input_tokens":null,"ai_output_tokens":null,"ai_prompt_length":null,"ai_line_changes":null,"human_line_changes":null}
UnityEngine.StackTraceUtility:ExtractStackTrace () (at /Users/bokken/build/output/unity/unity/Runtime/Export/Scripting/StackTrace.cs:37)
UnityEngine.DebugLogHandler:LogFormat (UnityEngine.LogType,UnityEngine.Object,string,object[])
UnityEngine.Logger:Log (UnityEngine.LogType,object)
UnityEngine.Debug:Log (object)
WakaTime.Plugin/<SendHeartbeat>d__29:MoveNext () (at ./Library/PackageCache/com.daniel-geo.unityhackatime@5ac210a9a2/Editor/Plugin.cs:187)
System.Runtime.CompilerServices.AsyncMethodBuilderCore/MoveNextRunner:InvokeMoveNext (object)
System.Threading.ExecutionContext:RunInternal (System.Threading.ExecutionContext,System.Threading.ContextCallback,object,bool)
System.Threading.ExecutionContext:Run (System.Threading.ExecutionContext,System.Threading.ContextCallback,object,bool)
System.Runtime.CompilerServices.AsyncMethodBuilderCore/MoveNextRunner:Run ()
System.Threading.Tasks.AwaitTaskContinuation:InvokeAction (object)
System.Threading.Tasks.AwaitTaskContinuation:RunCallback (System.Threading.ContextCallback,object,System.Threading.Tasks.Task&)
System.Threading.Tasks.SynchronizationContextAwaitTaskContinuation:Run (System.Threading.Tasks.Task,bool)
System.Threading.Tasks.Task:FinishContinuations ()
System.Threading.Tasks.Task:FinishStageThree ()
System.Threading.Tasks.Task`1<bool>:TrySetResult (bool)
System.Threading.Tasks.TaskCompletionSource`1<bool>:TrySetResult (bool)
WakaTime.Plugin/<>c__DisplayClass29_0:<SendHeartbeat>b__0 (UnityEngine.AsyncOperation) (at ./Library/PackageCache/com.daniel-geo.unityhackatime@5ac210a9a2/Editor/Plugin.cs:176)
UnityEngine.AsyncOperation:InvokeCompletionEvent () (at /Users/bokken/build/output/unity/unity/Runtime/Export/Scripting/AsyncOperation.cs:21)

(Filename: ./Library/PackageCache/com.daniel-geo.unityhackatime@5ac210a9a2/Editor/Plugin.cs Line: 187)

<HackaTime> Sent heartbeat!
UnityEngine.StackTraceUtility:ExtractStackTrace () (at /Users/bokken/build/output/unity/unity/Runtime/Export/Scripting/StackTrace.cs:37)
UnityEngine.DebugLogHandler:LogFormat (UnityEngine.LogType,UnityEngine.Object,string,object[])
UnityEngine.Logger:Log (UnityEngine.LogType,object)
UnityEngine.Debug:Log (object)
WakaTime.Plugin/<SendHeartbeat>d__29:MoveNext () (at ./Library/PackageCache/com.daniel-geo.unityhackatime@5ac210a9a2/Editor/Plugin.cs:203)
System.Runtime.CompilerServices.AsyncMethodBuilderCore/MoveNextRunner:InvokeMoveNext (object)
System.Threading.ExecutionContext:RunInternal (System.Threading.ExecutionContext,System.Threading.ContextCallback,object,bool)
System.Threading.ExecutionContext:Run (System.Threading.ExecutionContext,System.Threading.ContextCallback,object,bool)
System.Runtime.CompilerServices.AsyncMethodBuilderCore/MoveNextRunner:Run ()
System.Threading.Tasks.AwaitTaskContinuation:InvokeAction (object)
System.Threading.Tasks.AwaitTaskContinuation:RunCallback (System.Threading.ContextCallback,object,System.Threading.Tasks.Task&)
System.Threading.Tasks.SynchronizationContextAwaitTaskContinuation:Run (System.Threading.Tasks.Task,bool)
System.Threading.Tasks.Task:FinishContinuations ()
System.Threading.Tasks.Task:FinishStageThree ()
System.Threading.Tasks.Task`1<bool>:TrySetResult (bool)
System.Threading.Tasks.TaskCompletionSource`1<bool>:TrySetResult (bool)
WakaTime.Plugin/<>c__DisplayClass29_0:<SendHeartbeat>b__0 (UnityEngine.AsyncOperation) (at ./Library/PackageCache/com.daniel-geo.unityhackatime@5ac210a9a2/Editor/Plugin.cs:176)
UnityEngine.AsyncOperation:InvokeCompletionEvent () (at /Users/bokken/build/output/unity/unity/Runtime/Export/Scripting/AsyncOperation.cs:21)

(Filename: ./Library/PackageCache/com.daniel-geo.unityhackatime@5ac210a9a2/Editor/Plugin.cs Line: 203)

Prepare: number of updated asset objects reloaded= 0
AssetImportParameters requested are different than current active one (requested -> active):
  custom:container-demuxer-ogg: 62fdf1f143b41e24485cea50d1cbac27 -> 
  custom:video-decoder-ogg-theora: a1e56fd34408186e4bbccfd4996cb3dc -> 
  custom:CustomObjectIndexerAttribute: 9a22284fe3817be447336de3de66b15e -> 
  custom:container-demuxer-webm: 4f35f7cbe854078d1ac9338744f61a02 -> 
  custom:container-muxer-webm: aa71ff27fc2769a1b78a27578f13a17b -> 
  custom:video-decoder-webm-vp8: 9c59270c3fd7afecdb556c50c9e8de78 -> 
  custom:SearchIndexIgnoredProperties: e643bd26f0fe6173181afceb89e7c659 -> 
  custom:AudioImporter_EditorPlatform: 3918e3fc78b5a79bad01e8451be0beb8 -> 
  custom:framework-osx-AVFoundation: e770b220cccbd017edd2c1fefb359320 -> 
  custom:video-encoder-webm-vp8: eb34c28f22e8b96e1ab97ce403110664 -> 
  custom:audio-decoder-ogg-vorbis: bf7c407c2cedff20999df2af8eb42d56 -> 
  custom:audio-encoder-webm-vorbis: bf7c407c2cedff20999df2af8eb42d56 -> 
========================================================================
Received Prepare
Begin MonoManager ReloadAssembly
Thread 0x16d8bb000 may have been prematurely finalized
- Loaded All Assemblies, in  0.474 seconds
Refreshing native plugins compatible for Editor in 2.09 ms, found 3 plugins.
Native extension for OSXStandalone target not found
<HackaTime> Initializing...
UnityEngine.StackTraceUtility:ExtractStackTrace () (at /Users/bokken/build/output/unity/unity/Runtime/Export/Scripting/StackTrace.cs:37)
UnityEngine.DebugLogHandler:LogFormat (UnityEngine.LogType,UnityEngine.Object,string,object[])
UnityEngine.Logger:Log (UnityEngine.LogType,object)
UnityEngine.Debug:Log (object)
WakaTime.Plugin:Initialize () (at ./Library/PackageCache/com.daniel-geo.unityhackatime@5ac210a9a2/Editor/Plugin.cs:76)
WakaTime.Plugin:.cctor () (at ./Library/PackageCache/com.daniel-geo.unityhackatime@5ac210a9a2/Editor/Plugin.cs:41)
System.Runtime.CompilerServices.RuntimeHelpers:RunClassConstructor (System.RuntimeTypeHandle)
UnityEditor.EditorAssemblies:ProcessInitializeOnLoadAttributes (System.Type[]) (at /Users/bokken/build/output/unity/unity/Editor/Mono/EditorAssemblies.cs:119)

(Filename: ./Library/PackageCache/com.daniel-geo.unityhackatime@5ac210a9a2/Editor/Plugin.cs Line: 76)

<HackaTime> Sending heartbeat...
UnityEngine.StackTraceUtility:ExtractStackTrace () (at /Users/bokken/build/output/unity/unity/Runtime/Export/Scripting/StackTrace.cs:37)
UnityEngine.DebugLogHandler:LogFormat (UnityEngine.LogType,UnityEngine.Object,string,object[])
UnityEngine.Logger:Log (UnityEngine.LogType,object)
UnityEngine.Debug:Log (object)
WakaTime.Plugin/<SendHeartbeat>d__29:MoveNext () (at ./Library/PackageCache/com.daniel-geo.unityhackatime@5ac210a9a2/Editor/Plugin.cs:144)
System.Runtime.CompilerServices.AsyncVoidMethodBuilder:Start<WakaTime.Plugin/<SendHeartbeat>d__29> (WakaTime.Plugin/<SendHeartbeat>d__29&)
WakaTime.Plugin:SendHeartbeat (bool)
WakaTime.Plugin:Initialize () (at ./Library/PackageCache/com.daniel-geo.unityhackatime@5ac210a9a2/Editor/Plugin.cs:78)
WakaTime.Plugin:.cctor () (at ./Library/PackageCache/com.daniel-geo.unityhackatime@5ac210a9a2/Editor/Plugin.cs:41)
System.Runtime.CompilerServices.RuntimeHelpers:RunClassConstructor (System.RuntimeTypeHandle)
UnityEditor.EditorAssemblies:ProcessInitializeOnLoadAttributes (System.Type[]) (at /Users/bokken/build/output/unity/unity/Editor/Mono/EditorAssemblies.cs:119)

(Filename: ./Library/PackageCache/com.daniel-geo.unityhackatime@5ac210a9a2/Editor/Plugin.cs Line: 144)

Mono: successfully reloaded assembly
- Finished resetting the current domain, in  1.324 seconds
Domain Reload Profiling: 1799ms
	BeginReloadAssembly (149ms)
		ExecutionOrderSort (0ms)
		DisableScriptedObjects (5ms)
		BackupInstance (0ms)
		ReleaseScriptingObjects (0ms)
		CreateAndSetChildDomain (62ms)
	RebuildCommonClasses (25ms)
	RebuildNativeTypeToScriptingClass (8ms)
	initialDomainReloadingComplete (25ms)
	LoadAllAssembliesAndSetupDomain (266ms)
		LoadAssemblies (286ms)
		RebuildTransferFunctionScriptingTraits (0ms)
		AnalyzeDomain (36ms)
			TypeCache.Refresh (23ms)
				TypeCache.ScanAssembly (1ms)
			ScanForSourceGeneratedMonoScriptInfo (6ms)
			ResolveRequiredComponents (5ms)
	FinalizeReload (1324ms)
		ReleaseScriptCaches (0ms)
		RebuildScriptCaches (0ms)
		SetupLoadedEditorAssemblies (373ms)
			LogAssemblyErrors (0ms)
			InitializePlatformSupportModulesInManaged (4ms)
			SetLoadedEditorAssemblies (3ms)
			RefreshPlugins (0ms)
			BeforeProcessingInitializeOnLoad (37ms)
			ProcessInitializeOnLoadAttributes (318ms)
			ProcessInitializeOnLoadMethodAttributes (11ms)
			AfterProcessingInitializeOnLoad (1ms)
			EditorAssembliesLoaded (0ms)
		ExecutionOrderSort2 (0ms)
		AwakeInstancesAfterBackupRestoration (3ms)
Refreshing native plugins compatible for Editor in 2.43 ms, found 3 plugins.
Preloading 0 native plugins for Editor in 0.00 ms.
<HackaTime> Got response
{"id":2725527042,"user_id":61064,"branch":"main","category":"coding","dependencies":[],"editor":"unity","entity":"Unsaved Scene","language":"unity","machine":null,"operating_system":null,"project":"Duos","type":"file","user_agent":"unity-hackatime","line_additions":null,"line_deletions":null,"lineno":null,"lines":null,"cursorpos":null,"project_root_count":null,"time":1789696896.0,"is_write":false,"created_at":"2026-09-18T02:01:13.390Z","updated_at":"2026-09-18T02:01:13.390Z","fields_hash":"c0d39e520de0cfb99bf0e58397196c0b","source_type":"direct_entry","ip_address":"103.55.58.4","deleted_at":null,"ja4_id":211,"ai_model":null,"ai_session":null,"ai_subscription_plan":null,"ai_input_tokens":null,"ai_output_tokens":null,"ai_prompt_length":null,"ai_line_changes":null,"human_line_changes":null}
UnityEngine.StackTraceUtility:ExtractStackTrace () (at /Users/bokken/build/output/unity/unity/Runtime/Export/Scripting/StackTrace.cs:37)
UnityEngine.DebugLogHandler:LogFormat (UnityEngine.LogType,UnityEngine.Object,string,object[])
UnityEngine.Logger:Log (UnityEngine.LogType,object)
UnityEngine.Debug:Log (object)
WakaTime.Plugin/<SendHeartbeat>d__29:MoveNext () (at ./Library/PackageCache/com.daniel-geo.unityhackatime@5ac210a9a2/Editor/Plugin.cs:187)
System.Runtime.CompilerServices.AsyncMethodBuilderCore/MoveNextRunner:InvokeMoveNext (object)
System.Threading.ExecutionContext:RunInternal (System.Threading.ExecutionContext,System.Threading.ContextCallback,object,bool)
System.Threading.ExecutionContext:Run (System.Threading.ExecutionContext,System.Threading.ContextCallback,object,bool)
System.Runtime.CompilerServices.AsyncMethodBuilderCore/MoveNextRunner:Run ()
System.Threading.Tasks.AwaitTaskContinuation:InvokeAction (object)
System.Threading.Tasks.AwaitTaskContinuation:RunCallback (System.Threading.ContextCallback,object,System.Threading.Tasks.Task&)
System.Threading.Tasks.SynchronizationContextAwaitTaskContinuation:Run (System.Threading.Tasks.Task,bool)
System.Threading.Tasks.Task:FinishContinuations ()
System.Threading.Tasks.Task:FinishStageThree ()
System.Threading.Tasks.Task`1<bool>:TrySetResult (bool)
System.Threading.Tasks.TaskCompletionSource`1<bool>:TrySetResult (bool)
WakaTime.Plugin/<>c__DisplayClass29_0:<SendHeartbeat>b__0 (UnityEngine.AsyncOperation) (at ./Library/PackageCache/com.daniel-geo.unityhackatime@5ac210a9a2/Editor/Plugin.cs:176)
UnityEngine.AsyncOperation:InvokeCompletionEvent () (at /Users/bokken/build/output/unity/unity/Runtime/Export/Scripting/AsyncOperation.cs:21)

(Filename: ./Library/PackageCache/com.daniel-geo.unityhackatime@5ac210a9a2/Editor/Plugin.cs Line: 187)

<HackaTime> Sent heartbeat!
UnityEngine.StackTraceUtility:ExtractStackTrace () (at /Users/bokken/build/output/unity/unity/Runtime/Export/Scripting/StackTrace.cs:37)
UnityEngine.DebugLogHandler:LogFormat (UnityEngine.LogType,UnityEngine.Object,string,object[])
UnityEngine.Logger:Log (UnityEngine.LogType,object)
UnityEngine.Debug:Log (object)
WakaTime.Plugin/<SendHeartbeat>d__29:MoveNext () (at ./Library/PackageCache/com.daniel-geo.unityhackatime@5ac210a9a2/Editor/Plugin.cs:203)
System.Runtime.CompilerServices.AsyncMethodBuilderCore/MoveNextRunner:InvokeMoveNext (object)
System.Threading.ExecutionContext:RunInternal (System.Threading.ExecutionContext,System.Threading.ContextCallback,object,bool)
System.Threading.ExecutionContext:Run (System.Threading.ExecutionContext,System.Threading.ContextCallback,object,bool)
System.Runtime.CompilerServices.AsyncMethodBuilderCore/MoveNextRunner:Run ()
System.Threading.Tasks.AwaitTaskContinuation:InvokeAction (object)
System.Threading.Tasks.AwaitTaskContinuation:RunCallback (System.Threading.ContextCallback,object,System.Threading.Tasks.Task&)
System.Threading.Tasks.SynchronizationContextAwaitTaskContinuation:Run (System.Threading.Tasks.Task,bool)
System.Threading.Tasks.Task:FinishContinuations ()
System.Threading.Tasks.Task:FinishStageThree ()
System.Threading.Tasks.Task`1<bool>:TrySetResult (bool)
System.Threading.Tasks.TaskCompletionSource`1<bool>:TrySetResult (bool)
WakaTime.Plugin/<>c__DisplayClass29_0:<SendHeartbeat>b__0 (UnityEngine.AsyncOperation) (at ./Library/PackageCache/com.daniel-geo.unityhackatime@5ac210a9a2/Editor/Plugin.cs:176)
UnityEngine.AsyncOperation:InvokeCompletionEvent () (at /Users/bokken/build/output/unity/unity/Runtime/Export/Scripting/AsyncOperation.cs:21)

(Filename: ./Library/PackageCache/com.daniel-geo.unityhackatime@5ac210a9a2/Editor/Plugin.cs Line: 203)

Unloading 3682 Unused Serialized files (Serialized files now loaded: 0)
Unloading 47 unused Assets / (1.8 MB). Loaded Objects now: 4336.
Memory consumption went from 387.6 MB to 385.9 MB.
Total: 23.182041 ms (FindLiveObjects: 0.419500 ms CreateObjectMapping: 0.052042 ms MarkObjects: 20.058542 ms  DeleteObjects: 2.651208 ms)

Prepare: number of updated asset objects reloaded= 0
AssetImportParameters requested are different than current active one (requested -> active):
  custom:container-demuxer-ogg: 62fdf1f143b41e24485cea50d1cbac27 -> 
  custom:video-decoder-ogg-theora: a1e56fd34408186e4bbccfd4996cb3dc -> 
  custom:CustomObjectIndexerAttribute: 9a22284fe3817be447336de3de66b15e -> 
  custom:container-demuxer-webm: 4f35f7cbe854078d1ac9338744f61a02 -> 
  custom:container-muxer-webm: aa71ff27fc2769a1b78a27578f13a17b -> 
  custom:video-decoder-webm-vp8: 9c59270c3fd7afecdb556c50c9e8de78 -> 
  custom:SearchIndexIgnoredProperties: e643bd26f0fe6173181afceb89e7c659 -> 
  custom:AudioImporter_EditorPlatform: 3918e3fc78b5a79bad01e8451be0beb8 -> 
  custom:framework-osx-AVFoundation: e770b220cccbd017edd2c1fefb359320 -> 
  custom:video-encoder-webm-vp8: eb34c28f22e8b96e1ab97ce403110664 -> 
  custom:audio-decoder-ogg-vorbis: bf7c407c2cedff20999df2af8eb42d56 -> 
  custom:audio-encoder-webm-vorbis: bf7c407c2cedff20999df2af8eb42d56 -> 
========================================================================
Received Prepare
Begin MonoManager ReloadAssembly
Thread 0x16d8bb000 may have been prematurely finalized
- Loaded All Assemblies, in  0.541 seconds
Refreshing native plugins compatible for Editor in 2.48 ms, found 3 plugins.
Native extension for OSXStandalone target not found
<HackaTime> Initializing...
UnityEngine.StackTraceUtility:ExtractStackTrace () (at /Users/bokken/build/output/unity/unity/Runtime/Export/Scripting/StackTrace.cs:37)
UnityEngine.DebugLogHandler:LogFormat (UnityEngine.LogType,UnityEngine.Object,string,object[])
UnityEngine.Logger:Log (UnityEngine.LogType,object)
UnityEngine.Debug:Log (object)
WakaTime.Plugin:Initialize () (at ./Library/PackageCache/com.daniel-geo.unityhackatime@5ac210a9a2/Editor/Plugin.cs:76)
WakaTime.Plugin:.cctor () (at ./Library/PackageCache/com.daniel-geo.unityhackatime@5ac210a9a2/Editor/Plugin.cs:41)
System.Runtime.CompilerServices.RuntimeHelpers:RunClassConstructor (System.RuntimeTypeHandle)
UnityEditor.EditorAssemblies:ProcessInitializeOnLoadAttributes (System.Type[]) (at /Users/bokken/build/output/unity/unity/Editor/Mono/EditorAssemblies.cs:119)

(Filename: ./Library/PackageCache/com.daniel-geo.unityhackatime@5ac210a9a2/Editor/Plugin.cs Line: 76)

<HackaTime> Sending heartbeat...
UnityEngine.StackTraceUtility:ExtractStackTrace () (at /Users/bokken/build/output/unity/unity/Runtime/Export/Scripting/StackTrace.cs:37)
UnityEngine.DebugLogHandler:LogFormat (UnityEngine.LogType,UnityEngine.Object,string,object[])
UnityEngine.Logger:Log (UnityEngine.LogType,object)
UnityEngine.Debug:Log (object)
WakaTime.Plugin/<SendHeartbeat>d__29:MoveNext () (at ./Library/PackageCache/com.daniel-geo.unityhackatime@5ac210a9a2/Editor/Plugin.cs:144)
System.Runtime.CompilerServices.AsyncVoidMethodBuilder:Start<WakaTime.Plugin/<SendHeartbeat>d__29> (WakaTime.Plugin/<SendHeartbeat>d__29&)
WakaTime.Plugin:SendHeartbeat (bool)
WakaTime.Plugin:Initialize () (at ./Library/PackageCache/com.daniel-geo.unityhackatime@5ac210a9a2/Editor/Plugin.cs:78)
WakaTime.Plugin:.cctor () (at ./Library/PackageCache/com.daniel-geo.unityhackatime@5ac210a9a2/Editor/Plugin.cs:41)
System.Runtime.CompilerServices.RuntimeHelpers:RunClassConstructor (System.RuntimeTypeHandle)
UnityEditor.EditorAssemblies:ProcessInitializeOnLoadAttributes (System.Type[]) (at /Users/bokken/build/output/unity/unity/Editor/Mono/EditorAssemblies.cs:119)

(Filename: ./Library/PackageCache/com.daniel-geo.unityhackatime@5ac210a9a2/Editor/Plugin.cs Line: 144)

Mono: successfully reloaded assembly
- Finished resetting the current domain, in  0.734 seconds
Domain Reload Profiling: 1277ms
	BeginReloadAssembly (202ms)
		ExecutionOrderSort (0ms)
		DisableScriptedObjects (6ms)
		BackupInstance (0ms)
		ReleaseScriptingObjects (0ms)
		CreateAndSetChildDomain (83ms)
	RebuildCommonClasses (29ms)
	RebuildNativeTypeToScriptingClass (9ms)
	initialDomainReloadingComplete (21ms)
	LoadAllAssembliesAndSetupDomain (282ms)
		LoadAssemblies (319ms)
		RebuildTransferFunctionScriptingTraits (0ms)
		AnalyzeDomain (43ms)
			TypeCache.Refresh (35ms)
				TypeCache.ScanAssembly (0ms)
			ScanForSourceGeneratedMonoScriptInfo (0ms)
			ResolveRequiredComponents (5ms)
	FinalizeReload (734ms)
		ReleaseScriptCaches (0ms)
		RebuildScriptCaches (0ms)
		SetupLoadedEditorAssemblies (380ms)
			LogAssemblyErrors (0ms)
			InitializePlatformSupportModulesInManaged (3ms)
			SetLoadedEditorAssemblies (2ms)
			RefreshPlugins (0ms)
			BeforeProcessingInitializeOnLoad (37ms)
			ProcessInitializeOnLoadAttributes (325ms)
			ProcessInitializeOnLoadMethodAttributes (12ms)
			AfterProcessingInitializeOnLoad (1ms)
			EditorAssembliesLoaded (0ms)
		ExecutionOrderSort2 (0ms)
		AwakeInstancesAfterBackupRestoration (3ms)
Refreshing native plugins compatible for Editor in 1.89 ms, found 3 plugins.
Preloading 0 native plugins for Editor in 0.00 ms.
Unloading 3682 Unused Serialized files (Serialized files now loaded: 0)
Unloading 47 unused Assets / (1.8 MB). Loaded Objects now: 4340.
Memory consumption went from 394.7 MB to 392.9 MB.
Total: 3.940083 ms (FindLiveObjects: 0.219583 ms CreateObjectMapping: 0.060125 ms MarkObjects: 3.366750 ms  DeleteObjects: 0.292875 ms)

Prepare: number of updated asset objects reloaded= 0
AssetImportParameters requested are different than current active one (requested -> active):
  custom:container-demuxer-ogg: 62fdf1f143b41e24485cea50d1cbac27 -> 
  custom:video-decoder-ogg-theora: a1e56fd34408186e4bbccfd4996cb3dc -> 
  custom:CustomObjectIndexerAttribute: 9a22284fe3817be447336de3de66b15e -> 
  custom:container-demuxer-webm: 4f35f7cbe854078d1ac9338744f61a02 -> 
  custom:container-muxer-webm: aa71ff27fc2769a1b78a27578f13a17b -> 
  custom:video-decoder-webm-vp8: 9c59270c3fd7afecdb556c50c9e8de78 -> 
  custom:SearchIndexIgnoredProperties: e643bd26f0fe6173181afceb89e7c659 -> 
  custom:AudioImporter_EditorPlatform: 3918e3fc78b5a79bad01e8451be0beb8 -> 
  custom:framework-osx-AVFoundation: e770b220cccbd017edd2c1fefb359320 -> 
  custom:video-encoder-webm-vp8: eb34c28f22e8b96e1ab97ce403110664 -> 
  custom:audio-decoder-ogg-vorbis: bf7c407c2cedff20999df2af8eb42d56 -> 
  custom:audio-encoder-webm-vorbis: bf7c407c2cedff20999df2af8eb42d56 -> 
========================================================================
Received Prepare
Begin MonoManager ReloadAssembly
Thread 0x16d8bb000 may have been prematurely finalized
- Loaded All Assemblies, in  0.479 seconds
Refreshing native plugins compatible for Editor in 2.73 ms, found 3 plugins.
Native extension for OSXStandalone target not found
<HackaTime> Initializing...
UnityEngine.StackTraceUtility:ExtractStackTrace () (at /Users/bokken/build/output/unity/unity/Runtime/Export/Scripting/StackTrace.cs:37)
UnityEngine.DebugLogHandler:LogFormat (UnityEngine.LogType,UnityEngine.Object,string,object[])
UnityEngine.Logger:Log (UnityEngine.LogType,object)
UnityEngine.Debug:Log (object)
WakaTime.Plugin:Initialize () (at ./Library/PackageCache/com.daniel-geo.unityhackatime@5ac210a9a2/Editor/Plugin.cs:76)
WakaTime.Plugin:.cctor () (at ./Library/PackageCache/com.daniel-geo.unityhackatime@5ac210a9a2/Editor/Plugin.cs:41)
System.Runtime.CompilerServices.RuntimeHelpers:RunClassConstructor (System.RuntimeTypeHandle)
UnityEditor.EditorAssemblies:ProcessInitializeOnLoadAttributes (System.Type[]) (at /Users/bokken/build/output/unity/unity/Editor/Mono/EditorAssemblies.cs:119)

(Filename: ./Library/PackageCache/com.daniel-geo.unityhackatime@5ac210a9a2/Editor/Plugin.cs Line: 76)

<HackaTime> Sending heartbeat...
UnityEngine.StackTraceUtility:ExtractStackTrace () (at /Users/bokken/build/output/unity/unity/Runtime/Export/Scripting/StackTrace.cs:37)
UnityEngine.DebugLogHandler:LogFormat (UnityEngine.LogType,UnityEngine.Object,string,object[])
UnityEngine.Logger:Log (UnityEngine.LogType,object)
UnityEngine.Debug:Log (object)
WakaTime.Plugin/<SendHeartbeat>d__29:MoveNext () (at ./Library/PackageCache/com.daniel-geo.unityhackatime@5ac210a9a2/Editor/Plugin.cs:144)
System.Runtime.CompilerServices.AsyncVoidMethodBuilder:Start<WakaTime.Plugin/<SendHeartbeat>d__29> (WakaTime.Plugin/<SendHeartbeat>d__29&)
WakaTime.Plugin:SendHeartbeat (bool)
WakaTime.Plugin:Initialize () (at ./Library/PackageCache/com.daniel-geo.unityhackatime@5ac210a9a2/Editor/Plugin.cs:78)
WakaTime.Plugin:.cctor () (at ./Library/PackageCache/com.daniel-geo.unityhackatime@5ac210a9a2/Editor/Plugin.cs:41)
System.Runtime.CompilerServices.RuntimeHelpers:RunClassConstructor (System.RuntimeTypeHandle)
UnityEditor.EditorAssemblies:ProcessInitializeOnLoadAttributes (System.Type[]) (at /Users/bokken/build/output/unity/unity/Editor/Mono/EditorAssemblies.cs:119)

(Filename: ./Library/PackageCache/com.daniel-geo.unityhackatime@5ac210a9a2/Editor/Plugin.cs Line: 144)

Mono: successfully reloaded assembly
- Finished resetting the current domain, in  1.613 seconds
Domain Reload Profiling: 2092ms
	BeginReloadAssembly (145ms)
		ExecutionOrderSort (0ms)
		DisableScriptedObjects (4ms)
		BackupInstance (0ms)
		ReleaseScriptingObjects (0ms)
		CreateAndSetChildDomain (57ms)
	RebuildCommonClasses (25ms)
	RebuildNativeTypeToScriptingClass (10ms)
	initialDomainReloadingComplete (21ms)
	LoadAllAssembliesAndSetupDomain (277ms)
		LoadAssemblies (306ms)
		RebuildTransferFunctionScriptingTraits (0ms)
		AnalyzeDomain (29ms)
			TypeCache.Refresh (14ms)
				TypeCache.ScanAssembly (1ms)
			ScanForSourceGeneratedMonoScriptInfo (10ms)
			ResolveRequiredComponents (4ms)
	FinalizeReload (1613ms)
		ReleaseScriptCaches (0ms)
		RebuildScriptCaches (0ms)
		SetupLoadedEditorAssemblies (392ms)
			LogAssemblyErrors (0ms)
			InitializePlatformSupportModulesInManaged (3ms)
			SetLoadedEditorAssemblies (3ms)
			RefreshPlugins (0ms)
			BeforeProcessingInitializeOnLoad (38ms)
			ProcessInitializeOnLoadAttributes (336ms)
			ProcessInitializeOnLoadMethodAttributes (11ms)
			AfterProcessingInitializeOnLoad (1ms)
			EditorAssembliesLoaded (0ms)
		ExecutionOrderSort2 (0ms)
		AwakeInstancesAfterBackupRestoration (2ms)
Refreshing native plugins compatible for Editor in 2.61 ms, found 3 plugins.
Preloading 0 native plugins for Editor in 0.00 ms.
Release of invalid GC handle. The handle is from a previous domain. The release operation is skipped.
Release of invalid GC handle native callstack: 
 #0 GetStacktrace(int)
 #1 ScriptingGCHandle::Release() const
 #2 ScriptingGCHandle::ReleaseAndClear()
 #3 UploadHandlerRaw::~UploadHandlerRaw()
 #4 UploadHandler::Release()
 #5 UnityWebRequestProto<UnityWebRequestTransport, AtomicRefCounter, RedirectHelper, ResponseHelper, DownloadHandler, UploadHandler, CertificateHandler, HeaderHelper, AsyncOperation>::~UnityWebRequestProto()
 #6 UnityWebRequestAsyncOperation::InvokeCoroutine()
 #7 UnityWebRequestProto<UnityWebRequestTransport, AtomicRefCounter, RedirectHelper, ResponseHelper, DownloadHandler, UploadHandler, CertificateHandler, HeaderHelper, AsyncOperation>::Job_InvokeCoroutine(AsyncOperation*)
 #8 BackgroundJobQueue::ExecuteMainThreadJobs()
 #9 PreloadManager::WaitForAllAsyncOperationsToComplete()
 #10 UnloadUnusedAssetsImmediate(bool, bool)
 #11 invocation function for block in AssetImportWorkerClient::HandleMessage(PrepareMessage const&)::$_4::operator()() const
 #12 _dispatch_client_callout
 #13 _dispatch_async_and_wait_invoke
 #14 _dispatch_client_callout
 #15 _dispatch_main_queue_drain.cold.6
 #16 _dispatch_main_queue_drain
 #17 _dispatch_main_queue_callback_4CF
 #18 __CFRUNLOOP_IS_SERVICING_THE_MAIN_DISPATCH_QUEUE__
 #19 __CFRunLoopRun
 #20 _CFRunLoopRunSpecificWithOptions
 #21 RunCurrentEventLoopInMode
 #22 ReceiveNextEventCommon
 #23 _BlockUntilNextEventMatchingListInMode
 #24 _DPSBlockUntilNextEventMatchingListInMode
 #25 _DPSNextEvent
 #26 -[NSApplication(NSEventRouting) _nextEventMatchingEventMask:untilDate:inMode:dequeue:]
 #27 -[NSApplication(NSEventRouting) nextEventMatchingMask:untilDate:inMode:dequeue:]
 #28 -[NSApplication run]
 #29 NSApplicationMain
 #30 EditorMain(int, char const**)
 #31 main
 #32 start
<HackaTime> Got response
{"id":2725527042,"user_id":61064,"branch":"main","category":"coding","dependencies":[],"editor":"unity","entity":"Unsaved Scene","language":"unity","machine":null,"operating_system":null,"project":"Duos","type":"file","user_agent":"unity-hackatime","line_additions":null,"line_deletions":null,"lineno":null,"lines":null,"cursorpos":null,"project_root_count":null,"time":1789696896.0,"is_write":false,"created_at":"2026-09-18T02:01:13.390Z","updated_at":"2026-09-18T02:01:13.390Z","fields_hash":"c0d39e520de0cfb99bf0e58397196c0b","source_type":"direct_entry","ip_address":"103.55.58.4","deleted_at":null,"ja4_id":211,"ai_model":null,"ai_session":null,"ai_subscription_plan":null,"ai_input_tokens":null,"ai_output_tokens":null,"ai_prompt_length":null,"ai_line_changes":null,"human_line_changes":null}
UnityEngine.StackTraceUtility:ExtractStackTrace () (at /Users/bokken/build/output/unity/unity/Runtime/Export/Scripting/StackTrace.cs:37)
UnityEngine.DebugLogHandler:LogFormat (UnityEngine.LogType,UnityEngine.Object,string,object[])
UnityEngine.Logger:Log (UnityEngine.LogType,object)
UnityEngine.Debug:Log (object)
WakaTime.Plugin/<SendHeartbeat>d__29:MoveNext () (at ./Library/PackageCache/com.daniel-geo.unityhackatime@5ac210a9a2/Editor/Plugin.cs:187)
System.Runtime.CompilerServices.AsyncMethodBuilderCore/MoveNextRunner:InvokeMoveNext (object)
System.Threading.ExecutionContext:RunInternal (System.Threading.ExecutionContext,System.Threading.ContextCallback,object,bool)
System.Threading.ExecutionContext:Run (System.Threading.ExecutionContext,System.Threading.ContextCallback,object,bool)
System.Runtime.CompilerServices.AsyncMethodBuilderCore/MoveNextRunner:Run ()
System.Threading.Tasks.AwaitTaskContinuation:InvokeAction (object)
System.Threading.Tasks.AwaitTaskContinuation:RunCallback (System.Threading.ContextCallback,object,System.Threading.Tasks.Task&)
System.Threading.Tasks.SynchronizationContextAwaitTaskContinuation:Run (System.Threading.Tasks.Task,bool)
System.Threading.Tasks.Task:FinishContinuations ()
System.Threading.Tasks.Task:FinishStageThree ()
System.Threading.Tasks.Task`1<bool>:TrySetResult (bool)
System.Threading.Tasks.TaskCompletionSource`1<bool>:TrySetResult (bool)
WakaTime.Plugin/<>c__DisplayClass29_0:<SendHeartbeat>b__0 (UnityEngine.AsyncOperation) (at ./Library/PackageCache/com.daniel-geo.unityhackatime@5ac210a9a2/Editor/Plugin.cs:176)
UnityEngine.AsyncOperation:InvokeCompletionEvent () (at /Users/bokken/build/output/unity/unity/Runtime/Export/Scripting/AsyncOperation.cs:21)

(Filename: ./Library/PackageCache/com.daniel-geo.unityhackatime@5ac210a9a2/Editor/Plugin.cs Line: 187)

<HackaTime> Sent heartbeat!
UnityEngine.StackTraceUtility:ExtractStackTrace () (at /Users/bokken/build/output/unity/unity/Runtime/Export/Scripting/StackTrace.cs:37)
UnityEngine.DebugLogHandler:LogFormat (UnityEngine.LogType,UnityEngine.Object,string,object[])
UnityEngine.Logger:Log (UnityEngine.LogType,object)
UnityEngine.Debug:Log (object)
WakaTime.Plugin/<SendHeartbeat>d__29:MoveNext () (at ./Library/PackageCache/com.daniel-geo.unityhackatime@5ac210a9a2/Editor/Plugin.cs:203)
System.Runtime.CompilerServices.AsyncMethodBuilderCore/MoveNextRunner:InvokeMoveNext (object)
System.Threading.ExecutionContext:RunInternal (System.Threading.ExecutionContext,System.Threading.ContextCallback,object,bool)
System.Threading.ExecutionContext:Run (System.Threading.ExecutionContext,System.Threading.ContextCallback,object,bool)
System.Runtime.CompilerServices.AsyncMethodBuilderCore/MoveNextRunner:Run ()
System.Threading.Tasks.AwaitTaskContinuation:InvokeAction (object)
System.Threading.Tasks.AwaitTaskContinuation:RunCallback (System.Threading.ContextCallback,object,System.Threading.Tasks.Task&)
System.Threading.Tasks.SynchronizationContextAwaitTaskContinuation:Run (System.Threading.Tasks.Task,bool)
System.Threading.Tasks.Task:FinishContinuations ()
System.Threading.Tasks.Task:FinishStageThree ()
System.Threading.Tasks.Task`1<bool>:TrySetResult (bool)
System.Threading.Tasks.TaskCompletionSource`1<bool>:TrySetResult (bool)
WakaTime.Plugin/<>c__DisplayClass29_0:<SendHeartbeat>b__0 (UnityEngine.AsyncOperation) (at ./Library/PackageCache/com.daniel-geo.unityhackatime@5ac210a9a2/Editor/Plugin.cs:176)
UnityEngine.AsyncOperation:InvokeCompletionEvent () (at /Users/bokken/build/output/unity/unity/Runtime/Export/Scripting/AsyncOperation.cs:21)

(Filename: ./Library/PackageCache/com.daniel-geo.unityhackatime@5ac210a9a2/Editor/Plugin.cs Line: 203)

Unloading 3682 Unused Serialized files (Serialized files now loaded: 0)
Unloading 47 unused Assets / (1.8 MB). Loaded Objects now: 4344.
Memory consumption went from 401.8 MB to 400.1 MB.
Total: 13.354209 ms (FindLiveObjects: 0.330792 ms CreateObjectMapping: 0.061125 ms MarkObjects: 12.449959 ms  DeleteObjects: 0.511459 ms)

Prepare: number of updated asset objects reloaded= 0
AssetImportParameters requested are different than current active one (requested -> active):
  custom:container-demuxer-ogg: 62fdf1f143b41e24485cea50d1cbac27 -> 
  custom:video-decoder-ogg-theora: a1e56fd34408186e4bbccfd4996cb3dc -> 
  custom:CustomObjectIndexerAttribute: 9a22284fe3817be447336de3de66b15e -> 
  custom:container-demuxer-webm: 4f35f7cbe854078d1ac9338744f61a02 -> 
  custom:container-muxer-webm: aa71ff27fc2769a1b78a27578f13a17b -> 
  custom:video-decoder-webm-vp8: 9c59270c3fd7afecdb556c50c9e8de78 -> 
  custom:SearchIndexIgnoredProperties: e643bd26f0fe6173181afceb89e7c659 -> 
  custom:AudioImporter_EditorPlatform: 3918e3fc78b5a79bad01e8451be0beb8 -> 
  custom:framework-osx-AVFoundation: e770b220cccbd017edd2c1fefb359320 -> 
  custom:video-encoder-webm-vp8: eb34c28f22e8b96e1ab97ce403110664 -> 
  custom:audio-decoder-ogg-vorbis: bf7c407c2cedff20999df2af8eb42d56 -> 
  custom:audio-encoder-webm-vorbis: bf7c407c2cedff20999df2af8eb42d56 -> 
========================================================================
Received Prepare
Begin MonoManager ReloadAssembly
Thread 0x16d8bb000 may have been prematurely finalized
- Loaded All Assemblies, in  0.556 seconds
Refreshing native plugins compatible for Editor in 3.20 ms, found 3 plugins.
Native extension for OSXStandalone target not found
<HackaTime> Initializing...
UnityEngine.StackTraceUtility:ExtractStackTrace () (at /Users/bokken/build/output/unity/unity/Runtime/Export/Scripting/StackTrace.cs:37)
UnityEngine.DebugLogHandler:LogFormat (UnityEngine.LogType,UnityEngine.Object,string,object[])
UnityEngine.Logger:Log (UnityEngine.LogType,object)
UnityEngine.Debug:Log (object)
WakaTime.Plugin:Initialize () (at ./Library/PackageCache/com.daniel-geo.unityhackatime@5ac210a9a2/Editor/Plugin.cs:76)
WakaTime.Plugin:.cctor () (at ./Library/PackageCache/com.daniel-geo.unityhackatime@5ac210a9a2/Editor/Plugin.cs:41)
System.Runtime.CompilerServices.RuntimeHelpers:RunClassConstructor (System.RuntimeTypeHandle)
UnityEditor.EditorAssemblies:ProcessInitializeOnLoadAttributes (System.Type[]) (at /Users/bokken/build/output/unity/unity/Editor/Mono/EditorAssemblies.cs:119)

(Filename: ./Library/PackageCache/com.daniel-geo.unityhackatime@5ac210a9a2/Editor/Plugin.cs Line: 76)

<HackaTime> Sending heartbeat...
UnityEngine.StackTraceUtility:ExtractStackTrace () (at /Users/bokken/build/output/unity/unity/Runtime/Export/Scripting/StackTrace.cs:37)
UnityEngine.DebugLogHandler:LogFormat (UnityEngine.LogType,UnityEngine.Object,string,object[])
UnityEngine.Logger:Log (UnityEngine.LogType,object)
UnityEngine.Debug:Log (object)
WakaTime.Plugin/<SendHeartbeat>d__29:MoveNext () (at ./Library/PackageCache/com.daniel-geo.unityhackatime@5ac210a9a2/Editor/Plugin.cs:144)
System.Runtime.CompilerServices.AsyncVoidMethodBuilder:Start<WakaTime.Plugin/<SendHeartbeat>d__29> (WakaTime.Plugin/<SendHeartbeat>d__29&)
WakaTime.Plugin:SendHeartbeat (bool)
WakaTime.Plugin:Initialize () (at ./Library/PackageCache/com.daniel-geo.unityhackatime@5ac210a9a2/Editor/Plugin.cs:78)
WakaTime.Plugin:.cctor () (at ./Library/PackageCache/com.daniel-geo.unityhackatime@5ac210a9a2/Editor/Plugin.cs:41)
System.Runtime.CompilerServices.RuntimeHelpers:RunClassConstructor (System.RuntimeTypeHandle)
UnityEditor.EditorAssemblies:ProcessInitializeOnLoadAttributes (System.Type[]) (at /Users/bokken/build/output/unity/unity/Editor/Mono/EditorAssemblies.cs:119)

(Filename: ./Library/PackageCache/com.daniel-geo.unityhackatime@5ac210a9a2/Editor/Plugin.cs Line: 144)

Mono: successfully reloaded assembly
- Finished resetting the current domain, in  1.073 seconds
Domain Reload Profiling: 1630ms
	BeginReloadAssembly (166ms)
		ExecutionOrderSort (0ms)
		DisableScriptedObjects (4ms)
		BackupInstance (0ms)
		ReleaseScriptingObjects (0ms)
		CreateAndSetChildDomain (56ms)
	RebuildCommonClasses (30ms)
	RebuildNativeTypeToScriptingClass (9ms)
	initialDomainReloadingComplete (25ms)
	LoadAllAssembliesAndSetupDomain (327ms)
		LoadAssemblies (375ms)
		RebuildTransferFunctionScriptingTraits (0ms)
		AnalyzeDomain (32ms)
			TypeCache.Refresh (25ms)
				TypeCache.ScanAssembly (0ms)
			ScanForSourceGeneratedMonoScriptInfo (0ms)
			ResolveRequiredComponents (5ms)
	FinalizeReload (1073ms)
		ReleaseScriptCaches (0ms)
		RebuildScriptCaches (0ms)
		SetupLoadedEditorAssemblies (394ms)
			LogAssemblyErrors (0ms)
			InitializePlatformSupportModulesInManaged (4ms)
			SetLoadedEditorAssemblies (3ms)
			RefreshPlugins (0ms)
			BeforeProcessingInitializeOnLoad (38ms)
			ProcessInitializeOnLoadAttributes (336ms)
			ProcessInitializeOnLoadMethodAttributes (12ms)
			AfterProcessingInitializeOnLoad (1ms)
			EditorAssembliesLoaded (0ms)
		ExecutionOrderSort2 (0ms)
		AwakeInstancesAfterBackupRestoration (3ms)
Refreshing native plugins compatible for Editor in 2.95 ms, found 3 plugins.
Preloading 0 native plugins for Editor in 0.00 ms.
<HackaTime> Got response
{"id":2725527042,"user_id":61064,"branch":"main","category":"coding","dependencies":[],"editor":"unity","entity":"Unsaved Scene","language":"unity","machine":null,"operating_system":null,"project":"Duos","type":"file","user_agent":"unity-hackatime","line_additions":null,"line_deletions":null,"lineno":null,"lines":null,"cursorpos":null,"project_root_count":null,"time":1789696896.0,"is_write":false,"created_at":"2026-09-18T02:01:13.390Z","updated_at":"2026-09-18T02:01:13.390Z","fields_hash":"c0d39e520de0cfb99bf0e58397196c0b","source_type":"direct_entry","ip_address":"103.55.58.4","deleted_at":null,"ja4_id":211,"ai_model":null,"ai_session":null,"ai_subscription_plan":null,"ai_input_tokens":null,"ai_output_tokens":null,"ai_prompt_length":null,"ai_line_changes":null,"human_line_changes":null}
UnityEngine.StackTraceUtility:ExtractStackTrace () (at /Users/bokken/build/output/unity/unity/Runtime/Export/Scripting/StackTrace.cs:37)
UnityEngine.DebugLogHandler:LogFormat (UnityEngine.LogType,UnityEngine.Object,string,object[])
UnityEngine.Logger:Log (UnityEngine.LogType,object)
UnityEngine.Debug:Log (object)
WakaTime.Plugin/<SendHeartbeat>d__29:MoveNext () (at ./Library/PackageCache/com.daniel-geo.unityhackatime@5ac210a9a2/Editor/Plugin.cs:187)
System.Runtime.CompilerServices.AsyncMethodBuilderCore/MoveNextRunner:InvokeMoveNext (object)
System.Threading.ExecutionContext:RunInternal (System.Threading.ExecutionContext,System.Threading.ContextCallback,object,bool)
System.Threading.ExecutionContext:Run (System.Threading.ExecutionContext,System.Threading.ContextCallback,object,bool)
System.Runtime.CompilerServices.AsyncMethodBuilderCore/MoveNextRunner:Run ()
System.Threading.Tasks.AwaitTaskContinuation:InvokeAction (object)
System.Threading.Tasks.AwaitTaskContinuation:RunCallback (System.Threading.ContextCallback,object,System.Threading.Tasks.Task&)
System.Threading.Tasks.SynchronizationContextAwaitTaskContinuation:Run (System.Threading.Tasks.Task,bool)
System.Threading.Tasks.Task:FinishContinuations ()
System.Threading.Tasks.Task:FinishStageThree ()
System.Threading.Tasks.Task`1<bool>:TrySetResult (bool)
System.Threading.Tasks.TaskCompletionSource`1<bool>:TrySetResult (bool)
WakaTime.Plugin/<>c__DisplayClass29_0:<SendHeartbeat>b__0 (UnityEngine.AsyncOperation) (at ./Library/PackageCache/com.daniel-geo.unityhackatime@5ac210a9a2/Editor/Plugin.cs:176)
UnityEngine.AsyncOperation:InvokeCompletionEvent () (at /Users/bokken/build/output/unity/unity/Runtime/Export/Scripting/AsyncOperation.cs:21)

(Filename: ./Library/PackageCache/com.daniel-geo.unityhackatime@5ac210a9a2/Editor/Plugin.cs Line: 187)

<HackaTime> Sent heartbeat!
UnityEngine.StackTraceUtility:ExtractStackTrace () (at /Users/bokken/build/output/unity/unity/Runtime/Export/Scripting/StackTrace.cs:37)
UnityEngine.DebugLogHandler:LogFormat (UnityEngine.LogType,UnityEngine.Object,string,object[])
UnityEngine.Logger:Log (UnityEngine.LogType,object)
UnityEngine.Debug:Log (object)
WakaTime.Plugin/<SendHeartbeat>d__29:MoveNext () (at ./Library/PackageCache/com.daniel-geo.unityhackatime@5ac210a9a2/Editor/Plugin.cs:203)
System.Runtime.CompilerServices.AsyncMethodBuilderCore/MoveNextRunner:InvokeMoveNext (object)
System.Threading.ExecutionContext:RunInternal (System.Threading.ExecutionContext,System.Threading.ContextCallback,object,bool)
System.Threading.ExecutionContext:Run (System.Threading.ExecutionContext,System.Threading.ContextCallback,object,bool)
System.Runtime.CompilerServices.AsyncMethodBuilderCore/MoveNextRunner:Run ()
System.Threading.Tasks.AwaitTaskContinuation:InvokeAction (object)
System.Threading.Tasks.AwaitTaskContinuation:RunCallback (System.Threading.ContextCallback,object,System.Threading.Tasks.Task&)
System.Threading.Tasks.SynchronizationContextAwaitTaskContinuation:Run (System.Threading.Tasks.Task,bool)
System.Threading.Tasks.Task:FinishContinuations ()
System.Threading.Tasks.Task:FinishStageThree ()
System.Threading.Tasks.Task`1<bool>:TrySetResult (bool)
System.Threading.Tasks.TaskCompletionSource`1<bool>:TrySetResult (bool)
WakaTime.Plugin/<>c__DisplayClass29_0:<SendHeartbeat>b__0 (UnityEngine.AsyncOperation) (at ./Library/PackageCache/com.daniel-geo.unityhackatime@5ac210a9a2/Editor/Plugin.cs:176)
UnityEngine.AsyncOperation:InvokeCompletionEvent () (at /Users/bokken/build/output/unity/unity/Runtime/Export/Scripting/AsyncOperation.cs:21)

(Filename: ./Library/PackageCache/com.daniel-geo.unityhackatime@5ac210a9a2/Editor/Plugin.cs Line: 203)

Unloading 3682 Unused Serialized files (Serialized files now loaded: 0)
Unloading 47 unused Assets / (1.8 MB). Loaded Objects now: 4348.
Memory consumption went from 408.9 MB to 407.2 MB.
Total: 4.235041 ms (FindLiveObjects: 0.163750 ms CreateObjectMapping: 0.052958 ms MarkObjects: 3.626125 ms  DeleteObjects: 0.391584 ms)

Prepare: number of updated asset objects reloaded= 0
AssetImportParameters requested are different than current active one (requested -> active):
  custom:container-demuxer-ogg: 62fdf1f143b41e24485cea50d1cbac27 -> 
  custom:video-decoder-ogg-theora: a1e56fd34408186e4bbccfd4996cb3dc -> 
  custom:CustomObjectIndexerAttribute: 9a22284fe3817be447336de3de66b15e -> 
  custom:container-demuxer-webm: 4f35f7cbe854078d1ac9338744f61a02 -> 
  custom:container-muxer-webm: aa71ff27fc2769a1b78a27578f13a17b -> 
  custom:video-decoder-webm-vp8: 9c59270c3fd7afecdb556c50c9e8de78 -> 
  custom:SearchIndexIgnoredProperties: e643bd26f0fe6173181afceb89e7c659 -> 
  custom:AudioImporter_EditorPlatform: 3918e3fc78b5a79bad01e8451be0beb8 -> 
  custom:framework-osx-AVFoundation: e770b220cccbd017edd2c1fefb359320 -> 
  custom:video-encoder-webm-vp8: eb34c28f22e8b96e1ab97ce403110664 -> 
  custom:audio-decoder-ogg-vorbis: bf7c407c2cedff20999df2af8eb42d56 -> 
  custom:audio-encoder-webm-vorbis: bf7c407c2cedff20999df2af8eb42d56 -> 
========================================================================
Received Import Request.
  Time since last request: 71306.396497 seconds.
  path: Assets/Scripts/CrosshairController.cs
  artifactKey: Guid(2cbc7ff8734f44bceb23840c5be6659e) Importer(815301076,1909f56bfc062723c751e8b465ee728b)
Start importing Assets/Scripts/CrosshairController.cs using Guid(2cbc7ff8734f44bceb23840c5be6659e) Importer(815301076,1909f56bfc062723c751e8b465ee728b) [PhysX] Initialized MultithreadedTaskDispatcher with 8 workers.
 -> (artifact id: 'c1dd79d91aead16e6281459a0085b0ca') in 0.002509 seconds
Number of updated asset objects reloaded before import = 0
Number of asset objects unloaded after import = 0
========================================================================
Received Prepare
Begin MonoManager ReloadAssembly
Thread 0x16d8bb000 may have been prematurely finalized
- Loaded All Assemblies, in  0.500 seconds
Refreshing native plugins compatible for Editor in 1.84 ms, found 3 plugins.
Native extension for OSXStandalone target not found
<HackaTime> Initializing...
UnityEngine.StackTraceUtility:ExtractStackTrace () (at /Users/bokken/build/output/unity/unity/Runtime/Export/Scripting/StackTrace.cs:37)
UnityEngine.DebugLogHandler:LogFormat (UnityEngine.LogType,UnityEngine.Object,string,object[])
UnityEngine.Logger:Log (UnityEngine.LogType,object)
UnityEngine.Debug:Log (object)
WakaTime.Plugin:Initialize () (at ./Library/PackageCache/com.daniel-geo.unityhackatime@5ac210a9a2/Editor/Plugin.cs:76)
WakaTime.Plugin:.cctor () (at ./Library/PackageCache/com.daniel-geo.unityhackatime@5ac210a9a2/Editor/Plugin.cs:41)
System.Runtime.CompilerServices.RuntimeHelpers:RunClassConstructor (System.RuntimeTypeHandle)
UnityEditor.EditorAssemblies:ProcessInitializeOnLoadAttributes (System.Type[]) (at /Users/bokken/build/output/unity/unity/Editor/Mono/EditorAssemblies.cs:119)

(Filename: ./Library/PackageCache/com.daniel-geo.unityhackatime@5ac210a9a2/Editor/Plugin.cs Line: 76)

<HackaTime> Sending heartbeat...
UnityEngine.StackTraceUtility:ExtractStackTrace () (at /Users/bokken/build/output/unity/unity/Runtime/Export/Scripting/StackTrace.cs:37)
UnityEngine.DebugLogHandler:LogFormat (UnityEngine.LogType,UnityEngine.Object,string,object[])
UnityEngine.Logger:Log (UnityEngine.LogType,object)
UnityEngine.Debug:Log (object)
WakaTime.Plugin/<SendHeartbeat>d__29:MoveNext () (at ./Library/PackageCache/com.daniel-geo.unityhackatime@5ac210a9a2/Editor/Plugin.cs:144)
System.Runtime.CompilerServices.AsyncVoidMethodBuilder:Start<WakaTime.Plugin/<SendHeartbeat>d__29> (WakaTime.Plugin/<SendHeartbeat>d__29&)
WakaTime.Plugin:SendHeartbeat (bool)
WakaTime.Plugin:Initialize () (at ./Library/PackageCache/com.daniel-geo.unityhackatime@5ac210a9a2/Editor/Plugin.cs:78)
WakaTime.Plugin:.cctor () (at ./Library/PackageCache/com.daniel-geo.unityhackatime@5ac210a9a2/Editor/Plugin.cs:41)
System.Runtime.CompilerServices.RuntimeHelpers:RunClassConstructor (System.RuntimeTypeHandle)
UnityEditor.EditorAssemblies:ProcessInitializeOnLoadAttributes (System.Type[]) (at /Users/bokken/build/output/unity/unity/Editor/Mono/EditorAssemblies.cs:119)

(Filename: ./Library/PackageCache/com.daniel-geo.unityhackatime@5ac210a9a2/Editor/Plugin.cs Line: 144)

Mono: successfully reloaded assembly
- Finished resetting the current domain, in  1.646 seconds
Domain Reload Profiling: 2146ms
	BeginReloadAssembly (169ms)
		ExecutionOrderSort (0ms)
		DisableScriptedObjects (5ms)
		BackupInstance (0ms)
		ReleaseScriptingObjects (0ms)
		CreateAndSetChildDomain (71ms)
	RebuildCommonClasses (30ms)
	RebuildNativeTypeToScriptingClass (10ms)
	initialDomainReloadingComplete (17ms)
	LoadAllAssembliesAndSetupDomain (275ms)
		LoadAssemblies (296ms)
		RebuildTransferFunctionScriptingTraits (0ms)
		AnalyzeDomain (45ms)
			TypeCache.Refresh (33ms)
				TypeCache.ScanAssembly (1ms)
			ScanForSourceGeneratedMonoScriptInfo (7ms)
			ResolveRequiredComponents (5ms)
	FinalizeReload (1646ms)
		ReleaseScriptCaches (0ms)
		RebuildScriptCaches (0ms)
		SetupLoadedEditorAssemblies (408ms)
			LogAssemblyErrors (0ms)
			InitializePlatformSupportModulesInManaged (4ms)
			SetLoadedEditorAssemblies (4ms)
			RefreshPlugins (0ms)
			BeforeProcessingInitializeOnLoad (37ms)
			ProcessInitializeOnLoadAttributes (350ms)
			ProcessInitializeOnLoadMethodAttributes (12ms)
			AfterProcessingInitializeOnLoad (1ms)
			EditorAssembliesLoaded (0ms)
		ExecutionOrderSort2 (0ms)
		AwakeInstancesAfterBackupRestoration (3ms)
Refreshing native plugins compatible for Editor in 2.90 ms, found 3 plugins.
Preloading 0 native plugins for Editor in 0.00 ms.
<HackaTime> Got response
{"id":2725529807,"user_id":61064,"branch":"main","category":"coding","dependencies":[],"editor":"unity","entity":"Unsaved Scene","language":"unity","machine":null,"operating_system":null,"project":"Duos","type":"file","user_agent":"unity-hackatime","line_additions":null,"line_deletions":null,"lineno":null,"lines":null,"cursorpos":null,"project_root_count":null,"time":1789697152.0,"is_write":false,"created_at":"2026-09-18T02:06:19.824Z","updated_at":"2026-09-18T02:06:19.824Z","fields_hash":"e3f4c3740334deb3d4c43f2e571cdff8","source_type":"direct_entry","ip_address":"103.55.58.4","deleted_at":null,"ja4_id":211,"ai_model":null,"ai_session":null,"ai_subscription_plan":null,"ai_input_tokens":null,"ai_output_tokens":null,"ai_prompt_length":null,"ai_line_changes":null,"human_line_changes":null}
UnityEngine.StackTraceUtility:ExtractStackTrace () (at /Users/bokken/build/output/unity/unity/Runtime/Export/Scripting/StackTrace.cs:37)
UnityEngine.DebugLogHandler:LogFormat (UnityEngine.LogType,UnityEngine.Object,string,object[])
UnityEngine.Logger:Log (UnityEngine.LogType,object)
UnityEngine.Debug:Log (object)
WakaTime.Plugin/<SendHeartbeat>d__29:MoveNext () (at ./Library/PackageCache/com.daniel-geo.unityhackatime@5ac210a9a2/Editor/Plugin.cs:187)
System.Runtime.CompilerServices.AsyncMethodBuilderCore/MoveNextRunner:InvokeMoveNext (object)
System.Threading.ExecutionContext:RunInternal (System.Threading.ExecutionContext,System.Threading.ContextCallback,object,bool)
System.Threading.ExecutionContext:Run (System.Threading.ExecutionContext,System.Threading.ContextCallback,object,bool)
System.Runtime.CompilerServices.AsyncMethodBuilderCore/MoveNextRunner:Run ()
System.Threading.Tasks.AwaitTaskContinuation:InvokeAction (object)
System.Threading.Tasks.AwaitTaskContinuation:RunCallback (System.Threading.ContextCallback,object,System.Threading.Tasks.Task&)
System.Threading.Tasks.SynchronizationContextAwaitTaskContinuation:Run (System.Threading.Tasks.Task,bool)
System.Threading.Tasks.Task:FinishContinuations ()
System.Threading.Tasks.Task:FinishStageThree ()
System.Threading.Tasks.Task`1<bool>:TrySetResult (bool)
System.Threading.Tasks.TaskCompletionSource`1<bool>:TrySetResult (bool)
WakaTime.Plugin/<>c__DisplayClass29_0:<SendHeartbeat>b__0 (UnityEngine.AsyncOperation) (at ./Library/PackageCache/com.daniel-geo.unityhackatime@5ac210a9a2/Editor/Plugin.cs:176)
UnityEngine.AsyncOperation:InvokeCompletionEvent () (at /Users/bokken/build/output/unity/unity/Runtime/Export/Scripting/AsyncOperation.cs:21)

(Filename: ./Library/PackageCache/com.daniel-geo.unityhackatime@5ac210a9a2/Editor/Plugin.cs Line: 187)

<HackaTime> Sent heartbeat!
UnityEngine.StackTraceUtility:ExtractStackTrace () (at /Users/bokken/build/output/unity/unity/Runtime/Export/Scripting/StackTrace.cs:37)
UnityEngine.DebugLogHandler:LogFormat (UnityEngine.LogType,UnityEngine.Object,string,object[])
UnityEngine.Logger:Log (UnityEngine.LogType,object)
UnityEngine.Debug:Log (object)
WakaTime.Plugin/<SendHeartbeat>d__29:MoveNext () (at ./Library/PackageCache/com.daniel-geo.unityhackatime@5ac210a9a2/Editor/Plugin.cs:203)
System.Runtime.CompilerServices.AsyncMethodBuilderCore/MoveNextRunner:InvokeMoveNext (object)
System.Threading.ExecutionContext:RunInternal (System.Threading.ExecutionContext,System.Threading.ContextCallback,object,bool)
System.Threading.ExecutionContext:Run (System.Threading.ExecutionContext,System.Threading.ContextCallback,object,bool)
System.Runtime.CompilerServices.AsyncMethodBuilderCore/MoveNextRunner:Run ()
System.Threading.Tasks.AwaitTaskContinuation:InvokeAction (object)
System.Threading.Tasks.AwaitTaskContinuation:RunCallback (System.Threading.ContextCallback,object,System.Threading.Tasks.Task&)
System.Threading.Tasks.SynchronizationContextAwaitTaskContinuation:Run (System.Threading.Tasks.Task,bool)
System.Threading.Tasks.Task:FinishContinuations ()
System.Threading.Tasks.Task:FinishStageThree ()
System.Threading.Tasks.Task`1<bool>:TrySetResult (bool)
System.Threading.Tasks.TaskCompletionSource`1<bool>:TrySetResult (bool)
WakaTime.Plugin/<>c__DisplayClass29_0:<SendHeartbeat>b__0 (UnityEngine.AsyncOperation) (at ./Library/PackageCache/com.daniel-geo.unityhackatime@5ac210a9a2/Editor/Plugin.cs:176)
UnityEngine.AsyncOperation:InvokeCompletionEvent () (at /Users/bokken/build/output/unity/unity/Runtime/Export/Scripting/AsyncOperation.cs:21)

(Filename: ./Library/PackageCache/com.daniel-geo.unityhackatime@5ac210a9a2/Editor/Plugin.cs Line: 203)

Unloading 3681 Unused Serialized files (Serialized files now loaded: 0)
Unloading 47 unused Assets / (1.8 MB). Loaded Objects now: 4352.
Memory consumption went from 416.0 MB to 414.2 MB.
Total: 14.977791 ms (FindLiveObjects: 1.034167 ms CreateObjectMapping: 0.054542 ms MarkObjects: 12.452417 ms  DeleteObjects: 1.436041 ms)

Prepare: number of updated asset objects reloaded= 0
AssetImportParameters requested are different than current active one (requested -> active):
  custom:container-demuxer-ogg: 62fdf1f143b41e24485cea50d1cbac27 -> 
  custom:video-decoder-ogg-theora: a1e56fd34408186e4bbccfd4996cb3dc -> 
  custom:CustomObjectIndexerAttribute: 9a22284fe3817be447336de3de66b15e -> 
  custom:container-demuxer-webm: 4f35f7cbe854078d1ac9338744f61a02 -> 
  custom:container-muxer-webm: aa71ff27fc2769a1b78a27578f13a17b -> 
  custom:video-decoder-webm-vp8: 9c59270c3fd7afecdb556c50c9e8de78 -> 
  custom:SearchIndexIgnoredProperties: e643bd26f0fe6173181afceb89e7c659 -> 
  custom:AudioImporter_EditorPlatform: 3918e3fc78b5a79bad01e8451be0beb8 -> 
  custom:framework-osx-AVFoundation: e770b220cccbd017edd2c1fefb359320 -> 
  custom:video-encoder-webm-vp8: eb34c28f22e8b96e1ab97ce403110664 -> 
  custom:audio-decoder-ogg-vorbis: bf7c407c2cedff20999df2af8eb42d56 -> 
  custom:audio-encoder-webm-vorbis: bf7c407c2cedff20999df2af8eb42d56 -> 
========================================================================
Received Prepare
Begin MonoManager ReloadAssembly
Thread 0x16d8bb000 may have been prematurely finalized
- Loaded All Assemblies, in  0.568 seconds
Refreshing native plugins compatible for Editor in 3.32 ms, found 3 plugins.
Native extension for OSXStandalone target not found
<HackaTime> Initializing...
UnityEngine.StackTraceUtility:ExtractStackTrace () (at /Users/bokken/build/output/unity/unity/Runtime/Export/Scripting/StackTrace.cs:37)
UnityEngine.DebugLogHandler:LogFormat (UnityEngine.LogType,UnityEngine.Object,string,object[])
UnityEngine.Logger:Log (UnityEngine.LogType,object)
UnityEngine.Debug:Log (object)
WakaTime.Plugin:Initialize () (at ./Library/PackageCache/com.daniel-geo.unityhackatime@5ac210a9a2/Editor/Plugin.cs:76)
WakaTime.Plugin:.cctor () (at ./Library/PackageCache/com.daniel-geo.unityhackatime@5ac210a9a2/Editor/Plugin.cs:41)
System.Runtime.CompilerServices.RuntimeHelpers:RunClassConstructor (System.RuntimeTypeHandle)
UnityEditor.EditorAssemblies:ProcessInitializeOnLoadAttributes (System.Type[]) (at /Users/bokken/build/output/unity/unity/Editor/Mono/EditorAssemblies.cs:119)

(Filename: ./Library/PackageCache/com.daniel-geo.unityhackatime@5ac210a9a2/Editor/Plugin.cs Line: 76)

<HackaTime> Sending heartbeat...
UnityEngine.StackTraceUtility:ExtractStackTrace () (at /Users/bokken/build/output/unity/unity/Runtime/Export/Scripting/StackTrace.cs:37)
UnityEngine.DebugLogHandler:LogFormat (UnityEngine.LogType,UnityEngine.Object,string,object[])
UnityEngine.Logger:Log (UnityEngine.LogType,object)
UnityEngine.Debug:Log (object)
WakaTime.Plugin/<SendHeartbeat>d__29:MoveNext () (at ./Library/PackageCache/com.daniel-geo.unityhackatime@5ac210a9a2/Editor/Plugin.cs:144)
System.Runtime.CompilerServices.AsyncVoidMethodBuilder:Start<WakaTime.Plugin/<SendHeartbeat>d__29> (WakaTime.Plugin/<SendHeartbeat>d__29&)
WakaTime.Plugin:SendHeartbeat (bool)
WakaTime.Plugin:Initialize () (at ./Library/PackageCache/com.daniel-geo.unityhackatime@5ac210a9a2/Editor/Plugin.cs:78)
WakaTime.Plugin:.cctor () (at ./Library/PackageCache/com.daniel-geo.unityhackatime@5ac210a9a2/Editor/Plugin.cs:41)
System.Runtime.CompilerServices.RuntimeHelpers:RunClassConstructor (System.RuntimeTypeHandle)
UnityEditor.EditorAssemblies:ProcessInitializeOnLoadAttributes (System.Type[]) (at /Users/bokken/build/output/unity/unity/Editor/Mono/EditorAssemblies.cs:119)

(Filename: ./Library/PackageCache/com.daniel-geo.unityhackatime@5ac210a9a2/Editor/Plugin.cs Line: 144)

Mono: successfully reloaded assembly
- Finished resetting the current domain, in  1.107 seconds
Domain Reload Profiling: 1677ms
	BeginReloadAssembly (175ms)
		ExecutionOrderSort (0ms)
		DisableScriptedObjects (5ms)
		BackupInstance (0ms)
		ReleaseScriptingObjects (0ms)
		CreateAndSetChildDomain (60ms)
	RebuildCommonClasses (37ms)
	RebuildNativeTypeToScriptingClass (22ms)
	initialDomainReloadingComplete (37ms)
	LoadAllAssembliesAndSetupDomain (299ms)
		LoadAssemblies (352ms)
		RebuildTransferFunctionScriptingTraits (0ms)
		AnalyzeDomain (32ms)
			TypeCache.Refresh (24ms)
				TypeCache.ScanAssembly (0ms)
			ScanForSourceGeneratedMonoScriptInfo (0ms)
			ResolveRequiredComponents (6ms)
	FinalizeReload (1107ms)
		ReleaseScriptCaches (0ms)
		RebuildScriptCaches (0ms)
		SetupLoadedEditorAssemblies (384ms)
			LogAssemblyErrors (0ms)
			InitializePlatformSupportModulesInManaged (3ms)
			SetLoadedEditorAssemblies (2ms)
			RefreshPlugins (0ms)
			BeforeProcessingInitializeOnLoad (36ms)
			ProcessInitializeOnLoadAttributes (328ms)
			ProcessInitializeOnLoadMethodAttributes (12ms)
			AfterProcessingInitializeOnLoad (1ms)
			EditorAssembliesLoaded (0ms)
		ExecutionOrderSort2 (0ms)
		AwakeInstancesAfterBackupRestoration (3ms)
Refreshing native plugins compatible for Editor in 1.95 ms, found 3 plugins.
Preloading 0 native plugins for Editor in 0.00 ms.
Unloading 3682 Unused Serialized files (Serialized files now loaded: 0)
Unloading 47 unused Assets / (1.8 MB). Loaded Objects now: 4356.
Memory consumption went from 423.3 MB to 421.5 MB.
Total: 3.555500 ms (FindLiveObjects: 0.199167 ms CreateObjectMapping: 0.056292 ms MarkObjects: 2.940625 ms  DeleteObjects: 0.358834 ms)

Prepare: number of updated asset objects reloaded= 0
AssetImportParameters requested are different than current active one (requested -> active):
  custom:container-demuxer-ogg: 62fdf1f143b41e24485cea50d1cbac27 -> 
  custom:video-decoder-ogg-theora: a1e56fd34408186e4bbccfd4996cb3dc -> 
  custom:CustomObjectIndexerAttribute: 9a22284fe3817be447336de3de66b15e -> 
  custom:container-demuxer-webm: 4f35f7cbe854078d1ac9338744f61a02 -> 
  custom:container-muxer-webm: aa71ff27fc2769a1b78a27578f13a17b -> 
  custom:video-decoder-webm-vp8: 9c59270c3fd7afecdb556c50c9e8de78 -> 
  custom:SearchIndexIgnoredProperties: e643bd26f0fe6173181afceb89e7c659 -> 
  custom:AudioImporter_EditorPlatform: 3918e3fc78b5a79bad01e8451be0beb8 -> 
  custom:framework-osx-AVFoundation: e770b220cccbd017edd2c1fefb359320 -> 
  custom:video-encoder-webm-vp8: eb34c28f22e8b96e1ab97ce403110664 -> 
  custom:audio-decoder-ogg-vorbis: bf7c407c2cedff20999df2af8eb42d56 -> 
  custom:audio-encoder-webm-vorbis: bf7c407c2cedff20999df2af8eb42d56 -> 
========================================================================
Received Prepare
Begin MonoManager ReloadAssembly
Thread 0x16d8bb000 may have been prematurely finalized
- Loaded All Assemblies, in  0.465 seconds
Refreshing native plugins compatible for Editor in 19.03 ms, found 3 plugins.
Native extension for OSXStandalone target not found
<HackaTime> Initializing...
UnityEngine.StackTraceUtility:ExtractStackTrace () (at /Users/bokken/build/output/unity/unity/Runtime/Export/Scripting/StackTrace.cs:37)
UnityEngine.DebugLogHandler:LogFormat (UnityEngine.LogType,UnityEngine.Object,string,object[])
UnityEngine.Logger:Log (UnityEngine.LogType,object)
UnityEngine.Debug:Log (object)
WakaTime.Plugin:Initialize () (at ./Library/PackageCache/com.daniel-geo.unityhackatime@5ac210a9a2/Editor/Plugin.cs:76)
WakaTime.Plugin:.cctor () (at ./Library/PackageCache/com.daniel-geo.unityhackatime@5ac210a9a2/Editor/Plugin.cs:41)
System.Runtime.CompilerServices.RuntimeHelpers:RunClassConstructor (System.RuntimeTypeHandle)
UnityEditor.EditorAssemblies:ProcessInitializeOnLoadAttributes (System.Type[]) (at /Users/bokken/build/output/unity/unity/Editor/Mono/EditorAssemblies.cs:119)

(Filename: ./Library/PackageCache/com.daniel-geo.unityhackatime@5ac210a9a2/Editor/Plugin.cs Line: 76)

<HackaTime> Sending heartbeat...
UnityEngine.StackTraceUtility:ExtractStackTrace () (at /Users/bokken/build/output/unity/unity/Runtime/Export/Scripting/StackTrace.cs:37)
UnityEngine.DebugLogHandler:LogFormat (UnityEngine.LogType,UnityEngine.Object,string,object[])
UnityEngine.Logger:Log (UnityEngine.LogType,object)
UnityEngine.Debug:Log (object)
WakaTime.Plugin/<SendHeartbeat>d__29:MoveNext () (at ./Library/PackageCache/com.daniel-geo.unityhackatime@5ac210a9a2/Editor/Plugin.cs:144)
System.Runtime.CompilerServices.AsyncVoidMethodBuilder:Start<WakaTime.Plugin/<SendHeartbeat>d__29> (WakaTime.Plugin/<SendHeartbeat>d__29&)
WakaTime.Plugin:SendHeartbeat (bool)
WakaTime.Plugin:Initialize () (at ./Library/PackageCache/com.daniel-geo.unityhackatime@5ac210a9a2/Editor/Plugin.cs:78)
WakaTime.Plugin:.cctor () (at ./Library/PackageCache/com.daniel-geo.unityhackatime@5ac210a9a2/Editor/Plugin.cs:41)
System.Runtime.CompilerServices.RuntimeHelpers:RunClassConstructor (System.RuntimeTypeHandle)
UnityEditor.EditorAssemblies:ProcessInitializeOnLoadAttributes (System.Type[]) (at /Users/bokken/build/output/unity/unity/Editor/Mono/EditorAssemblies.cs:119)

(Filename: ./Library/PackageCache/com.daniel-geo.unityhackatime@5ac210a9a2/Editor/Plugin.cs Line: 144)

Mono: successfully reloaded assembly
- Finished resetting the current domain, in  1.567 seconds
Domain Reload Profiling: 2033ms
	BeginReloadAssembly (151ms)
		ExecutionOrderSort (0ms)
		DisableScriptedObjects (4ms)
		BackupInstance (0ms)
		ReleaseScriptingObjects (0ms)
		CreateAndSetChildDomain (60ms)
	RebuildCommonClasses (25ms)
	RebuildNativeTypeToScriptingClass (8ms)
	initialDomainReloadingComplete (18ms)
	LoadAllAssembliesAndSetupDomain (262ms)
		LoadAssemblies (288ms)
		RebuildTransferFunctionScriptingTraits (0ms)
		AnalyzeDomain (35ms)
			TypeCache.Refresh (24ms)
				TypeCache.ScanAssembly (1ms)
			ScanForSourceGeneratedMonoScriptInfo (6ms)
			ResolveRequiredComponents (4ms)
	FinalizeReload (1568ms)
		ReleaseScriptCaches (0ms)
		RebuildScriptCaches (0ms)
		SetupLoadedEditorAssemblies (440ms)
			LogAssemblyErrors (0ms)
			InitializePlatformSupportModulesInManaged (3ms)
			SetLoadedEditorAssemblies (6ms)
			RefreshPlugins (0ms)
			BeforeProcessingInitializeOnLoad (43ms)
			ProcessInitializeOnLoadAttributes (368ms)
			ProcessInitializeOnLoadMethodAttributes (17ms)
			AfterProcessingInitializeOnLoad (2ms)
			EditorAssembliesLoaded (1ms)
		ExecutionOrderSort2 (0ms)
		AwakeInstancesAfterBackupRestoration (5ms)
Refreshing native plugins compatible for Editor in 2.78 ms, found 3 plugins.
Preloading 0 native plugins for Editor in 0.00 ms.
Release of invalid GC handle. The handle is from a previous domain. The release operation is skipped.
Release of invalid GC handle native callstack: 
 #0 GetStacktrace(int)
 #1 ScriptingGCHandle::Release() const
 #2 ScriptingGCHandle::ReleaseAndClear()
 #3 UploadHandlerRaw::~UploadHandlerRaw()
 #4 UploadHandler::Release()
 #5 UnityWebRequestProto<UnityWebRequestTransport, AtomicRefCounter, RedirectHelper, ResponseHelper, DownloadHandler, UploadHandler, CertificateHandler, HeaderHelper, AsyncOperation>::~UnityWebRequestProto()
 #6 UnityWebRequestAsyncOperation::InvokeCoroutine()
 #7 UnityWebRequestProto<UnityWebRequestTransport, AtomicRefCounter, RedirectHelper, ResponseHelper, DownloadHandler, UploadHandler, CertificateHandler, HeaderHelper, AsyncOperation>::Job_InvokeCoroutine(AsyncOperation*)
 #8 BackgroundJobQueue::ExecuteMainThreadJobs()
 #9 PreloadManager::WaitForAllAsyncOperationsToComplete()
 #10 UnloadUnusedAssetsImmediate(bool, bool)
 #11 invocation function for block in AssetImportWorkerClient::HandleMessage(PrepareMessage const&)::$_4::operator()() const
 #12 _dispatch_client_callout
 #13 _dispatch_async_and_wait_invoke
 #14 _dispatch_client_callout
 #15 _dispatch_main_queue_drain.cold.6
 #16 _dispatch_main_queue_drain
 #17 _dispatch_main_queue_callback_4CF
 #18 __CFRUNLOOP_IS_SERVICING_THE_MAIN_DISPATCH_QUEUE__
 #19 __CFRunLoopRun
 #20 _CFRunLoopRunSpecificWithOptions
 #21 RunCurrentEventLoopInMode
 #22 ReceiveNextEventCommon
 #23 _BlockUntilNextEventMatchingListInMode
 #24 _DPSBlockUntilNextEventMatchingListInMode
 #25 _DPSNextEvent
 #26 -[NSApplication(NSEventRouting) _nextEventMatchingEventMask:untilDate:inMode:dequeue:]
 #27 -[NSApplication(NSEventRouting) nextEventMatchingMask:untilDate:inMode:dequeue:]
 #28 -[NSApplication run]
 #29 NSApplicationMain
 #30 EditorMain(int, char const**)
 #31 main
 #32 start
<HackaTime> Got response
{"id":2725531785,"user_id":61064,"branch":"main","category":"coding","dependencies":[],"editor":"unity","entity":"Unsaved Scene","language":"unity","machine":null,"operating_system":null,"project":"Duos","type":"file","user_agent":"unity-hackatime","line_additions":null,"line_deletions":null,"lineno":null,"lines":null,"cursorpos":null,"project_root_count":null,"time":1789697408.0,"is_write":false,"created_at":"2026-09-18T02:10:19.041Z","updated_at":"2026-09-18T02:10:19.041Z","fields_hash":"f7ea3a02add7a8dc08207017b295ed83","source_type":"direct_entry","ip_address":"103.55.58.4","deleted_at":null,"ja4_id":211,"ai_model":null,"ai_session":null,"ai_subscription_plan":null,"ai_input_tokens":null,"ai_output_tokens":null,"ai_prompt_length":null,"ai_line_changes":null,"human_line_changes":null}
UnityEngine.StackTraceUtility:ExtractStackTrace () (at /Users/bokken/build/output/unity/unity/Runtime/Export/Scripting/StackTrace.cs:37)
UnityEngine.DebugLogHandler:LogFormat (UnityEngine.LogType,UnityEngine.Object,string,object[])
UnityEngine.Logger:Log (UnityEngine.LogType,object)
UnityEngine.Debug:Log (object)
WakaTime.Plugin/<SendHeartbeat>d__29:MoveNext () (at ./Library/PackageCache/com.daniel-geo.unityhackatime@5ac210a9a2/Editor/Plugin.cs:187)
System.Runtime.CompilerServices.AsyncMethodBuilderCore/MoveNextRunner:InvokeMoveNext (object)
System.Threading.ExecutionContext:RunInternal (System.Threading.ExecutionContext,System.Threading.ContextCallback,object,bool)
System.Threading.ExecutionContext:Run (System.Threading.ExecutionContext,System.Threading.ContextCallback,object,bool)
System.Runtime.CompilerServices.AsyncMethodBuilderCore/MoveNextRunner:Run ()
System.Threading.Tasks.AwaitTaskContinuation:InvokeAction (object)
System.Threading.Tasks.AwaitTaskContinuation:RunCallback (System.Threading.ContextCallback,object,System.Threading.Tasks.Task&)
System.Threading.Tasks.SynchronizationContextAwaitTaskContinuation:Run (System.Threading.Tasks.Task,bool)
System.Threading.Tasks.Task:FinishContinuations ()
System.Threading.Tasks.Task:FinishStageThree ()
System.Threading.Tasks.Task`1<bool>:TrySetResult (bool)
System.Threading.Tasks.TaskCompletionSource`1<bool>:TrySetResult (bool)
WakaTime.Plugin/<>c__DisplayClass29_0:<SendHeartbeat>b__0 (UnityEngine.AsyncOperation) (at ./Library/PackageCache/com.daniel-geo.unityhackatime@5ac210a9a2/Editor/Plugin.cs:176)
UnityEngine.AsyncOperation:InvokeCompletionEvent () (at /Users/bokken/build/output/unity/unity/Runtime/Export/Scripting/AsyncOperation.cs:21)

(Filename: ./Library/PackageCache/com.daniel-geo.unityhackatime@5ac210a9a2/Editor/Plugin.cs Line: 187)

<HackaTime> Sent heartbeat!
UnityEngine.StackTraceUtility:ExtractStackTrace () (at /Users/bokken/build/output/unity/unity/Runtime/Export/Scripting/StackTrace.cs:37)
UnityEngine.DebugLogHandler:LogFormat (UnityEngine.LogType,UnityEngine.Object,string,object[])
UnityEngine.Logger:Log (UnityEngine.LogType,object)
UnityEngine.Debug:Log (object)
WakaTime.Plugin/<SendHeartbeat>d__29:MoveNext () (at ./Library/PackageCache/com.daniel-geo.unityhackatime@5ac210a9a2/Editor/Plugin.cs:203)
System.Runtime.CompilerServices.AsyncMethodBuilderCore/MoveNextRunner:InvokeMoveNext (object)
System.Threading.ExecutionContext:RunInternal (System.Threading.ExecutionContext,System.Threading.ContextCallback,object,bool)
System.Threading.ExecutionContext:Run (System.Threading.ExecutionContext,System.Threading.ContextCallback,object,bool)
System.Runtime.CompilerServices.AsyncMethodBuilderCore/MoveNextRunner:Run ()
System.Threading.Tasks.AwaitTaskContinuation:InvokeAction (object)
System.Threading.Tasks.AwaitTaskContinuation:RunCallback (System.Threading.ContextCallback,object,System.Threading.Tasks.Task&)
System.Threading.Tasks.SynchronizationContextAwaitTaskContinuation:Run (System.Threading.Tasks.Task,bool)
System.Threading.Tasks.Task:FinishContinuations ()
System.Threading.Tasks.Task:FinishStageThree ()
System.Threading.Tasks.Task`1<bool>:TrySetResult (bool)
System.Threading.Tasks.TaskCompletionSource`1<bool>:TrySetResult (bool)
WakaTime.Plugin/<>c__DisplayClass29_0:<SendHeartbeat>b__0 (UnityEngine.AsyncOperation) (at ./Library/PackageCache/com.daniel-geo.unityhackatime@5ac210a9a2/Editor/Plugin.cs:176)
UnityEngine.AsyncOperation:InvokeCompletionEvent () (at /Users/bokken/build/output/unity/unity/Runtime/Export/Scripting/AsyncOperation.cs:21)

(Filename: ./Library/PackageCache/com.daniel-geo.unityhackatime@5ac210a9a2/Editor/Plugin.cs Line: 203)

Unloading 3682 Unused Serialized files (Serialized files now loaded: 0)
Unloading 47 unused Assets / (1.8 MB). Loaded Objects now: 4360.
Memory consumption went from 430.4 MB to 428.7 MB.
Total: 17.977917 ms (FindLiveObjects: 0.520250 ms CreateObjectMapping: 0.228292 ms MarkObjects: 16.820292 ms  DeleteObjects: 0.405666 ms)

Prepare: number of updated asset objects reloaded= 0
AssetImportParameters requested are different than current active one (requested -> active):
  custom:container-demuxer-ogg: 62fdf1f143b41e24485cea50d1cbac27 -> 
  custom:video-decoder-ogg-theora: a1e56fd34408186e4bbccfd4996cb3dc -> 
  custom:CustomObjectIndexerAttribute: 9a22284fe3817be447336de3de66b15e -> 
  custom:container-demuxer-webm: 4f35f7cbe854078d1ac9338744f61a02 -> 
  custom:container-muxer-webm: aa71ff27fc2769a1b78a27578f13a17b -> 
  custom:video-decoder-webm-vp8: 9c59270c3fd7afecdb556c50c9e8de78 -> 
  custom:SearchIndexIgnoredProperties: e643bd26f0fe6173181afceb89e7c659 -> 
  custom:AudioImporter_EditorPlatform: 3918e3fc78b5a79bad01e8451be0beb8 -> 
  custom:framework-osx-AVFoundation: e770b220cccbd017edd2c1fefb359320 -> 
  custom:video-encoder-webm-vp8: eb34c28f22e8b96e1ab97ce403110664 -> 
  custom:audio-decoder-ogg-vorbis: bf7c407c2cedff20999df2af8eb42d56 -> 
  custom:audio-encoder-webm-vorbis: bf7c407c2cedff20999df2af8eb42d56 -> 
========================================================================
Received Prepare
Begin MonoManager ReloadAssembly
Thread 0x16d8bb000 may have been prematurely finalized
- Loaded All Assemblies, in  0.455 seconds
Refreshing native plugins compatible for Editor in 2.95 ms, found 3 plugins.
Native extension for OSXStandalone target not found
<HackaTime> Initializing...
UnityEngine.StackTraceUtility:ExtractStackTrace () (at /Users/bokken/build/output/unity/unity/Runtime/Export/Scripting/StackTrace.cs:37)
UnityEngine.DebugLogHandler:LogFormat (UnityEngine.LogType,UnityEngine.Object,string,object[])
UnityEngine.Logger:Log (UnityEngine.LogType,object)
UnityEngine.Debug:Log (object)
WakaTime.Plugin:Initialize () (at ./Library/PackageCache/com.daniel-geo.unityhackatime@5ac210a9a2/Editor/Plugin.cs:76)
WakaTime.Plugin:.cctor () (at ./Library/PackageCache/com.daniel-geo.unityhackatime@5ac210a9a2/Editor/Plugin.cs:41)
System.Runtime.CompilerServices.RuntimeHelpers:RunClassConstructor (System.RuntimeTypeHandle)
UnityEditor.EditorAssemblies:ProcessInitializeOnLoadAttributes (System.Type[]) (at /Users/bokken/build/output/unity/unity/Editor/Mono/EditorAssemblies.cs:119)

(Filename: ./Library/PackageCache/com.daniel-geo.unityhackatime@5ac210a9a2/Editor/Plugin.cs Line: 76)

<HackaTime> Sending heartbeat...
UnityEngine.StackTraceUtility:ExtractStackTrace () (at /Users/bokken/build/output/unity/unity/Runtime/Export/Scripting/StackTrace.cs:37)
UnityEngine.DebugLogHandler:LogFormat (UnityEngine.LogType,UnityEngine.Object,string,object[])
UnityEngine.Logger:Log (UnityEngine.LogType,object)
UnityEngine.Debug:Log (object)
WakaTime.Plugin/<SendHeartbeat>d__29:MoveNext () (at ./Library/PackageCache/com.daniel-geo.unityhackatime@5ac210a9a2/Editor/Plugin.cs:144)
System.Runtime.CompilerServices.AsyncVoidMethodBuilder:Start<WakaTime.Plugin/<SendHeartbeat>d__29> (WakaTime.Plugin/<SendHeartbeat>d__29&)
WakaTime.Plugin:SendHeartbeat (bool)
WakaTime.Plugin:Initialize () (at ./Library/PackageCache/com.daniel-geo.unityhackatime@5ac210a9a2/Editor/Plugin.cs:78)
WakaTime.Plugin:.cctor () (at ./Library/PackageCache/com.daniel-geo.unityhackatime@5ac210a9a2/Editor/Plugin.cs:41)
System.Runtime.CompilerServices.RuntimeHelpers:RunClassConstructor (System.RuntimeTypeHandle)
UnityEditor.EditorAssemblies:ProcessInitializeOnLoadAttributes (System.Type[]) (at /Users/bokken/build/output/unity/unity/Editor/Mono/EditorAssemblies.cs:119)

(Filename: ./Library/PackageCache/com.daniel-geo.unityhackatime@5ac210a9a2/Editor/Plugin.cs Line: 144)

Mono: successfully reloaded assembly
- Finished resetting the current domain, in  0.712 seconds
Domain Reload Profiling: 1167ms
	BeginReloadAssembly (153ms)
		ExecutionOrderSort (0ms)
		DisableScriptedObjects (9ms)
		BackupInstance (0ms)
		ReleaseScriptingObjects (0ms)
		CreateAndSetChildDomain (55ms)
	RebuildCommonClasses (30ms)
	RebuildNativeTypeToScriptingClass (9ms)
	initialDomainReloadingComplete (19ms)
	LoadAllAssembliesAndSetupDomain (244ms)
		LoadAssemblies (289ms)
		RebuildTransferFunctionScriptingTraits (0ms)
		AnalyzeDomain (18ms)
			TypeCache.Refresh (12ms)
				TypeCache.ScanAssembly (0ms)
			ScanForSourceGeneratedMonoScriptInfo (0ms)
			ResolveRequiredComponents (5ms)
	FinalizeReload (712ms)
		ReleaseScriptCaches (0ms)
		RebuildScriptCaches (0ms)
		SetupLoadedEditorAssemblies (377ms)
			LogAssemblyErrors (0ms)
			InitializePlatformSupportModulesInManaged (3ms)
			SetLoadedEditorAssemblies (2ms)
			RefreshPlugins (0ms)
			BeforeProcessingInitializeOnLoad (36ms)
			ProcessInitializeOnLoadAttributes (323ms)
			ProcessInitializeOnLoadMethodAttributes (12ms)
			AfterProcessingInitializeOnLoad (1ms)
			EditorAssembliesLoaded (0ms)
		ExecutionOrderSort2 (0ms)
		AwakeInstancesAfterBackupRestoration (3ms)
Refreshing native plugins compatible for Editor in 1.75 ms, found 3 plugins.
Preloading 0 native plugins for Editor in 0.00 ms.
Unloading 3682 Unused Serialized files (Serialized files now loaded: 0)
Unloading 47 unused Assets / (1.8 MB). Loaded Objects now: 4364.
Memory consumption went from 437.5 MB to 435.8 MB.
Total: 3.473042 ms (FindLiveObjects: 0.169917 ms CreateObjectMapping: 0.050125 ms MarkObjects: 2.904500 ms  DeleteObjects: 0.347584 ms)

<HackaTime> Got response
{"id":2725531785,"user_id":61064,"branch":"main","category":"coding","dependencies":[],"editor":"unity","entity":"Unsaved Scene","language":"unity","machine":null,"operating_system":null,"project":"Duos","type":"file","user_agent":"unity-hackatime","line_additions":null,"line_deletions":null,"lineno":null,"lines":null,"cursorpos":null,"project_root_count":null,"time":1789697408.0,"is_write":false,"created_at":"2026-09-18T02:10:19.041Z","updated_at":"2026-09-18T02:10:19.041Z","fields_hash":"f7ea3a02add7a8dc08207017b295ed83","source_type":"direct_entry","ip_address":"103.55.58.4","deleted_at":null,"ja4_id":211,"ai_model":null,"ai_session":null,"ai_subscription_plan":null,"ai_input_tokens":null,"ai_output_tokens":null,"ai_prompt_length":null,"ai_line_changes":null,"human_line_changes":null}
UnityEngine.StackTraceUtility:ExtractStackTrace () (at /Users/bokken/build/output/unity/unity/Runtime/Export/Scripting/StackTrace.cs:37)
UnityEngine.DebugLogHandler:LogFormat (UnityEngine.LogType,UnityEngine.Object,string,object[])
UnityEngine.Logger:Log (UnityEngine.LogType,object)
UnityEngine.Debug:Log (object)
WakaTime.Plugin/<SendHeartbeat>d__29:MoveNext () (at ./Library/PackageCache/com.daniel-geo.unityhackatime@5ac210a9a2/Editor/Plugin.cs:187)
System.Runtime.CompilerServices.AsyncMethodBuilderCore/MoveNextRunner:InvokeMoveNext (object)
System.Threading.ExecutionContext:RunInternal (System.Threading.ExecutionContext,System.Threading.ContextCallback,object,bool)
System.Threading.ExecutionContext:Run (System.Threading.ExecutionContext,System.Threading.ContextCallback,object,bool)
System.Runtime.CompilerServices.AsyncMethodBuilderCore/MoveNextRunner:Run ()
System.Threading.Tasks.AwaitTaskContinuation:InvokeAction (object)
System.Threading.Tasks.AwaitTaskContinuation:RunCallback (System.Threading.ContextCallback,object,System.Threading.Tasks.Task&)
System.Threading.Tasks.SynchronizationContextAwaitTaskContinuation:Run (System.Threading.Tasks.Task,bool)
System.Threading.Tasks.Task:FinishContinuations ()
System.Threading.Tasks.Task:FinishStageThree ()
System.Threading.Tasks.Task`1<bool>:TrySetResult (bool)
System.Threading.Tasks.TaskCompletionSource`1<bool>:TrySetResult (bool)
WakaTime.Plugin/<>c__DisplayClass29_0:<SendHeartbeat>b__0 (UnityEngine.AsyncOperation) (at ./Library/PackageCache/com.daniel-geo.unityhackatime@5ac210a9a2/Editor/Plugin.cs:176)
UnityEngine.AsyncOperation:InvokeCompletionEvent () (at /Users/bokken/build/output/unity/unity/Runtime/Export/Scripting/AsyncOperation.cs:21)

(Filename: ./Library/PackageCache/com.daniel-geo.unityhackatime@5ac210a9a2/Editor/Plugin.cs Line: 187)

<HackaTime> Sent heartbeat!
UnityEngine.StackTraceUtility:ExtractStackTrace () (at /Users/bokken/build/output/unity/unity/Runtime/Export/Scripting/StackTrace.cs:37)
UnityEngine.DebugLogHandler:LogFormat (UnityEngine.LogType,UnityEngine.Object,string,object[])
UnityEngine.Logger:Log (UnityEngine.LogType,object)
UnityEngine.Debug:Log (object)
WakaTime.Plugin/<SendHeartbeat>d__29:MoveNext () (at ./Library/PackageCache/com.daniel-geo.unityhackatime@5ac210a9a2/Editor/Plugin.cs:203)
System.Runtime.CompilerServices.AsyncMethodBuilderCore/MoveNextRunner:InvokeMoveNext (object)
System.Threading.ExecutionContext:RunInternal (System.Threading.ExecutionContext,System.Threading.ContextCallback,object,bool)
System.Threading.ExecutionContext:Run (System.Threading.ExecutionContext,System.Threading.ContextCallback,object,bool)
System.Runtime.CompilerServices.AsyncMethodBuilderCore/MoveNextRunner:Run ()
System.Threading.Tasks.AwaitTaskContinuation:InvokeAction (object)
System.Threading.Tasks.AwaitTaskContinuation:RunCallback (System.Threading.ContextCallback,object,System.Threading.Tasks.Task&)
System.Threading.Tasks.SynchronizationContextAwaitTaskContinuation:Run (System.Threading.Tasks.Task,bool)
System.Threading.Tasks.Task:FinishContinuations ()
System.Threading.Tasks.Task:FinishStageThree ()
System.Threading.Tasks.Task`1<bool>:TrySetResult (bool)
System.Threading.Tasks.TaskCompletionSource`1<bool>:TrySetResult (bool)
WakaTime.Plugin/<>c__DisplayClass29_0:<SendHeartbeat>b__0 (UnityEngine.AsyncOperation) (at ./Library/PackageCache/com.daniel-geo.unityhackatime@5ac210a9a2/Editor/Plugin.cs:176)
UnityEngine.AsyncOperation:InvokeCompletionEvent () (at /Users/bokken/build/output/unity/unity/Runtime/Export/Scripting/AsyncOperation.cs:21)

(Filename: ./Library/PackageCache/com.daniel-geo.unityhackatime@5ac210a9a2/Editor/Plugin.cs Line: 203)

Prepare: number of updated asset objects reloaded= 0
AssetImportParameters requested are different than current active one (requested -> active):
  custom:container-demuxer-ogg: 62fdf1f143b41e24485cea50d1cbac27 -> 
  custom:video-decoder-ogg-theora: a1e56fd34408186e4bbccfd4996cb3dc -> 
  custom:CustomObjectIndexerAttribute: 9a22284fe3817be447336de3de66b15e -> 
  custom:container-demuxer-webm: 4f35f7cbe854078d1ac9338744f61a02 -> 
  custom:container-muxer-webm: aa71ff27fc2769a1b78a27578f13a17b -> 
  custom:video-decoder-webm-vp8: 9c59270c3fd7afecdb556c50c9e8de78 -> 
  custom:SearchIndexIgnoredProperties: e643bd26f0fe6173181afceb89e7c659 -> 
  custom:AudioImporter_EditorPlatform: 3918e3fc78b5a79bad01e8451be0beb8 -> 
  custom:framework-osx-AVFoundation: e770b220cccbd017edd2c1fefb359320 -> 
  custom:video-encoder-webm-vp8: eb34c28f22e8b96e1ab97ce403110664 -> 
  custom:audio-decoder-ogg-vorbis: bf7c407c2cedff20999df2af8eb42d56 -> 
  custom:audio-encoder-webm-vorbis: bf7c407c2cedff20999df2af8eb42d56 -> 
========================================================================
Received Prepare
Begin MonoManager ReloadAssembly
Thread 0x16d8bb000 may have been prematurely finalized
- Loaded All Assemblies, in  0.548 seconds
Refreshing native plugins compatible for Editor in 3.44 ms, found 3 plugins.
Native extension for OSXStandalone target not found
<HackaTime> Initializing...
UnityEngine.StackTraceUtility:ExtractStackTrace () (at /Users/bokken/build/output/unity/unity/Runtime/Export/Scripting/StackTrace.cs:37)
UnityEngine.DebugLogHandler:LogFormat (UnityEngine.LogType,UnityEngine.Object,string,object[])
UnityEngine.Logger:Log (UnityEngine.LogType,object)
UnityEngine.Debug:Log (object)
WakaTime.Plugin:Initialize () (at ./Library/PackageCache/com.daniel-geo.unityhackatime@5ac210a9a2/Editor/Plugin.cs:76)
WakaTime.Plugin:.cctor () (at ./Library/PackageCache/com.daniel-geo.unityhackatime@5ac210a9a2/Editor/Plugin.cs:41)
System.Runtime.CompilerServices.RuntimeHelpers:RunClassConstructor (System.RuntimeTypeHandle)
UnityEditor.EditorAssemblies:ProcessInitializeOnLoadAttributes (System.Type[]) (at /Users/bokken/build/output/unity/unity/Editor/Mono/EditorAssemblies.cs:119)

(Filename: ./Library/PackageCache/com.daniel-geo.unityhackatime@5ac210a9a2/Editor/Plugin.cs Line: 76)

<HackaTime> Sending heartbeat...
UnityEngine.StackTraceUtility:ExtractStackTrace () (at /Users/bokken/build/output/unity/unity/Runtime/Export/Scripting/StackTrace.cs:37)
UnityEngine.DebugLogHandler:LogFormat (UnityEngine.LogType,UnityEngine.Object,string,object[])
UnityEngine.Logger:Log (UnityEngine.LogType,object)
UnityEngine.Debug:Log (object)
WakaTime.Plugin/<SendHeartbeat>d__29:MoveNext () (at ./Library/PackageCache/com.daniel-geo.unityhackatime@5ac210a9a2/Editor/Plugin.cs:144)
System.Runtime.CompilerServices.AsyncVoidMethodBuilder:Start<WakaTime.Plugin/<SendHeartbeat>d__29> (WakaTime.Plugin/<SendHeartbeat>d__29&)
WakaTime.Plugin:SendHeartbeat (bool)
WakaTime.Plugin:Initialize () (at ./Library/PackageCache/com.daniel-geo.unityhackatime@5ac210a9a2/Editor/Plugin.cs:78)
WakaTime.Plugin:.cctor () (at ./Library/PackageCache/com.daniel-geo.unityhackatime@5ac210a9a2/Editor/Plugin.cs:41)
System.Runtime.CompilerServices.RuntimeHelpers:RunClassConstructor (System.RuntimeTypeHandle)
UnityEditor.EditorAssemblies:ProcessInitializeOnLoadAttributes (System.Type[]) (at /Users/bokken/build/output/unity/unity/Editor/Mono/EditorAssemblies.cs:119)

(Filename: ./Library/PackageCache/com.daniel-geo.unityhackatime@5ac210a9a2/Editor/Plugin.cs Line: 144)

Mono: successfully reloaded assembly
- Finished resetting the current domain, in  1.182 seconds
Domain Reload Profiling: 1731ms
	BeginReloadAssembly (199ms)
		ExecutionOrderSort (0ms)
		DisableScriptedObjects (4ms)
		BackupInstance (0ms)
		ReleaseScriptingObjects (0ms)
		CreateAndSetChildDomain (51ms)
	RebuildCommonClasses (26ms)
	RebuildNativeTypeToScriptingClass (9ms)
	initialDomainReloadingComplete (24ms)
	LoadAllAssembliesAndSetupDomain (290ms)
		LoadAssemblies (364ms)
		RebuildTransferFunctionScriptingTraits (0ms)
		AnalyzeDomain (40ms)
			TypeCache.Refresh (32ms)
				TypeCache.ScanAssembly (0ms)
			ScanForSourceGeneratedMonoScriptInfo (0ms)
			ResolveRequiredComponents (6ms)
	FinalizeReload (1183ms)
		ReleaseScriptCaches (0ms)
		RebuildScriptCaches (0ms)
		SetupLoadedEditorAssemblies (384ms)
			LogAssemblyErrors (0ms)
			InitializePlatformSupportModulesInManaged (3ms)
			SetLoadedEditorAssemblies (2ms)
			RefreshPlugins (0ms)
			BeforeProcessingInitializeOnLoad (36ms)
			ProcessInitializeOnLoadAttributes (330ms)
			ProcessInitializeOnLoadMethodAttributes (12ms)
			AfterProcessingInitializeOnLoad (1ms)
			EditorAssembliesLoaded (0ms)
		ExecutionOrderSort2 (0ms)
		AwakeInstancesAfterBackupRestoration (3ms)
Refreshing native plugins compatible for Editor in 2.55 ms, found 3 plugins.
Preloading 0 native plugins for Editor in 0.00 ms.
<HackaTime> Got response
{"id":2725532339,"user_id":61064,"branch":"main","category":"coding","dependencies":[],"editor":"unity","entity":"Unsaved Scene","language":"unity","machine":null,"operating_system":null,"project":"Duos","type":"file","user_agent":"unity-hackatime","line_additions":null,"line_deletions":null,"lineno":null,"lines":null,"cursorpos":null,"project_root_count":null,"time":1789697536.0,"is_write":false,"created_at":"2026-09-18T02:11:12.359Z","updated_at":"2026-09-18T02:11:12.359Z","fields_hash":"f51a2e290a70519c313c8955343bbbe3","source_type":"direct_entry","ip_address":"103.55.58.4","deleted_at":null,"ja4_id":211,"ai_model":null,"ai_session":null,"ai_subscription_plan":null,"ai_input_tokens":null,"ai_output_tokens":null,"ai_prompt_length":null,"ai_line_changes":null,"human_line_changes":null}
UnityEngine.StackTraceUtility:ExtractStackTrace () (at /Users/bokken/build/output/unity/unity/Runtime/Export/Scripting/StackTrace.cs:37)
UnityEngine.DebugLogHandler:LogFormat (UnityEngine.LogType,UnityEngine.Object,string,object[])
UnityEngine.Logger:Log (UnityEngine.LogType,object)
UnityEngine.Debug:Log (object)
WakaTime.Plugin/<SendHeartbeat>d__29:MoveNext () (at ./Library/PackageCache/com.daniel-geo.unityhackatime@5ac210a9a2/Editor/Plugin.cs:187)
System.Runtime.CompilerServices.AsyncMethodBuilderCore/MoveNextRunner:InvokeMoveNext (object)
System.Threading.ExecutionContext:RunInternal (System.Threading.ExecutionContext,System.Threading.ContextCallback,object,bool)
System.Threading.ExecutionContext:Run (System.Threading.ExecutionContext,System.Threading.ContextCallback,object,bool)
System.Runtime.CompilerServices.AsyncMethodBuilderCore/MoveNextRunner:Run ()
System.Threading.Tasks.AwaitTaskContinuation:InvokeAction (object)
System.Threading.Tasks.AwaitTaskContinuation:RunCallback (System.Threading.ContextCallback,object,System.Threading.Tasks.Task&)
System.Threading.Tasks.SynchronizationContextAwaitTaskContinuation:Run (System.Threading.Tasks.Task,bool)
System.Threading.Tasks.Task:FinishContinuations ()
System.Threading.Tasks.Task:FinishStageThree ()
System.Threading.Tasks.Task`1<bool>:TrySetResult (bool)
System.Threading.Tasks.TaskCompletionSource`1<bool>:TrySetResult (bool)
WakaTime.Plugin/<>c__DisplayClass29_0:<SendHeartbeat>b__0 (UnityEngine.AsyncOperation) (at ./Library/PackageCache/com.daniel-geo.unityhackatime@5ac210a9a2/Editor/Plugin.cs:176)
UnityEngine.AsyncOperation:InvokeCompletionEvent () (at /Users/bokken/build/output/unity/unity/Runtime/Export/Scripting/AsyncOperation.cs:21)

(Filename: ./Library/PackageCache/com.daniel-geo.unityhackatime@5ac210a9a2/Editor/Plugin.cs Line: 187)

<HackaTime> Sent heartbeat!
UnityEngine.StackTraceUtility:ExtractStackTrace () (at /Users/bokken/build/output/unity/unity/Runtime/Export/Scripting/StackTrace.cs:37)
UnityEngine.DebugLogHandler:LogFormat (UnityEngine.LogType,UnityEngine.Object,string,object[])
UnityEngine.Logger:Log (UnityEngine.LogType,object)
UnityEngine.Debug:Log (object)
WakaTime.Plugin/<SendHeartbeat>d__29:MoveNext () (at ./Library/PackageCache/com.daniel-geo.unityhackatime@5ac210a9a2/Editor/Plugin.cs:203)
System.Runtime.CompilerServices.AsyncMethodBuilderCore/MoveNextRunner:InvokeMoveNext (object)
System.Threading.ExecutionContext:RunInternal (System.Threading.ExecutionContext,System.Threading.ContextCallback,object,bool)
System.Threading.ExecutionContext:Run (System.Threading.ExecutionContext,System.Threading.ContextCallback,object,bool)
System.Runtime.CompilerServices.AsyncMethodBuilderCore/MoveNextRunner:Run ()
System.Threading.Tasks.AwaitTaskContinuation:InvokeAction (object)
System.Threading.Tasks.AwaitTaskContinuation:RunCallback (System.Threading.ContextCallback,object,System.Threading.Tasks.Task&)
System.Threading.Tasks.SynchronizationContextAwaitTaskContinuation:Run (System.Threading.Tasks.Task,bool)
System.Threading.Tasks.Task:FinishContinuations ()
System.Threading.Tasks.Task:FinishStageThree ()
System.Threading.Tasks.Task`1<bool>:TrySetResult (bool)
System.Threading.Tasks.TaskCompletionSource`1<bool>:TrySetResult (bool)
WakaTime.Plugin/<>c__DisplayClass29_0:<SendHeartbeat>b__0 (UnityEngine.AsyncOperation) (at ./Library/PackageCache/com.daniel-geo.unityhackatime@5ac210a9a2/Editor/Plugin.cs:176)
UnityEngine.AsyncOperation:InvokeCompletionEvent () (at /Users/bokken/build/output/unity/unity/Runtime/Export/Scripting/AsyncOperation.cs:21)

(Filename: ./Library/PackageCache/com.daniel-geo.unityhackatime@5ac210a9a2/Editor/Plugin.cs Line: 203)

Unloading 3682 Unused Serialized files (Serialized files now loaded: 0)
Unloading 47 unused Assets / (1.8 MB). Loaded Objects now: 4368.
Memory consumption went from 444.7 MB to 443.0 MB.
Total: 3.929167 ms (FindLiveObjects: 0.237083 ms CreateObjectMapping: 0.052416 ms MarkObjects: 3.373292 ms  DeleteObjects: 0.265458 ms)

Prepare: number of updated asset objects reloaded= 0
AssetImportParameters requested are different than current active one (requested -> active):
  custom:container-demuxer-ogg: 62fdf1f143b41e24485cea50d1cbac27 -> 
  custom:video-decoder-ogg-theora: a1e56fd34408186e4bbccfd4996cb3dc -> 
  custom:CustomObjectIndexerAttribute: 9a22284fe3817be447336de3de66b15e -> 
  custom:container-demuxer-webm: 4f35f7cbe854078d1ac9338744f61a02 -> 
  custom:container-muxer-webm: aa71ff27fc2769a1b78a27578f13a17b -> 
  custom:video-decoder-webm-vp8: 9c59270c3fd7afecdb556c50c9e8de78 -> 
  custom:SearchIndexIgnoredProperties: e643bd26f0fe6173181afceb89e7c659 -> 
  custom:AudioImporter_EditorPlatform: 3918e3fc78b5a79bad01e8451be0beb8 -> 
  custom:framework-osx-AVFoundation: e770b220cccbd017edd2c1fefb359320 -> 
  custom:video-encoder-webm-vp8: eb34c28f22e8b96e1ab97ce403110664 -> 
  custom:audio-decoder-ogg-vorbis: bf7c407c2cedff20999df2af8eb42d56 -> 
  custom:audio-encoder-webm-vorbis: bf7c407c2cedff20999df2af8eb42d56 -> 
========================================================================
Received Prepare
Begin MonoManager ReloadAssembly
Thread 0x16d8bb000 may have been prematurely finalized
- Loaded All Assemblies, in  0.546 seconds
Refreshing native plugins compatible for Editor in 3.48 ms, found 3 plugins.
Native extension for OSXStandalone target not found
<HackaTime> Initializing...
UnityEngine.StackTraceUtility:ExtractStackTrace () (at /Users/bokken/build/output/unity/unity/Runtime/Export/Scripting/StackTrace.cs:37)
UnityEngine.DebugLogHandler:LogFormat (UnityEngine.LogType,UnityEngine.Object,string,object[])
UnityEngine.Logger:Log (UnityEngine.LogType,object)
UnityEngine.Debug:Log (object)
WakaTime.Plugin:Initialize () (at ./Library/PackageCache/com.daniel-geo.unityhackatime@5ac210a9a2/Editor/Plugin.cs:76)
WakaTime.Plugin:.cctor () (at ./Library/PackageCache/com.daniel-geo.unityhackatime@5ac210a9a2/Editor/Plugin.cs:41)
System.Runtime.CompilerServices.RuntimeHelpers:RunClassConstructor (System.RuntimeTypeHandle)
UnityEditor.EditorAssemblies:ProcessInitializeOnLoadAttributes (System.Type[]) (at /Users/bokken/build/output/unity/unity/Editor/Mono/EditorAssemblies.cs:119)

(Filename: ./Library/PackageCache/com.daniel-geo.unityhackatime@5ac210a9a2/Editor/Plugin.cs Line: 76)

<HackaTime> Sending heartbeat...
UnityEngine.StackTraceUtility:ExtractStackTrace () (at /Users/bokken/build/output/unity/unity/Runtime/Export/Scripting/StackTrace.cs:37)
UnityEngine.DebugLogHandler:LogFormat (UnityEngine.LogType,UnityEngine.Object,string,object[])
UnityEngine.Logger:Log (UnityEngine.LogType,object)
UnityEngine.Debug:Log (object)
WakaTime.Plugin/<SendHeartbeat>d__29:MoveNext () (at ./Library/PackageCache/com.daniel-geo.unityhackatime@5ac210a9a2/Editor/Plugin.cs:144)
System.Runtime.CompilerServices.AsyncVoidMethodBuilder:Start<WakaTime.Plugin/<SendHeartbeat>d__29> (WakaTime.Plugin/<SendHeartbeat>d__29&)
WakaTime.Plugin:SendHeartbeat (bool)
WakaTime.Plugin:Initialize () (at ./Library/PackageCache/com.daniel-geo.unityhackatime@5ac210a9a2/Editor/Plugin.cs:78)
WakaTime.Plugin:.cctor () (at ./Library/PackageCache/com.daniel-geo.unityhackatime@5ac210a9a2/Editor/Plugin.cs:41)
System.Runtime.CompilerServices.RuntimeHelpers:RunClassConstructor (System.RuntimeTypeHandle)
UnityEditor.EditorAssemblies:ProcessInitializeOnLoadAttributes (System.Type[]) (at /Users/bokken/build/output/unity/unity/Editor/Mono/EditorAssemblies.cs:119)

(Filename: ./Library/PackageCache/com.daniel-geo.unityhackatime@5ac210a9a2/Editor/Plugin.cs Line: 144)

Mono: successfully reloaded assembly
- Finished resetting the current domain, in  1.277 seconds
Domain Reload Profiling: 1824ms
	BeginReloadAssembly (191ms)
		ExecutionOrderSort (0ms)
		DisableScriptedObjects (5ms)
		BackupInstance (0ms)
		ReleaseScriptingObjects (0ms)
		CreateAndSetChildDomain (51ms)
	RebuildCommonClasses (57ms)
	RebuildNativeTypeToScriptingClass (9ms)
	initialDomainReloadingComplete (30ms)
	LoadAllAssembliesAndSetupDomain (259ms)
		LoadAssemblies (339ms)
		RebuildTransferFunctionScriptingTraits (0ms)
		AnalyzeDomain (29ms)
			TypeCache.Refresh (21ms)
				TypeCache.ScanAssembly (0ms)
			ScanForSourceGeneratedMonoScriptInfo (0ms)
			ResolveRequiredComponents (6ms)
	FinalizeReload (1277ms)
		ReleaseScriptCaches (0ms)
		RebuildScriptCaches (0ms)
		SetupLoadedEditorAssemblies (398ms)
			LogAssemblyErrors (0ms)
			InitializePlatformSupportModulesInManaged (3ms)
			SetLoadedEditorAssemblies (3ms)
			RefreshPlugins (0ms)
			BeforeProcessingInitializeOnLoad (38ms)
			ProcessInitializeOnLoadAttributes (340ms)
			ProcessInitializeOnLoadMethodAttributes (13ms)
			AfterProcessingInitializeOnLoad (1ms)
			EditorAssembliesLoaded (0ms)
		ExecutionOrderSort2 (0ms)
		AwakeInstancesAfterBackupRestoration (3ms)
Refreshing native plugins compatible for Editor in 2.67 ms, found 3 plugins.
Preloading 0 native plugins for Editor in 0.00 ms.
<HackaTime> Got response
{"id":2725532339,"user_id":61064,"branch":"main","category":"coding","dependencies":[],"editor":"unity","entity":"Unsaved Scene","language":"unity","machine":null,"operating_system":null,"project":"Duos","type":"file","user_agent":"unity-hackatime","line_additions":null,"line_deletions":null,"lineno":null,"lines":null,"cursorpos":null,"project_root_count":null,"time":1789697536.0,"is_write":false,"created_at":"2026-09-18T02:11:12.359Z","updated_at":"2026-09-18T02:11:12.359Z","fields_hash":"f51a2e290a70519c313c8955343bbbe3","source_type":"direct_entry","ip_address":"103.55.58.4","deleted_at":null,"ja4_id":211,"ai_model":null,"ai_session":null,"ai_subscription_plan":null,"ai_input_tokens":null,"ai_output_tokens":null,"ai_prompt_length":null,"ai_line_changes":null,"human_line_changes":null}
UnityEngine.StackTraceUtility:ExtractStackTrace () (at /Users/bokken/build/output/unity/unity/Runtime/Export/Scripting/StackTrace.cs:37)
UnityEngine.DebugLogHandler:LogFormat (UnityEngine.LogType,UnityEngine.Object,string,object[])
UnityEngine.Logger:Log (UnityEngine.LogType,object)
UnityEngine.Debug:Log (object)
WakaTime.Plugin/<SendHeartbeat>d__29:MoveNext () (at ./Library/PackageCache/com.daniel-geo.unityhackatime@5ac210a9a2/Editor/Plugin.cs:187)
System.Runtime.CompilerServices.AsyncMethodBuilderCore/MoveNextRunner:InvokeMoveNext (object)
System.Threading.ExecutionContext:RunInternal (System.Threading.ExecutionContext,System.Threading.ContextCallback,object,bool)
System.Threading.ExecutionContext:Run (System.Threading.ExecutionContext,System.Threading.ContextCallback,object,bool)
System.Runtime.CompilerServices.AsyncMethodBuilderCore/MoveNextRunner:Run ()
System.Threading.Tasks.AwaitTaskContinuation:InvokeAction (object)
System.Threading.Tasks.AwaitTaskContinuation:RunCallback (System.Threading.ContextCallback,object,System.Threading.Tasks.Task&)
System.Threading.Tasks.SynchronizationContextAwaitTaskContinuation:Run (System.Threading.Tasks.Task,bool)
System.Threading.Tasks.Task:FinishContinuations ()
System.Threading.Tasks.Task:FinishStageThree ()
System.Threading.Tasks.Task`1<bool>:TrySetResult (bool)
System.Threading.Tasks.TaskCompletionSource`1<bool>:TrySetResult (bool)
WakaTime.Plugin/<>c__DisplayClass29_0:<SendHeartbeat>b__0 (UnityEngine.AsyncOperation) (at ./Library/PackageCache/com.daniel-geo.unityhackatime@5ac210a9a2/Editor/Plugin.cs:176)
UnityEngine.AsyncOperation:InvokeCompletionEvent () (at /Users/bokken/build/output/unity/unity/Runtime/Export/Scripting/AsyncOperation.cs:21)

(Filename: ./Library/PackageCache/com.daniel-geo.unityhackatime@5ac210a9a2/Editor/Plugin.cs Line: 187)

<HackaTime> Sent heartbeat!
UnityEngine.StackTraceUtility:ExtractStackTrace () (at /Users/bokken/build/output/unity/unity/Runtime/Export/Scripting/StackTrace.cs:37)
UnityEngine.DebugLogHandler:LogFormat (UnityEngine.LogType,UnityEngine.Object,string,object[])
UnityEngine.Logger:Log (UnityEngine.LogType,object)
UnityEngine.Debug:Log (object)
WakaTime.Plugin/<SendHeartbeat>d__29:MoveNext () (at ./Library/PackageCache/com.daniel-geo.unityhackatime@5ac210a9a2/Editor/Plugin.cs:203)
System.Runtime.CompilerServices.AsyncMethodBuilderCore/MoveNextRunner:InvokeMoveNext (object)
System.Threading.ExecutionContext:RunInternal (System.Threading.ExecutionContext,System.Threading.ContextCallback,object,bool)
System.Threading.ExecutionContext:Run (System.Threading.ExecutionContext,System.Threading.ContextCallback,object,bool)
System.Runtime.CompilerServices.AsyncMethodBuilderCore/MoveNextRunner:Run ()
System.Threading.Tasks.AwaitTaskContinuation:InvokeAction (object)
System.Threading.Tasks.AwaitTaskContinuation:RunCallback (System.Threading.ContextCallback,object,System.Threading.Tasks.Task&)
System.Threading.Tasks.SynchronizationContextAwaitTaskContinuation:Run (System.Threading.Tasks.Task,bool)
System.Threading.Tasks.Task:FinishContinuations ()
System.Threading.Tasks.Task:FinishStageThree ()
System.Threading.Tasks.Task`1<bool>:TrySetResult (bool)
System.Threading.Tasks.TaskCompletionSource`1<bool>:TrySetResult (bool)
WakaTime.Plugin/<>c__DisplayClass29_0:<SendHeartbeat>b__0 (UnityEngine.AsyncOperation) (at ./Library/PackageCache/com.daniel-geo.unityhackatime@5ac210a9a2/Editor/Plugin.cs:176)
UnityEngine.AsyncOperation:InvokeCompletionEvent () (at /Users/bokken/build/output/unity/unity/Runtime/Export/Scripting/AsyncOperation.cs:21)

(Filename: ./Library/PackageCache/com.daniel-geo.unityhackatime@5ac210a9a2/Editor/Plugin.cs Line: 203)

Unloading 3682 Unused Serialized files (Serialized files now loaded: 0)
Unloading 47 unused Assets / (1.8 MB). Loaded Objects now: 4372.
Memory consumption went from 451.9 MB to 450.1 MB.
Total: 3.995250 ms (FindLiveObjects: 0.205667 ms CreateObjectMapping: 0.052625 ms MarkObjects: 3.472916 ms  DeleteObjects: 0.263417 ms)

Prepare: number of updated asset objects reloaded= 0
AssetImportParameters requested are different than current active one (requested -> active):
  custom:container-demuxer-ogg: 62fdf1f143b41e24485cea50d1cbac27 -> 
  custom:video-decoder-ogg-theora: a1e56fd34408186e4bbccfd4996cb3dc -> 
  custom:CustomObjectIndexerAttribute: 9a22284fe3817be447336de3de66b15e -> 
  custom:container-demuxer-webm: 4f35f7cbe854078d1ac9338744f61a02 -> 
  custom:container-muxer-webm: aa71ff27fc2769a1b78a27578f13a17b -> 
  custom:video-decoder-webm-vp8: 9c59270c3fd7afecdb556c50c9e8de78 -> 
  custom:SearchIndexIgnoredProperties: e643bd26f0fe6173181afceb89e7c659 -> 
  custom:AudioImporter_EditorPlatform: 3918e3fc78b5a79bad01e8451be0beb8 -> 
  custom:framework-osx-AVFoundation: e770b220cccbd017edd2c1fefb359320 -> 
  custom:video-encoder-webm-vp8: eb34c28f22e8b96e1ab97ce403110664 -> 
  custom:audio-decoder-ogg-vorbis: bf7c407c2cedff20999df2af8eb42d56 -> 
  custom:audio-encoder-webm-vorbis: bf7c407c2cedff20999df2af8eb42d56 -> 
========================================================================
Received Prepare
Begin MonoManager ReloadAssembly
Thread 0x16d8bb000 may have been prematurely finalized
- Loaded All Assemblies, in  0.537 seconds
Refreshing native plugins compatible for Editor in 2.62 ms, found 3 plugins.
Native extension for OSXStandalone target not found
<HackaTime> Initializing...
UnityEngine.StackTraceUtility:ExtractStackTrace () (at /Users/bokken/build/output/unity/unity/Runtime/Export/Scripting/StackTrace.cs:37)
UnityEngine.DebugLogHandler:LogFormat (UnityEngine.LogType,UnityEngine.Object,string,object[])
UnityEngine.Logger:Log (UnityEngine.LogType,object)
UnityEngine.Debug:Log (object)
WakaTime.Plugin:Initialize () (at ./Library/PackageCache/com.daniel-geo.unityhackatime@5ac210a9a2/Editor/Plugin.cs:76)
WakaTime.Plugin:.cctor () (at ./Library/PackageCache/com.daniel-geo.unityhackatime@5ac210a9a2/Editor/Plugin.cs:41)
System.Runtime.CompilerServices.RuntimeHelpers:RunClassConstructor (System.RuntimeTypeHandle)
UnityEditor.EditorAssemblies:ProcessInitializeOnLoadAttributes (System.Type[]) (at /Users/bokken/build/output/unity/unity/Editor/Mono/EditorAssemblies.cs:119)

(Filename: ./Library/PackageCache/com.daniel-geo.unityhackatime@5ac210a9a2/Editor/Plugin.cs Line: 76)

<HackaTime> Sending heartbeat...
UnityEngine.StackTraceUtility:ExtractStackTrace () (at /Users/bokken/build/output/unity/unity/Runtime/Export/Scripting/StackTrace.cs:37)
UnityEngine.DebugLogHandler:LogFormat (UnityEngine.LogType,UnityEngine.Object,string,object[])
UnityEngine.Logger:Log (UnityEngine.LogType,object)
UnityEngine.Debug:Log (object)
WakaTime.Plugin/<SendHeartbeat>d__29:MoveNext () (at ./Library/PackageCache/com.daniel-geo.unityhackatime@5ac210a9a2/Editor/Plugin.cs:144)
System.Runtime.CompilerServices.AsyncVoidMethodBuilder:Start<WakaTime.Plugin/<SendHeartbeat>d__29> (WakaTime.Plugin/<SendHeartbeat>d__29&)
WakaTime.Plugin:SendHeartbeat (bool)
WakaTime.Plugin:Initialize () (at ./Library/PackageCache/com.daniel-geo.unityhackatime@5ac210a9a2/Editor/Plugin.cs:78)
WakaTime.Plugin:.cctor () (at ./Library/PackageCache/com.daniel-geo.unityhackatime@5ac210a9a2/Editor/Plugin.cs:41)
System.Runtime.CompilerServices.RuntimeHelpers:RunClassConstructor (System.RuntimeTypeHandle)
UnityEditor.EditorAssemblies:ProcessInitializeOnLoadAttributes (System.Type[]) (at /Users/bokken/build/output/unity/unity/Editor/Mono/EditorAssemblies.cs:119)

(Filename: ./Library/PackageCache/com.daniel-geo.unityhackatime@5ac210a9a2/Editor/Plugin.cs Line: 144)

Mono: successfully reloaded assembly
- Finished resetting the current domain, in  1.161 seconds
Domain Reload Profiling: 1699ms
	BeginReloadAssembly (136ms)
		ExecutionOrderSort (0ms)
		DisableScriptedObjects (5ms)
		BackupInstance (0ms)
		ReleaseScriptingObjects (0ms)
		CreateAndSetChildDomain (50ms)
	RebuildCommonClasses (59ms)
	RebuildNativeTypeToScriptingClass (9ms)
	initialDomainReloadingComplete (19ms)
	LoadAllAssembliesAndSetupDomain (315ms)
		LoadAssemblies (320ms)
		RebuildTransferFunctionScriptingTraits (0ms)
		AnalyzeDomain (52ms)
			TypeCache.Refresh (42ms)
				TypeCache.ScanAssembly (0ms)
			ScanForSourceGeneratedMonoScriptInfo (0ms)
			ResolveRequiredComponents (8ms)
	FinalizeReload (1162ms)
		ReleaseScriptCaches (0ms)
		RebuildScriptCaches (0ms)
		SetupLoadedEditorAssemblies (382ms)
			LogAssemblyErrors (0ms)
			InitializePlatformSupportModulesInManaged (3ms)
			SetLoadedEditorAssemblies (2ms)
			RefreshPlugins (0ms)
			BeforeProcessingInitializeOnLoad (40ms)
			ProcessInitializeOnLoadAttributes (323ms)
			ProcessInitializeOnLoadMethodAttributes (12ms)
			AfterProcessingInitializeOnLoad (1ms)
			EditorAssembliesLoaded (0ms)
		ExecutionOrderSort2 (0ms)
		AwakeInstancesAfterBackupRestoration (3ms)
Refreshing native plugins compatible for Editor in 2.37 ms, found 3 plugins.
Preloading 0 native plugins for Editor in 0.00 ms.
<HackaTime> Got response
{"id":2725532339,"user_id":61064,"branch":"main","category":"coding","dependencies":[],"editor":"unity","entity":"Unsaved Scene","language":"unity","machine":null,"operating_system":null,"project":"Duos","type":"file","user_agent":"unity-hackatime","line_additions":null,"line_deletions":null,"lineno":null,"lines":null,"cursorpos":null,"project_root_count":null,"time":1789697536.0,"is_write":false,"created_at":"2026-09-18T02:11:12.359Z","updated_at":"2026-09-18T02:11:12.359Z","fields_hash":"f51a2e290a70519c313c8955343bbbe3","source_type":"direct_entry","ip_address":"103.55.58.4","deleted_at":null,"ja4_id":211,"ai_model":null,"ai_session":null,"ai_subscription_plan":null,"ai_input_tokens":null,"ai_output_tokens":null,"ai_prompt_length":null,"ai_line_changes":null,"human_line_changes":null}
UnityEngine.StackTraceUtility:ExtractStackTrace () (at /Users/bokken/build/output/unity/unity/Runtime/Export/Scripting/StackTrace.cs:37)
UnityEngine.DebugLogHandler:LogFormat (UnityEngine.LogType,UnityEngine.Object,string,object[])
UnityEngine.Logger:Log (UnityEngine.LogType,object)
UnityEngine.Debug:Log (object)
WakaTime.Plugin/<SendHeartbeat>d__29:MoveNext () (at ./Library/PackageCache/com.daniel-geo.unityhackatime@5ac210a9a2/Editor/Plugin.cs:187)
System.Runtime.CompilerServices.AsyncMethodBuilderCore/MoveNextRunner:InvokeMoveNext (object)
System.Threading.ExecutionContext:RunInternal (System.Threading.ExecutionContext,System.Threading.ContextCallback,object,bool)
System.Threading.ExecutionContext:Run (System.Threading.ExecutionContext,System.Threading.ContextCallback,object,bool)
System.Runtime.CompilerServices.AsyncMethodBuilderCore/MoveNextRunner:Run ()
System.Threading.Tasks.AwaitTaskContinuation:InvokeAction (object)
System.Threading.Tasks.AwaitTaskContinuation:RunCallback (System.Threading.ContextCallback,object,System.Threading.Tasks.Task&)
System.Threading.Tasks.SynchronizationContextAwaitTaskContinuation:Run (System.Threading.Tasks.Task,bool)
System.Threading.Tasks.Task:FinishContinuations ()
System.Threading.Tasks.Task:FinishStageThree ()
System.Threading.Tasks.Task`1<bool>:TrySetResult (bool)
System.Threading.Tasks.TaskCompletionSource`1<bool>:TrySetResult (bool)
WakaTime.Plugin/<>c__DisplayClass29_0:<SendHeartbeat>b__0 (UnityEngine.AsyncOperation) (at ./Library/PackageCache/com.daniel-geo.unityhackatime@5ac210a9a2/Editor/Plugin.cs:176)
UnityEngine.AsyncOperation:InvokeCompletionEvent () (at /Users/bokken/build/output/unity/unity/Runtime/Export/Scripting/AsyncOperation.cs:21)

(Filename: ./Library/PackageCache/com.daniel-geo.unityhackatime@5ac210a9a2/Editor/Plugin.cs Line: 187)

<HackaTime> Sent heartbeat!
UnityEngine.StackTraceUtility:ExtractStackTrace () (at /Users/bokken/build/output/unity/unity/Runtime/Export/Scripting/StackTrace.cs:37)
UnityEngine.DebugLogHandler:LogFormat (UnityEngine.LogType,UnityEngine.Object,string,object[])
UnityEngine.Logger:Log (UnityEngine.LogType,object)
UnityEngine.Debug:Log (object)
WakaTime.Plugin/<SendHeartbeat>d__29:MoveNext () (at ./Library/PackageCache/com.daniel-geo.unityhackatime@5ac210a9a2/Editor/Plugin.cs:203)
System.Runtime.CompilerServices.AsyncMethodBuilderCore/MoveNextRunner:InvokeMoveNext (object)
System.Threading.ExecutionContext:RunInternal (System.Threading.ExecutionContext,System.Threading.ContextCallback,object,bool)
System.Threading.ExecutionContext:Run (System.Threading.ExecutionContext,System.Threading.ContextCallback,object,bool)
System.Runtime.CompilerServices.AsyncMethodBuilderCore/MoveNextRunner:Run ()
System.Threading.Tasks.AwaitTaskContinuation:InvokeAction (object)
System.Threading.Tasks.AwaitTaskContinuation:RunCallback (System.Threading.ContextCallback,object,System.Threading.Tasks.Task&)
System.Threading.Tasks.SynchronizationContextAwaitTaskContinuation:Run (System.Threading.Tasks.Task,bool)
System.Threading.Tasks.Task:FinishContinuations ()
System.Threading.Tasks.Task:FinishStageThree ()
System.Threading.Tasks.Task`1<bool>:TrySetResult (bool)
System.Threading.Tasks.TaskCompletionSource`1<bool>:TrySetResult (bool)
WakaTime.Plugin/<>c__DisplayClass29_0:<SendHeartbeat>b__0 (UnityEngine.AsyncOperation) (at ./Library/PackageCache/com.daniel-geo.unityhackatime@5ac210a9a2/Editor/Plugin.cs:176)
UnityEngine.AsyncOperation:InvokeCompletionEvent () (at /Users/bokken/build/output/unity/unity/Runtime/Export/Scripting/AsyncOperation.cs:21)

(Filename: ./Library/PackageCache/com.daniel-geo.unityhackatime@5ac210a9a2/Editor/Plugin.cs Line: 203)

Unloading 3682 Unused Serialized files (Serialized files now loaded: 0)
Unloading 47 unused Assets / (1.8 MB). Loaded Objects now: 4376.
Memory consumption went from 459.0 MB to 457.3 MB.
Total: 3.762125 ms (FindLiveObjects: 0.225167 ms CreateObjectMapping: 0.053458 ms MarkObjects: 3.241834 ms  DeleteObjects: 0.240959 ms)

Prepare: number of updated asset objects reloaded= 0
AssetImportParameters requested are different than current active one (requested -> active):
  custom:container-demuxer-ogg: 62fdf1f143b41e24485cea50d1cbac27 -> 
  custom:video-decoder-ogg-theora: a1e56fd34408186e4bbccfd4996cb3dc -> 
  custom:CustomObjectIndexerAttribute: 9a22284fe3817be447336de3de66b15e -> 
  custom:container-demuxer-webm: 4f35f7cbe854078d1ac9338744f61a02 -> 
  custom:container-muxer-webm: aa71ff27fc2769a1b78a27578f13a17b -> 
  custom:video-decoder-webm-vp8: 9c59270c3fd7afecdb556c50c9e8de78 -> 
  custom:SearchIndexIgnoredProperties: e643bd26f0fe6173181afceb89e7c659 -> 
  custom:AudioImporter_EditorPlatform: 3918e3fc78b5a79bad01e8451be0beb8 -> 
  custom:framework-osx-AVFoundation: e770b220cccbd017edd2c1fefb359320 -> 
  custom:video-encoder-webm-vp8: eb34c28f22e8b96e1ab97ce403110664 -> 
  custom:audio-decoder-ogg-vorbis: bf7c407c2cedff20999df2af8eb42d56 -> 
  custom:audio-encoder-webm-vorbis: bf7c407c2cedff20999df2af8eb42d56 -> 
========================================================================
Received Prepare
Begin MonoManager ReloadAssembly
Thread 0x16d8bb000 may have been prematurely finalized
- Loaded All Assemblies, in  0.504 seconds
Refreshing native plugins compatible for Editor in 1.93 ms, found 3 plugins.
Native extension for OSXStandalone target not found
<HackaTime> Initializing...
UnityEngine.StackTraceUtility:ExtractStackTrace () (at /Users/bokken/build/output/unity/unity/Runtime/Export/Scripting/StackTrace.cs:37)
UnityEngine.DebugLogHandler:LogFormat (UnityEngine.LogType,UnityEngine.Object,string,object[])
UnityEngine.Logger:Log (UnityEngine.LogType,object)
UnityEngine.Debug:Log (object)
WakaTime.Plugin:Initialize () (at ./Library/PackageCache/com.daniel-geo.unityhackatime@5ac210a9a2/Editor/Plugin.cs:76)
WakaTime.Plugin:.cctor () (at ./Library/PackageCache/com.daniel-geo.unityhackatime@5ac210a9a2/Editor/Plugin.cs:41)
System.Runtime.CompilerServices.RuntimeHelpers:RunClassConstructor (System.RuntimeTypeHandle)
UnityEditor.EditorAssemblies:ProcessInitializeOnLoadAttributes (System.Type[]) (at /Users/bokken/build/output/unity/unity/Editor/Mono/EditorAssemblies.cs:119)

(Filename: ./Library/PackageCache/com.daniel-geo.unityhackatime@5ac210a9a2/Editor/Plugin.cs Line: 76)

<HackaTime> Sending heartbeat...
UnityEngine.StackTraceUtility:ExtractStackTrace () (at /Users/bokken/build/output/unity/unity/Runtime/Export/Scripting/StackTrace.cs:37)
UnityEngine.DebugLogHandler:LogFormat (UnityEngine.LogType,UnityEngine.Object,string,object[])
UnityEngine.Logger:Log (UnityEngine.LogType,object)
UnityEngine.Debug:Log (object)
WakaTime.Plugin/<SendHeartbeat>d__29:MoveNext () (at ./Library/PackageCache/com.daniel-geo.unityhackatime@5ac210a9a2/Editor/Plugin.cs:144)
System.Runtime.CompilerServices.AsyncVoidMethodBuilder:Start<WakaTime.Plugin/<SendHeartbeat>d__29> (WakaTime.Plugin/<SendHeartbeat>d__29&)
WakaTime.Plugin:SendHeartbeat (bool)
WakaTime.Plugin:Initialize () (at ./Library/PackageCache/com.daniel-geo.unityhackatime@5ac210a9a2/Editor/Plugin.cs:78)
WakaTime.Plugin:.cctor () (at ./Library/PackageCache/com.daniel-geo.unityhackatime@5ac210a9a2/Editor/Plugin.cs:41)
System.Runtime.CompilerServices.RuntimeHelpers:RunClassConstructor (System.RuntimeTypeHandle)
UnityEditor.EditorAssemblies:ProcessInitializeOnLoadAttributes (System.Type[]) (at /Users/bokken/build/output/unity/unity/Editor/Mono/EditorAssemblies.cs:119)

(Filename: ./Library/PackageCache/com.daniel-geo.unityhackatime@5ac210a9a2/Editor/Plugin.cs Line: 144)

Mono: successfully reloaded assembly
- Finished resetting the current domain, in  1.255 seconds
Domain Reload Profiling: 1760ms
	BeginReloadAssembly (141ms)
		ExecutionOrderSort (0ms)
		DisableScriptedObjects (4ms)
		BackupInstance (0ms)
		ReleaseScriptingObjects (0ms)
		CreateAndSetChildDomain (49ms)
	RebuildCommonClasses (49ms)
	RebuildNativeTypeToScriptingClass (13ms)
	initialDomainReloadingComplete (22ms)
	LoadAllAssembliesAndSetupDomain (279ms)
		LoadAssemblies (319ms)
		RebuildTransferFunctionScriptingTraits (0ms)
		AnalyzeDomain (23ms)
			TypeCache.Refresh (16ms)
				TypeCache.ScanAssembly (0ms)
			ScanForSourceGeneratedMonoScriptInfo (0ms)
			ResolveRequiredComponents (5ms)
	FinalizeReload (1255ms)
		ReleaseScriptCaches (0ms)
		RebuildScriptCaches (0ms)
		SetupLoadedEditorAssemblies (397ms)
			LogAssemblyErrors (0ms)
			InitializePlatformSupportModulesInManaged (6ms)
			SetLoadedEditorAssemblies (3ms)
			RefreshPlugins (0ms)
			BeforeProcessingInitializeOnLoad (37ms)
			ProcessInitializeOnLoadAttributes (338ms)
			ProcessInitializeOnLoadMethodAttributes (12ms)
			AfterProcessingInitializeOnLoad (1ms)
			EditorAssembliesLoaded (0ms)
		ExecutionOrderSort2 (0ms)
		AwakeInstancesAfterBackupRestoration (3ms)
Refreshing native plugins compatible for Editor in 2.71 ms, found 3 plugins.
Preloading 0 native plugins for Editor in 0.00 ms.
<HackaTime> Got response
{"id":2725532339,"user_id":61064,"branch":"main","category":"coding","dependencies":[],"editor":"unity","entity":"Unsaved Scene","language":"unity","machine":null,"operating_system":null,"project":"Duos","type":"file","user_agent":"unity-hackatime","line_additions":null,"line_deletions":null,"lineno":null,"lines":null,"cursorpos":null,"project_root_count":null,"time":1789697536.0,"is_write":false,"created_at":"2026-09-18T02:11:12.359Z","updated_at":"2026-09-18T02:11:12.359Z","fields_hash":"f51a2e290a70519c313c8955343bbbe3","source_type":"direct_entry","ip_address":"103.55.58.4","deleted_at":null,"ja4_id":211,"ai_model":null,"ai_session":null,"ai_subscription_plan":null,"ai_input_tokens":null,"ai_output_tokens":null,"ai_prompt_length":null,"ai_line_changes":null,"human_line_changes":null}
UnityEngine.StackTraceUtility:ExtractStackTrace () (at /Users/bokken/build/output/unity/unity/Runtime/Export/Scripting/StackTrace.cs:37)
UnityEngine.DebugLogHandler:LogFormat (UnityEngine.LogType,UnityEngine.Object,string,object[])
UnityEngine.Logger:Log (UnityEngine.LogType,object)
UnityEngine.Debug:Log (object)
WakaTime.Plugin/<SendHeartbeat>d__29:MoveNext () (at ./Library/PackageCache/com.daniel-geo.unityhackatime@5ac210a9a2/Editor/Plugin.cs:187)
System.Runtime.CompilerServices.AsyncMethodBuilderCore/MoveNextRunner:InvokeMoveNext (object)
System.Threading.ExecutionContext:RunInternal (System.Threading.ExecutionContext,System.Threading.ContextCallback,object,bool)
System.Threading.ExecutionContext:Run (System.Threading.ExecutionContext,System.Threading.ContextCallback,object,bool)
System.Runtime.CompilerServices.AsyncMethodBuilderCore/MoveNextRunner:Run ()
System.Threading.Tasks.AwaitTaskContinuation:InvokeAction (object)
System.Threading.Tasks.AwaitTaskContinuation:RunCallback (System.Threading.ContextCallback,object,System.Threading.Tasks.Task&)
System.Threading.Tasks.SynchronizationContextAwaitTaskContinuation:Run (System.Threading.Tasks.Task,bool)
System.Threading.Tasks.Task:FinishContinuations ()
System.Threading.Tasks.Task:FinishStageThree ()
System.Threading.Tasks.Task`1<bool>:TrySetResult (bool)
System.Threading.Tasks.TaskCompletionSource`1<bool>:TrySetResult (bool)
WakaTime.Plugin/<>c__DisplayClass29_0:<SendHeartbeat>b__0 (UnityEngine.AsyncOperation) (at ./Library/PackageCache/com.daniel-geo.unityhackatime@5ac210a9a2/Editor/Plugin.cs:176)
UnityEngine.AsyncOperation:InvokeCompletionEvent () (at /Users/bokken/build/output/unity/unity/Runtime/Export/Scripting/AsyncOperation.cs:21)

(Filename: ./Library/PackageCache/com.daniel-geo.unityhackatime@5ac210a9a2/Editor/Plugin.cs Line: 187)

<HackaTime> Sent heartbeat!
UnityEngine.StackTraceUtility:ExtractStackTrace () (at /Users/bokken/build/output/unity/unity/Runtime/Export/Scripting/StackTrace.cs:37)
UnityEngine.DebugLogHandler:LogFormat (UnityEngine.LogType,UnityEngine.Object,string,object[])
UnityEngine.Logger:Log (UnityEngine.LogType,object)
UnityEngine.Debug:Log (object)
WakaTime.Plugin/<SendHeartbeat>d__29:MoveNext () (at ./Library/PackageCache/com.daniel-geo.unityhackatime@5ac210a9a2/Editor/Plugin.cs:203)
System.Runtime.CompilerServices.AsyncMethodBuilderCore/MoveNextRunner:InvokeMoveNext (object)
System.Threading.ExecutionContext:RunInternal (System.Threading.ExecutionContext,System.Threading.ContextCallback,object,bool)
System.Threading.ExecutionContext:Run (System.Threading.ExecutionContext,System.Threading.ContextCallback,object,bool)
System.Runtime.CompilerServices.AsyncMethodBuilderCore/MoveNextRunner:Run ()
System.Threading.Tasks.AwaitTaskContinuation:InvokeAction (object)
System.Threading.Tasks.AwaitTaskContinuation:RunCallback (System.Threading.ContextCallback,object,System.Threading.Tasks.Task&)
System.Threading.Tasks.SynchronizationContextAwaitTaskContinuation:Run (System.Threading.Tasks.Task,bool)
System.Threading.Tasks.Task:FinishContinuations ()
System.Threading.Tasks.Task:FinishStageThree ()
System.Threading.Tasks.Task`1<bool>:TrySetResult (bool)
System.Threading.Tasks.TaskCompletionSource`1<bool>:TrySetResult (bool)
WakaTime.Plugin/<>c__DisplayClass29_0:<SendHeartbeat>b__0 (UnityEngine.AsyncOperation) (at ./Library/PackageCache/com.daniel-geo.unityhackatime@5ac210a9a2/Editor/Plugin.cs:176)
UnityEngine.AsyncOperation:InvokeCompletionEvent () (at /Users/bokken/build/output/unity/unity/Runtime/Export/Scripting/AsyncOperation.cs:21)

(Filename: ./Library/PackageCache/com.daniel-geo.unityhackatime@5ac210a9a2/Editor/Plugin.cs Line: 203)

Unloading 3682 Unused Serialized files (Serialized files now loaded: 0)
Unloading 47 unused Assets / (1.8 MB). Loaded Objects now: 4380.
Memory consumption went from 466.2 MB to 464.4 MB.
Total: 3.953167 ms (FindLiveObjects: 0.180333 ms CreateObjectMapping: 0.049958 ms MarkObjects: 3.380667 ms  DeleteObjects: 0.341500 ms)

Prepare: number of updated asset objects reloaded= 0
AssetImportParameters requested are different than current active one (requested -> active):
  custom:container-demuxer-ogg: 62fdf1f143b41e24485cea50d1cbac27 -> 
  custom:video-decoder-ogg-theora: a1e56fd34408186e4bbccfd4996cb3dc -> 
  custom:CustomObjectIndexerAttribute: 9a22284fe3817be447336de3de66b15e -> 
  custom:container-demuxer-webm: 4f35f7cbe854078d1ac9338744f61a02 -> 
  custom:container-muxer-webm: aa71ff27fc2769a1b78a27578f13a17b -> 
  custom:video-decoder-webm-vp8: 9c59270c3fd7afecdb556c50c9e8de78 -> 
  custom:SearchIndexIgnoredProperties: e643bd26f0fe6173181afceb89e7c659 -> 
  custom:AudioImporter_EditorPlatform: 3918e3fc78b5a79bad01e8451be0beb8 -> 
  custom:framework-osx-AVFoundation: e770b220cccbd017edd2c1fefb359320 -> 
  custom:video-encoder-webm-vp8: eb34c28f22e8b96e1ab97ce403110664 -> 
  custom:audio-decoder-ogg-vorbis: bf7c407c2cedff20999df2af8eb42d56 -> 
  custom:audio-encoder-webm-vorbis: bf7c407c2cedff20999df2af8eb42d56 -> 
========================================================================
Received Prepare
Begin MonoManager ReloadAssembly
Thread 0x16d8bb000 may have been prematurely finalized
- Loaded All Assemblies, in  0.498 seconds
Refreshing native plugins compatible for Editor in 1.94 ms, found 3 plugins.
Native extension for OSXStandalone target not found
<HackaTime> Initializing...
UnityEngine.StackTraceUtility:ExtractStackTrace () (at /Users/bokken/build/output/unity/unity/Runtime/Export/Scripting/StackTrace.cs:37)
UnityEngine.DebugLogHandler:LogFormat (UnityEngine.LogType,UnityEngine.Object,string,object[])
UnityEngine.Logger:Log (UnityEngine.LogType,object)
UnityEngine.Debug:Log (object)
WakaTime.Plugin:Initialize () (at ./Library/PackageCache/com.daniel-geo.unityhackatime@5ac210a9a2/Editor/Plugin.cs:76)
WakaTime.Plugin:.cctor () (at ./Library/PackageCache/com.daniel-geo.unityhackatime@5ac210a9a2/Editor/Plugin.cs:41)
System.Runtime.CompilerServices.RuntimeHelpers:RunClassConstructor (System.RuntimeTypeHandle)
UnityEditor.EditorAssemblies:ProcessInitializeOnLoadAttributes (System.Type[]) (at /Users/bokken/build/output/unity/unity/Editor/Mono/EditorAssemblies.cs:119)

(Filename: ./Library/PackageCache/com.daniel-geo.unityhackatime@5ac210a9a2/Editor/Plugin.cs Line: 76)

<HackaTime> Sending heartbeat...
UnityEngine.StackTraceUtility:ExtractStackTrace () (at /Users/bokken/build/output/unity/unity/Runtime/Export/Scripting/StackTrace.cs:37)
UnityEngine.DebugLogHandler:LogFormat (UnityEngine.LogType,UnityEngine.Object,string,object[])
UnityEngine.Logger:Log (UnityEngine.LogType,object)
UnityEngine.Debug:Log (object)
WakaTime.Plugin/<SendHeartbeat>d__29:MoveNext () (at ./Library/PackageCache/com.daniel-geo.unityhackatime@5ac210a9a2/Editor/Plugin.cs:144)
System.Runtime.CompilerServices.AsyncVoidMethodBuilder:Start<WakaTime.Plugin/<SendHeartbeat>d__29> (WakaTime.Plugin/<SendHeartbeat>d__29&)
WakaTime.Plugin:SendHeartbeat (bool)
WakaTime.Plugin:Initialize () (at ./Library/PackageCache/com.daniel-geo.unityhackatime@5ac210a9a2/Editor/Plugin.cs:78)
WakaTime.Plugin:.cctor () (at ./Library/PackageCache/com.daniel-geo.unityhackatime@5ac210a9a2/Editor/Plugin.cs:41)
System.Runtime.CompilerServices.RuntimeHelpers:RunClassConstructor (System.RuntimeTypeHandle)
UnityEditor.EditorAssemblies:ProcessInitializeOnLoadAttributes (System.Type[]) (at /Users/bokken/build/output/unity/unity/Editor/Mono/EditorAssemblies.cs:119)

(Filename: ./Library/PackageCache/com.daniel-geo.unityhackatime@5ac210a9a2/Editor/Plugin.cs Line: 144)

Mono: successfully reloaded assembly
- Finished resetting the current domain, in  1.541 seconds
Domain Reload Profiling: 2040ms
	BeginReloadAssembly (178ms)
		ExecutionOrderSort (0ms)
		DisableScriptedObjects (5ms)
		BackupInstance (0ms)
		ReleaseScriptingObjects (0ms)
		CreateAndSetChildDomain (72ms)
	RebuildCommonClasses (25ms)
	RebuildNativeTypeToScriptingClass (9ms)
	initialDomainReloadingComplete (20ms)
	LoadAllAssembliesAndSetupDomain (267ms)
		LoadAssemblies (308ms)
		RebuildTransferFunctionScriptingTraits (0ms)
		AnalyzeDomain (32ms)
			TypeCache.Refresh (20ms)
				TypeCache.ScanAssembly (1ms)
			ScanForSourceGeneratedMonoScriptInfo (5ms)
			ResolveRequiredComponents (6ms)
	FinalizeReload (1542ms)
		ReleaseScriptCaches (0ms)
		RebuildScriptCaches (0ms)
		SetupLoadedEditorAssemblies (391ms)
			LogAssemblyErrors (0ms)
			InitializePlatformSupportModulesInManaged (3ms)
			SetLoadedEditorAssemblies (2ms)
			RefreshPlugins (0ms)
			BeforeProcessingInitializeOnLoad (41ms)
			ProcessInitializeOnLoadAttributes (333ms)
			ProcessInitializeOnLoadMethodAttributes (12ms)
			AfterProcessingInitializeOnLoad (1ms)
			EditorAssembliesLoaded (0ms)
		ExecutionOrderSort2 (0ms)
		AwakeInstancesAfterBackupRestoration (3ms)
Refreshing native plugins compatible for Editor in 3.52 ms, found 3 plugins.
Preloading 0 native plugins for Editor in 0.00 ms.
<HackaTime> Got response
{"id":2725534772,"user_id":61064,"branch":"main","category":"coding","dependencies":[],"editor":"unity","entity":"Unsaved Scene","language":"unity","machine":null,"operating_system":null,"project":"Duos","type":"file","user_agent":"unity-hackatime","line_additions":null,"line_deletions":null,"lineno":null,"lines":null,"cursorpos":null,"project_root_count":null,"time":1789697664.0,"is_write":false,"created_at":"2026-09-18T02:15:09.678Z","updated_at":"2026-09-18T02:15:09.678Z","fields_hash":"68fbb9083a6b6d531d914319f378ef2f","source_type":"direct_entry","ip_address":"103.55.58.4","deleted_at":null,"ja4_id":211,"ai_model":null,"ai_session":null,"ai_subscription_plan":null,"ai_input_tokens":null,"ai_output_tokens":null,"ai_prompt_length":null,"ai_line_changes":null,"human_line_changes":null}
UnityEngine.StackTraceUtility:ExtractStackTrace () (at /Users/bokken/build/output/unity/unity/Runtime/Export/Scripting/StackTrace.cs:37)
UnityEngine.DebugLogHandler:LogFormat (UnityEngine.LogType,UnityEngine.Object,string,object[])
UnityEngine.Logger:Log (UnityEngine.LogType,object)
UnityEngine.Debug:Log (object)
WakaTime.Plugin/<SendHeartbeat>d__29:MoveNext () (at ./Library/PackageCache/com.daniel-geo.unityhackatime@5ac210a9a2/Editor/Plugin.cs:187)
System.Runtime.CompilerServices.AsyncMethodBuilderCore/MoveNextRunner:InvokeMoveNext (object)
System.Threading.ExecutionContext:RunInternal (System.Threading.ExecutionContext,System.Threading.ContextCallback,object,bool)
System.Threading.ExecutionContext:Run (System.Threading.ExecutionContext,System.Threading.ContextCallback,object,bool)
System.Runtime.CompilerServices.AsyncMethodBuilderCore/MoveNextRunner:Run ()
System.Threading.Tasks.AwaitTaskContinuation:InvokeAction (object)
System.Threading.Tasks.AwaitTaskContinuation:RunCallback (System.Threading.ContextCallback,object,System.Threading.Tasks.Task&)
System.Threading.Tasks.SynchronizationContextAwaitTaskContinuation:Run (System.Threading.Tasks.Task,bool)
System.Threading.Tasks.Task:FinishContinuations ()
System.Threading.Tasks.Task:FinishStageThree ()
System.Threading.Tasks.Task`1<bool>:TrySetResult (bool)
System.Threading.Tasks.TaskCompletionSource`1<bool>:TrySetResult (bool)
WakaTime.Plugin/<>c__DisplayClass29_0:<SendHeartbeat>b__0 (UnityEngine.AsyncOperation) (at ./Library/PackageCache/com.daniel-geo.unityhackatime@5ac210a9a2/Editor/Plugin.cs:176)
UnityEngine.AsyncOperation:InvokeCompletionEvent () (at /Users/bokken/build/output/unity/unity/Runtime/Export/Scripting/AsyncOperation.cs:21)

(Filename: ./Library/PackageCache/com.daniel-geo.unityhackatime@5ac210a9a2/Editor/Plugin.cs Line: 187)

<HackaTime> Sent heartbeat!
UnityEngine.StackTraceUtility:ExtractStackTrace () (at /Users/bokken/build/output/unity/unity/Runtime/Export/Scripting/StackTrace.cs:37)
UnityEngine.DebugLogHandler:LogFormat (UnityEngine.LogType,UnityEngine.Object,string,object[])
UnityEngine.Logger:Log (UnityEngine.LogType,object)
UnityEngine.Debug:Log (object)
WakaTime.Plugin/<SendHeartbeat>d__29:MoveNext () (at ./Library/PackageCache/com.daniel-geo.unityhackatime@5ac210a9a2/Editor/Plugin.cs:203)
System.Runtime.CompilerServices.AsyncMethodBuilderCore/MoveNextRunner:InvokeMoveNext (object)
System.Threading.ExecutionContext:RunInternal (System.Threading.ExecutionContext,System.Threading.ContextCallback,object,bool)
System.Threading.ExecutionContext:Run (System.Threading.ExecutionContext,System.Threading.ContextCallback,object,bool)
System.Runtime.CompilerServices.AsyncMethodBuilderCore/MoveNextRunner:Run ()
System.Threading.Tasks.AwaitTaskContinuation:InvokeAction (object)
System.Threading.Tasks.AwaitTaskContinuation:RunCallback (System.Threading.ContextCallback,object,System.Threading.Tasks.Task&)
System.Threading.Tasks.SynchronizationContextAwaitTaskContinuation:Run (System.Threading.Tasks.Task,bool)
System.Threading.Tasks.Task:FinishContinuations ()
System.Threading.Tasks.Task:FinishStageThree ()
System.Threading.Tasks.Task`1<bool>:TrySetResult (bool)
System.Threading.Tasks.TaskCompletionSource`1<bool>:TrySetResult (bool)
WakaTime.Plugin/<>c__DisplayClass29_0:<SendHeartbeat>b__0 (UnityEngine.AsyncOperation) (at ./Library/PackageCache/com.daniel-geo.unityhackatime@5ac210a9a2/Editor/Plugin.cs:176)
UnityEngine.AsyncOperation:InvokeCompletionEvent () (at /Users/bokken/build/output/unity/unity/Runtime/Export/Scripting/AsyncOperation.cs:21)

(Filename: ./Library/PackageCache/com.daniel-geo.unityhackatime@5ac210a9a2/Editor/Plugin.cs Line: 203)

Unloading 3682 Unused Serialized files (Serialized files now loaded: 0)
Unloading 47 unused Assets / (1.8 MB). Loaded Objects now: 4384.
Memory consumption went from 473.4 MB to 471.6 MB.
Total: 6.753958 ms (FindLiveObjects: 0.325167 ms CreateObjectMapping: 0.049875 ms MarkObjects: 5.655833 ms  DeleteObjects: 0.722291 ms)

Prepare: number of updated asset objects reloaded= 0
AssetImportParameters requested are different than current active one (requested -> active):
  custom:container-demuxer-ogg: 62fdf1f143b41e24485cea50d1cbac27 -> 
  custom:video-decoder-ogg-theora: a1e56fd34408186e4bbccfd4996cb3dc -> 
  custom:CustomObjectIndexerAttribute: 9a22284fe3817be447336de3de66b15e -> 
  custom:container-demuxer-webm: 4f35f7cbe854078d1ac9338744f61a02 -> 
  custom:container-muxer-webm: aa71ff27fc2769a1b78a27578f13a17b -> 
  custom:video-decoder-webm-vp8: 9c59270c3fd7afecdb556c50c9e8de78 -> 
  custom:SearchIndexIgnoredProperties: e643bd26f0fe6173181afceb89e7c659 -> 
  custom:AudioImporter_EditorPlatform: 3918e3fc78b5a79bad01e8451be0beb8 -> 
  custom:framework-osx-AVFoundation: e770b220cccbd017edd2c1fefb359320 -> 
  custom:video-encoder-webm-vp8: eb34c28f22e8b96e1ab97ce403110664 -> 
  custom:audio-decoder-ogg-vorbis: bf7c407c2cedff20999df2af8eb42d56 -> 
  custom:audio-encoder-webm-vorbis: bf7c407c2cedff20999df2af8eb42d56 -> 
========================================================================
Received Prepare
Begin MonoManager ReloadAssembly
Thread 0x16d8bb000 may have been prematurely finalized
- Loaded All Assemblies, in  0.465 seconds
Refreshing native plugins compatible for Editor in 3.62 ms, found 3 plugins.
Native extension for OSXStandalone target not found
<HackaTime> Initializing...
UnityEngine.StackTraceUtility:ExtractStackTrace () (at /Users/bokken/build/output/unity/unity/Runtime/Export/Scripting/StackTrace.cs:37)
UnityEngine.DebugLogHandler:LogFormat (UnityEngine.LogType,UnityEngine.Object,string,object[])
UnityEngine.Logger:Log (UnityEngine.LogType,object)
UnityEngine.Debug:Log (object)
WakaTime.Plugin:Initialize () (at ./Library/PackageCache/com.daniel-geo.unityhackatime@5ac210a9a2/Editor/Plugin.cs:76)
WakaTime.Plugin:.cctor () (at ./Library/PackageCache/com.daniel-geo.unityhackatime@5ac210a9a2/Editor/Plugin.cs:41)
System.Runtime.CompilerServices.RuntimeHelpers:RunClassConstructor (System.RuntimeTypeHandle)
UnityEditor.EditorAssemblies:ProcessInitializeOnLoadAttributes (System.Type[]) (at /Users/bokken/build/output/unity/unity/Editor/Mono/EditorAssemblies.cs:119)

(Filename: ./Library/PackageCache/com.daniel-geo.unityhackatime@5ac210a9a2/Editor/Plugin.cs Line: 76)

<HackaTime> Sending heartbeat...
UnityEngine.StackTraceUtility:ExtractStackTrace () (at /Users/bokken/build/output/unity/unity/Runtime/Export/Scripting/StackTrace.cs:37)
UnityEngine.DebugLogHandler:LogFormat (UnityEngine.LogType,UnityEngine.Object,string,object[])
UnityEngine.Logger:Log (UnityEngine.LogType,object)
UnityEngine.Debug:Log (object)
WakaTime.Plugin/<SendHeartbeat>d__29:MoveNext () (at ./Library/PackageCache/com.daniel-geo.unityhackatime@5ac210a9a2/Editor/Plugin.cs:144)
System.Runtime.CompilerServices.AsyncVoidMethodBuilder:Start<WakaTime.Plugin/<SendHeartbeat>d__29> (WakaTime.Plugin/<SendHeartbeat>d__29&)
WakaTime.Plugin:SendHeartbeat (bool)
WakaTime.Plugin:Initialize () (at ./Library/PackageCache/com.daniel-geo.unityhackatime@5ac210a9a2/Editor/Plugin.cs:78)
WakaTime.Plugin:.cctor () (at ./Library/PackageCache/com.daniel-geo.unityhackatime@5ac210a9a2/Editor/Plugin.cs:41)
System.Runtime.CompilerServices.RuntimeHelpers:RunClassConstructor (System.RuntimeTypeHandle)
UnityEditor.EditorAssemblies:ProcessInitializeOnLoadAttributes (System.Type[]) (at /Users/bokken/build/output/unity/unity/Editor/Mono/EditorAssemblies.cs:119)

(Filename: ./Library/PackageCache/com.daniel-geo.unityhackatime@5ac210a9a2/Editor/Plugin.cs Line: 144)

Mono: successfully reloaded assembly
- Finished resetting the current domain, in  0.716 seconds
Domain Reload Profiling: 1183ms
	BeginReloadAssembly (164ms)
		ExecutionOrderSort (0ms)
		DisableScriptedObjects (5ms)
		BackupInstance (0ms)
		ReleaseScriptingObjects (0ms)
		CreateAndSetChildDomain (63ms)
	RebuildCommonClasses (30ms)
	RebuildNativeTypeToScriptingClass (9ms)
	initialDomainReloadingComplete (21ms)
	LoadAllAssembliesAndSetupDomain (244ms)
		LoadAssemblies (280ms)
		RebuildTransferFunctionScriptingTraits (0ms)
		AnalyzeDomain (27ms)
			TypeCache.Refresh (17ms)
				TypeCache.ScanAssembly (0ms)
			ScanForSourceGeneratedMonoScriptInfo (0ms)
			ResolveRequiredComponents (8ms)
	FinalizeReload (716ms)
		ReleaseScriptCaches (0ms)
		RebuildScriptCaches (0ms)
		SetupLoadedEditorAssemblies (381ms)
			LogAssemblyErrors (0ms)
			InitializePlatformSupportModulesInManaged (3ms)
			SetLoadedEditorAssemblies (2ms)
			RefreshPlugins (0ms)
			BeforeProcessingInitializeOnLoad (36ms)
			ProcessInitializeOnLoadAttributes (327ms)
			ProcessInitializeOnLoadMethodAttributes (11ms)
			AfterProcessingInitializeOnLoad (1ms)
			EditorAssembliesLoaded (0ms)
		ExecutionOrderSort2 (0ms)
		AwakeInstancesAfterBackupRestoration (3ms)
Refreshing native plugins compatible for Editor in 2.07 ms, found 3 plugins.
Preloading 0 native plugins for Editor in 0.00 ms.
Unloading 3682 Unused Serialized files (Serialized files now loaded: 0)
Unloading 47 unused Assets / (1.8 MB). Loaded Objects now: 4388.
Memory consumption went from 480.4 MB to 478.7 MB.
Total: 4.065583 ms (FindLiveObjects: 0.226000 ms CreateObjectMapping: 0.052125 ms MarkObjects: 3.535750 ms  DeleteObjects: 0.250833 ms)

Prepare: number of updated asset objects reloaded= 0
AssetImportParameters requested are different than current active one (requested -> active):
  custom:container-demuxer-ogg: 62fdf1f143b41e24485cea50d1cbac27 -> 
  custom:video-decoder-ogg-theora: a1e56fd34408186e4bbccfd4996cb3dc -> 
  custom:CustomObjectIndexerAttribute: 9a22284fe3817be447336de3de66b15e -> 
  custom:container-demuxer-webm: 4f35f7cbe854078d1ac9338744f61a02 -> 
  custom:container-muxer-webm: aa71ff27fc2769a1b78a27578f13a17b -> 
  custom:video-decoder-webm-vp8: 9c59270c3fd7afecdb556c50c9e8de78 -> 
  custom:SearchIndexIgnoredProperties: e643bd26f0fe6173181afceb89e7c659 -> 
  custom:AudioImporter_EditorPlatform: 3918e3fc78b5a79bad01e8451be0beb8 -> 
  custom:framework-osx-AVFoundation: e770b220cccbd017edd2c1fefb359320 -> 
  custom:video-encoder-webm-vp8: eb34c28f22e8b96e1ab97ce403110664 -> 
  custom:audio-decoder-ogg-vorbis: bf7c407c2cedff20999df2af8eb42d56 -> 
  custom:audio-encoder-webm-vorbis: bf7c407c2cedff20999df2af8eb42d56 -> 
========================================================================
Received Prepare
Begin MonoManager ReloadAssembly
Thread 0x16d8bb000 may have been prematurely finalized
- Loaded All Assemblies, in  0.745 seconds
Refreshing native plugins compatible for Editor in 3.07 ms, found 3 plugins.
Native extension for OSXStandalone target not found
<HackaTime> Initializing...
UnityEngine.StackTraceUtility:ExtractStackTrace () (at /Users/bokken/build/output/unity/unity/Runtime/Export/Scripting/StackTrace.cs:37)
UnityEngine.DebugLogHandler:LogFormat (UnityEngine.LogType,UnityEngine.Object,string,object[])
UnityEngine.Logger:Log (UnityEngine.LogType,object)
UnityEngine.Debug:Log (object)
WakaTime.Plugin:Initialize () (at ./Library/PackageCache/com.daniel-geo.unityhackatime@5ac210a9a2/Editor/Plugin.cs:76)
WakaTime.Plugin:.cctor () (at ./Library/PackageCache/com.daniel-geo.unityhackatime@5ac210a9a2/Editor/Plugin.cs:41)
System.Runtime.CompilerServices.RuntimeHelpers:RunClassConstructor (System.RuntimeTypeHandle)
UnityEditor.EditorAssemblies:ProcessInitializeOnLoadAttributes (System.Type[]) (at /Users/bokken/build/output/unity/unity/Editor/Mono/EditorAssemblies.cs:119)

(Filename: ./Library/PackageCache/com.daniel-geo.unityhackatime@5ac210a9a2/Editor/Plugin.cs Line: 76)

<HackaTime> Sending heartbeat...
UnityEngine.StackTraceUtility:ExtractStackTrace () (at /Users/bokken/build/output/unity/unity/Runtime/Export/Scripting/StackTrace.cs:37)
UnityEngine.DebugLogHandler:LogFormat (UnityEngine.LogType,UnityEngine.Object,string,object[])
UnityEngine.Logger:Log (UnityEngine.LogType,object)
UnityEngine.Debug:Log (object)
WakaTime.Plugin/<SendHeartbeat>d__29:MoveNext () (at ./Library/PackageCache/com.daniel-geo.unityhackatime@5ac210a9a2/Editor/Plugin.cs:144)
System.Runtime.CompilerServices.AsyncVoidMethodBuilder:Start<WakaTime.Plugin/<SendHeartbeat>d__29> (WakaTime.Plugin/<SendHeartbeat>d__29&)
WakaTime.Plugin:SendHeartbeat (bool)
WakaTime.Plugin:Initialize () (at ./Library/PackageCache/com.daniel-geo.unityhackatime@5ac210a9a2/Editor/Plugin.cs:78)
WakaTime.Plugin:.cctor () (at ./Library/PackageCache/com.daniel-geo.unityhackatime@5ac210a9a2/Editor/Plugin.cs:41)
System.Runtime.CompilerServices.RuntimeHelpers:RunClassConstructor (System.RuntimeTypeHandle)
UnityEditor.EditorAssemblies:ProcessInitializeOnLoadAttributes (System.Type[]) (at /Users/bokken/build/output/unity/unity/Editor/Mono/EditorAssemblies.cs:119)

(Filename: ./Library/PackageCache/com.daniel-geo.unityhackatime@5ac210a9a2/Editor/Plugin.cs Line: 144)

Mono: successfully reloaded assembly
- Finished resetting the current domain, in  2.458 seconds
Domain Reload Profiling: 3207ms
	BeginReloadAssembly (294ms)
		ExecutionOrderSort (0ms)
		DisableScriptedObjects (7ms)
		BackupInstance (0ms)
		ReleaseScriptingObjects (0ms)
		CreateAndSetChildDomain (104ms)
	RebuildCommonClasses (36ms)
	RebuildNativeTypeToScriptingClass (15ms)
	initialDomainReloadingComplete (23ms)
	LoadAllAssembliesAndSetupDomain (380ms)
		LoadAssemblies (451ms)
		RebuildTransferFunctionScriptingTraits (0ms)
		AnalyzeDomain (69ms)
			TypeCache.Refresh (36ms)
				TypeCache.ScanAssembly (2ms)
			ScanForSourceGeneratedMonoScriptInfo (22ms)
			ResolveRequiredComponents (10ms)
	FinalizeReload (2458ms)
		ReleaseScriptCaches (0ms)
		RebuildScriptCaches (0ms)
		SetupLoadedEditorAssemblies (485ms)
			LogAssemblyErrors (0ms)
			InitializePlatformSupportModulesInManaged (6ms)
			SetLoadedEditorAssemblies (4ms)
			RefreshPlugins (0ms)
			BeforeProcessingInitializeOnLoad (46ms)
			ProcessInitializeOnLoadAttributes (414ms)
			ProcessInitializeOnLoadMethodAttributes (13ms)
			AfterProcessingInitializeOnLoad (1ms)
			EditorAssembliesLoaded (0ms)
		ExecutionOrderSort2 (0ms)
		AwakeInstancesAfterBackupRestoration (3ms)
Refreshing native plugins compatible for Editor in 2.95 ms, found 3 plugins.
Preloading 0 native plugins for Editor in 0.00 ms.
Release of invalid GC handle. The handle is from a previous domain. The release operation is skipped.
Release of invalid GC handle native callstack: 
 #0 GetStacktrace(int)
 #1 ScriptingGCHandle::Release() const
 #2 ScriptingGCHandle::ReleaseAndClear()
 #3 UploadHandlerRaw::~UploadHandlerRaw()
 #4 UploadHandler::Release()
 #5 UnityWebRequestProto<UnityWebRequestTransport, AtomicRefCounter, RedirectHelper, ResponseHelper, DownloadHandler, UploadHandler, CertificateHandler, HeaderHelper, AsyncOperation>::~UnityWebRequestProto()
 #6 UnityWebRequestAsyncOperation::InvokeCoroutine()
 #7 UnityWebRequestProto<UnityWebRequestTransport, AtomicRefCounter, RedirectHelper, ResponseHelper, DownloadHandler, UploadHandler, CertificateHandler, HeaderHelper, AsyncOperation>::Job_InvokeCoroutine(AsyncOperation*)
 #8 BackgroundJobQueue::ExecuteMainThreadJobs()
 #9 PreloadManager::WaitForAllAsyncOperationsToComplete()
 #10 UnloadUnusedAssetsImmediate(bool, bool)
 #11 invocation function for block in AssetImportWorkerClient::HandleMessage(PrepareMessage const&)::$_4::operator()() const
 #12 _dispatch_client_callout
 #13 _dispatch_async_and_wait_invoke
 #14 _dispatch_client_callout
 #15 _dispatch_main_queue_drain.cold.6
 #16 _dispatch_main_queue_drain
 #17 _dispatch_main_queue_callback_4CF
 #18 __CFRUNLOOP_IS_SERVICING_THE_MAIN_DISPATCH_QUEUE__
 #19 __CFRunLoopRun
 #20 _CFRunLoopRunSpecificWithOptions
 #21 RunCurrentEventLoopInMode
 #22 ReceiveNextEventCommon
 #23 _BlockUntilNextEventMatchingListInMode
 #24 _DPSBlockUntilNextEventMatchingListInMode
 #25 _DPSNextEvent
 #26 -[NSApplication(NSEventRouting) _nextEventMatchingEventMask:untilDate:inMode:dequeue:]
 #27 -[NSApplication(NSEventRouting) nextEventMatchingMask:untilDate:inMode:dequeue:]
 #28 -[NSApplication run]
 #29 NSApplicationMain
 #30 EditorMain(int, char const**)
 #31 main
 #32 start
<HackaTime> Got response
{"id":2725538964,"user_id":61064,"branch":"main","category":"coding","dependencies":[],"editor":"unity","entity":"Unsaved Scene","language":"unity","machine":null,"operating_system":null,"project":"Duos","type":"file","user_agent":"unity-hackatime","line_additions":null,"line_deletions":null,"lineno":null,"lines":null,"cursorpos":null,"project_root_count":null,"time":1789698304.0,"is_write":false,"created_at":"2026-09-18T02:24:22.776Z","updated_at":"2026-09-18T02:24:22.776Z","fields_hash":"36e51367fceaa40da5454f58351c838e","source_type":"direct_entry","ip_address":"103.55.58.4","deleted_at":null,"ja4_id":211,"ai_model":null,"ai_session":null,"ai_subscription_plan":null,"ai_input_tokens":null,"ai_output_tokens":null,"ai_prompt_length":null,"ai_line_changes":null,"human_line_changes":null}
UnityEngine.StackTraceUtility:ExtractStackTrace () (at /Users/bokken/build/output/unity/unity/Runtime/Export/Scripting/StackTrace.cs:37)
UnityEngine.DebugLogHandler:LogFormat (UnityEngine.LogType,UnityEngine.Object,string,object[])
UnityEngine.Logger:Log (UnityEngine.LogType,object)
UnityEngine.Debug:Log (object)
WakaTime.Plugin/<SendHeartbeat>d__29:MoveNext () (at ./Library/PackageCache/com.daniel-geo.unityhackatime@5ac210a9a2/Editor/Plugin.cs:187)
System.Runtime.CompilerServices.AsyncMethodBuilderCore/MoveNextRunner:InvokeMoveNext (object)
System.Threading.ExecutionContext:RunInternal (System.Threading.ExecutionContext,System.Threading.ContextCallback,object,bool)
System.Threading.ExecutionContext:Run (System.Threading.ExecutionContext,System.Threading.ContextCallback,object,bool)
System.Runtime.CompilerServices.AsyncMethodBuilderCore/MoveNextRunner:Run ()
System.Threading.Tasks.AwaitTaskContinuation:InvokeAction (object)
System.Threading.Tasks.AwaitTaskContinuation:RunCallback (System.Threading.ContextCallback,object,System.Threading.Tasks.Task&)
System.Threading.Tasks.SynchronizationContextAwaitTaskContinuation:Run (System.Threading.Tasks.Task,bool)
System.Threading.Tasks.Task:FinishContinuations ()
System.Threading.Tasks.Task:FinishStageThree ()
System.Threading.Tasks.Task`1<bool>:TrySetResult (bool)
System.Threading.Tasks.TaskCompletionSource`1<bool>:TrySetResult (bool)
WakaTime.Plugin/<>c__DisplayClass29_0:<SendHeartbeat>b__0 (UnityEngine.AsyncOperation) (at ./Library/PackageCache/com.daniel-geo.unityhackatime@5ac210a9a2/Editor/Plugin.cs:176)
UnityEngine.AsyncOperation:InvokeCompletionEvent () (at /Users/bokken/build/output/unity/unity/Runtime/Export/Scripting/AsyncOperation.cs:21)

(Filename: ./Library/PackageCache/com.daniel-geo.unityhackatime@5ac210a9a2/Editor/Plugin.cs Line: 187)

<HackaTime> Sent heartbeat!
UnityEngine.StackTraceUtility:ExtractStackTrace () (at /Users/bokken/build/output/unity/unity/Runtime/Export/Scripting/StackTrace.cs:37)
UnityEngine.DebugLogHandler:LogFormat (UnityEngine.LogType,UnityEngine.Object,string,object[])
UnityEngine.Logger:Log (UnityEngine.LogType,object)
UnityEngine.Debug:Log (object)
WakaTime.Plugin/<SendHeartbeat>d__29:MoveNext () (at ./Library/PackageCache/com.daniel-geo.unityhackatime@5ac210a9a2/Editor/Plugin.cs:203)
System.Runtime.CompilerServices.AsyncMethodBuilderCore/MoveNextRunner:InvokeMoveNext (object)
System.Threading.ExecutionContext:RunInternal (System.Threading.ExecutionContext,System.Threading.ContextCallback,object,bool)
System.Threading.ExecutionContext:Run (System.Threading.ExecutionContext,System.Threading.ContextCallback,object,bool)
System.Runtime.CompilerServices.AsyncMethodBuilderCore/MoveNextRunner:Run ()
System.Threading.Tasks.AwaitTaskContinuation:InvokeAction (object)
System.Threading.Tasks.AwaitTaskContinuation:RunCallback (System.Threading.ContextCallback,object,System.Threading.Tasks.Task&)
System.Threading.Tasks.SynchronizationContextAwaitTaskContinuation:Run (System.Threading.Tasks.Task,bool)
System.Threading.Tasks.Task:FinishContinuations ()
System.Threading.Tasks.Task:FinishStageThree ()
System.Threading.Tasks.Task`1<bool>:TrySetResult (bool)
System.Threading.Tasks.TaskCompletionSource`1<bool>:TrySetResult (bool)
WakaTime.Plugin/<>c__DisplayClass29_0:<SendHeartbeat>b__0 (UnityEngine.AsyncOperation) (at ./Library/PackageCache/com.daniel-geo.unityhackatime@5ac210a9a2/Editor/Plugin.cs:176)
UnityEngine.AsyncOperation:InvokeCompletionEvent () (at /Users/bokken/build/output/unity/unity/Runtime/Export/Scripting/AsyncOperation.cs:21)

(Filename: ./Library/PackageCache/com.daniel-geo.unityhackatime@5ac210a9a2/Editor/Plugin.cs Line: 203)

Unloading 3682 Unused Serialized files (Serialized files now loaded: 0)
Unloading 47 unused Assets / (1.8 MB). Loaded Objects now: 4392.
Memory consumption went from 487.6 MB to 485.8 MB.
Total: 12.694209 ms (FindLiveObjects: 0.244625 ms CreateObjectMapping: 0.050833 ms MarkObjects: 11.358292 ms  DeleteObjects: 1.039875 ms)

Prepare: number of updated asset objects reloaded= 0
AssetImportParameters requested are different than current active one (requested -> active):
  custom:container-demuxer-ogg: 62fdf1f143b41e24485cea50d1cbac27 -> 
  custom:video-decoder-ogg-theora: a1e56fd34408186e4bbccfd4996cb3dc -> 
  custom:CustomObjectIndexerAttribute: 9a22284fe3817be447336de3de66b15e -> 
  custom:container-demuxer-webm: 4f35f7cbe854078d1ac9338744f61a02 -> 
  custom:container-muxer-webm: aa71ff27fc2769a1b78a27578f13a17b -> 
  custom:video-decoder-webm-vp8: 9c59270c3fd7afecdb556c50c9e8de78 -> 
  custom:SearchIndexIgnoredProperties: e643bd26f0fe6173181afceb89e7c659 -> 
  custom:AudioImporter_EditorPlatform: 3918e3fc78b5a79bad01e8451be0beb8 -> 
  custom:framework-osx-AVFoundation: e770b220cccbd017edd2c1fefb359320 -> 
  custom:video-encoder-webm-vp8: eb34c28f22e8b96e1ab97ce403110664 -> 
  custom:audio-decoder-ogg-vorbis: bf7c407c2cedff20999df2af8eb42d56 -> 
  custom:audio-encoder-webm-vorbis: bf7c407c2cedff20999df2af8eb42d56 -> 
========================================================================
Received Prepare
Begin MonoManager ReloadAssembly
Thread 0x16d8bb000 may have been prematurely finalized
- Loaded All Assemblies, in  0.484 seconds
Refreshing native plugins compatible for Editor in 2.98 ms, found 3 plugins.
Native extension for OSXStandalone target not found
<HackaTime> Initializing...
UnityEngine.StackTraceUtility:ExtractStackTrace () (at /Users/bokken/build/output/unity/unity/Runtime/Export/Scripting/StackTrace.cs:37)
UnityEngine.DebugLogHandler:LogFormat (UnityEngine.LogType,UnityEngine.Object,string,object[])
UnityEngine.Logger:Log (UnityEngine.LogType,object)
UnityEngine.Debug:Log (object)
WakaTime.Plugin:Initialize () (at ./Library/PackageCache/com.daniel-geo.unityhackatime@5ac210a9a2/Editor/Plugin.cs:76)
WakaTime.Plugin:.cctor () (at ./Library/PackageCache/com.daniel-geo.unityhackatime@5ac210a9a2/Editor/Plugin.cs:41)
System.Runtime.CompilerServices.RuntimeHelpers:RunClassConstructor (System.RuntimeTypeHandle)
UnityEditor.EditorAssemblies:ProcessInitializeOnLoadAttributes (System.Type[]) (at /Users/bokken/build/output/unity/unity/Editor/Mono/EditorAssemblies.cs:119)

(Filename: ./Library/PackageCache/com.daniel-geo.unityhackatime@5ac210a9a2/Editor/Plugin.cs Line: 76)

<HackaTime> Sending heartbeat...
UnityEngine.StackTraceUtility:ExtractStackTrace () (at /Users/bokken/build/output/unity/unity/Runtime/Export/Scripting/StackTrace.cs:37)
UnityEngine.DebugLogHandler:LogFormat (UnityEngine.LogType,UnityEngine.Object,string,object[])
UnityEngine.Logger:Log (UnityEngine.LogType,object)
UnityEngine.Debug:Log (object)
WakaTime.Plugin/<SendHeartbeat>d__29:MoveNext () (at ./Library/PackageCache/com.daniel-geo.unityhackatime@5ac210a9a2/Editor/Plugin.cs:144)
System.Runtime.CompilerServices.AsyncVoidMethodBuilder:Start<WakaTime.Plugin/<SendHeartbeat>d__29> (WakaTime.Plugin/<SendHeartbeat>d__29&)
WakaTime.Plugin:SendHeartbeat (bool)
WakaTime.Plugin:Initialize () (at ./Library/PackageCache/com.daniel-geo.unityhackatime@5ac210a9a2/Editor/Plugin.cs:78)
WakaTime.Plugin:.cctor () (at ./Library/PackageCache/com.daniel-geo.unityhackatime@5ac210a9a2/Editor/Plugin.cs:41)
System.Runtime.CompilerServices.RuntimeHelpers:RunClassConstructor (System.RuntimeTypeHandle)
UnityEditor.EditorAssemblies:ProcessInitializeOnLoadAttributes (System.Type[]) (at /Users/bokken/build/output/unity/unity/Editor/Mono/EditorAssemblies.cs:119)

(Filename: ./Library/PackageCache/com.daniel-geo.unityhackatime@5ac210a9a2/Editor/Plugin.cs Line: 144)

Mono: successfully reloaded assembly
- Finished resetting the current domain, in  0.707 seconds
Domain Reload Profiling: 1193ms
	BeginReloadAssembly (141ms)
		ExecutionOrderSort (0ms)
		DisableScriptedObjects (4ms)
		BackupInstance (0ms)
		ReleaseScriptingObjects (0ms)
		CreateAndSetChildDomain (53ms)
	RebuildCommonClasses (26ms)
	RebuildNativeTypeToScriptingClass (9ms)
	initialDomainReloadingComplete (19ms)
	LoadAllAssembliesAndSetupDomain (290ms)
		LoadAssemblies (303ms)
		RebuildTransferFunctionScriptingTraits (0ms)
		AnalyzeDomain (43ms)
			TypeCache.Refresh (34ms)
				TypeCache.ScanAssembly (0ms)
			ScanForSourceGeneratedMonoScriptInfo (0ms)
			ResolveRequiredComponents (8ms)
	FinalizeReload (707ms)
		ReleaseScriptCaches (0ms)
		RebuildScriptCaches (0ms)
		SetupLoadedEditorAssemblies (386ms)
			LogAssemblyErrors (0ms)
			InitializePlatformSupportModulesInManaged (3ms)
			SetLoadedEditorAssemblies (2ms)
			RefreshPlugins (0ms)
			BeforeProcessingInitializeOnLoad (36ms)
			ProcessInitializeOnLoadAttributes (332ms)
			ProcessInitializeOnLoadMethodAttributes (12ms)
			AfterProcessingInitializeOnLoad (1ms)
			EditorAssembliesLoaded (0ms)
		ExecutionOrderSort2 (0ms)
		AwakeInstancesAfterBackupRestoration (3ms)
Refreshing native plugins compatible for Editor in 2.10 ms, found 3 plugins.
Preloading 0 native plugins for Editor in 0.00 ms.
Unloading 3682 Unused Serialized files (Serialized files now loaded: 0)
Unloading 47 unused Assets / (1.8 MB). Loaded Objects now: 4396.
Memory consumption went from 494.6 MB to 492.9 MB.
Total: 3.651375 ms (FindLiveObjects: 0.269875 ms CreateObjectMapping: 0.057625 ms MarkObjects: 3.043666 ms  DeleteObjects: 0.279375 ms)

Prepare: number of updated asset objects reloaded= 0
AssetImportParameters requested are different than current active one (requested -> active):
  custom:container-demuxer-ogg: 62fdf1f143b41e24485cea50d1cbac27 -> 
  custom:video-decoder-ogg-theora: a1e56fd34408186e4bbccfd4996cb3dc -> 
  custom:CustomObjectIndexerAttribute: 9a22284fe3817be447336de3de66b15e -> 
  custom:container-demuxer-webm: 4f35f7cbe854078d1ac9338744f61a02 -> 
  custom:container-muxer-webm: aa71ff27fc2769a1b78a27578f13a17b -> 
  custom:video-decoder-webm-vp8: 9c59270c3fd7afecdb556c50c9e8de78 -> 
  custom:SearchIndexIgnoredProperties: e643bd26f0fe6173181afceb89e7c659 -> 
  custom:AudioImporter_EditorPlatform: 3918e3fc78b5a79bad01e8451be0beb8 -> 
  custom:framework-osx-AVFoundation: e770b220cccbd017edd2c1fefb359320 -> 
  custom:video-encoder-webm-vp8: eb34c28f22e8b96e1ab97ce403110664 -> 
  custom:audio-decoder-ogg-vorbis: bf7c407c2cedff20999df2af8eb42d56 -> 
  custom:audio-encoder-webm-vorbis: bf7c407c2cedff20999df2af8eb42d56 -> 
========================================================================
Received Prepare
Begin MonoManager ReloadAssembly
Thread 0x16d8bb000 may have been prematurely finalized
- Loaded All Assemblies, in  0.521 seconds
Refreshing native plugins compatible for Editor in 1.92 ms, found 3 plugins.
Native extension for OSXStandalone target not found
<HackaTime> Initializing...
UnityEngine.StackTraceUtility:ExtractStackTrace () (at /Users/bokken/build/output/unity/unity/Runtime/Export/Scripting/StackTrace.cs:37)
UnityEngine.DebugLogHandler:LogFormat (UnityEngine.LogType,UnityEngine.Object,string,object[])
UnityEngine.Logger:Log (UnityEngine.LogType,object)
UnityEngine.Debug:Log (object)
WakaTime.Plugin:Initialize () (at ./Library/PackageCache/com.daniel-geo.unityhackatime@5ac210a9a2/Editor/Plugin.cs:76)
WakaTime.Plugin:.cctor () (at ./Library/PackageCache/com.daniel-geo.unityhackatime@5ac210a9a2/Editor/Plugin.cs:41)
System.Runtime.CompilerServices.RuntimeHelpers:RunClassConstructor (System.RuntimeTypeHandle)
UnityEditor.EditorAssemblies:ProcessInitializeOnLoadAttributes (System.Type[]) (at /Users/bokken/build/output/unity/unity/Editor/Mono/EditorAssemblies.cs:119)

(Filename: ./Library/PackageCache/com.daniel-geo.unityhackatime@5ac210a9a2/Editor/Plugin.cs Line: 76)

<HackaTime> Sending heartbeat...
UnityEngine.StackTraceUtility:ExtractStackTrace () (at /Users/bokken/build/output/unity/unity/Runtime/Export/Scripting/StackTrace.cs:37)
UnityEngine.DebugLogHandler:LogFormat (UnityEngine.LogType,UnityEngine.Object,string,object[])
UnityEngine.Logger:Log (UnityEngine.LogType,object)
UnityEngine.Debug:Log (object)
WakaTime.Plugin/<SendHeartbeat>d__29:MoveNext () (at ./Library/PackageCache/com.daniel-geo.unityhackatime@5ac210a9a2/Editor/Plugin.cs:144)
System.Runtime.CompilerServices.AsyncVoidMethodBuilder:Start<WakaTime.Plugin/<SendHeartbeat>d__29> (WakaTime.Plugin/<SendHeartbeat>d__29&)
WakaTime.Plugin:SendHeartbeat (bool)
WakaTime.Plugin:Initialize () (at ./Library/PackageCache/com.daniel-geo.unityhackatime@5ac210a9a2/Editor/Plugin.cs:78)
WakaTime.Plugin:.cctor () (at ./Library/PackageCache/com.daniel-geo.unityhackatime@5ac210a9a2/Editor/Plugin.cs:41)
System.Runtime.CompilerServices.RuntimeHelpers:RunClassConstructor (System.RuntimeTypeHandle)
UnityEditor.EditorAssemblies:ProcessInitializeOnLoadAttributes (System.Type[]) (at /Users/bokken/build/output/unity/unity/Editor/Mono/EditorAssemblies.cs:119)

(Filename: ./Library/PackageCache/com.daniel-geo.unityhackatime@5ac210a9a2/Editor/Plugin.cs Line: 144)

Mono: successfully reloaded assembly
- Finished resetting the current domain, in  1.938 seconds
Domain Reload Profiling: 2460ms
	BeginReloadAssembly (154ms)
		ExecutionOrderSort (0ms)
		DisableScriptedObjects (4ms)
		BackupInstance (0ms)
		ReleaseScriptingObjects (0ms)
		CreateAndSetChildDomain (64ms)
	RebuildCommonClasses (30ms)
	RebuildNativeTypeToScriptingClass (9ms)
	initialDomainReloadingComplete (20ms)
	LoadAllAssembliesAndSetupDomain (309ms)
		LoadAssemblies (338ms)
		RebuildTransferFunctionScriptingTraits (0ms)
		AnalyzeDomain (30ms)
			TypeCache.Refresh (18ms)
				TypeCache.ScanAssembly (1ms)
			ScanForSourceGeneratedMonoScriptInfo (7ms)
			ResolveRequiredComponents (4ms)
	FinalizeReload (1938ms)
		ReleaseScriptCaches (0ms)
		RebuildScriptCaches (0ms)
		SetupLoadedEditorAssemblies (393ms)
			LogAssemblyErrors (0ms)
			InitializePlatformSupportModulesInManaged (6ms)
			SetLoadedEditorAssemblies (3ms)
			RefreshPlugins (0ms)
			BeforeProcessingInitializeOnLoad (40ms)
			ProcessInitializeOnLoadAttributes (331ms)
			ProcessInitializeOnLoadMethodAttributes (13ms)
			AfterProcessingInitializeOnLoad (1ms)
			EditorAssembliesLoaded (0ms)
		ExecutionOrderSort2 (0ms)
		AwakeInstancesAfterBackupRestoration (3ms)
Refreshing native plugins compatible for Editor in 2.78 ms, found 3 plugins.
Preloading 0 native plugins for Editor in 0.00 ms.
Release of invalid GC handle. The handle is from a previous domain. The release operation is skipped.
Release of invalid GC handle native callstack: 
 #0 GetStacktrace(int)
 #1 ScriptingGCHandle::Release() const
 #2 ScriptingGCHandle::ReleaseAndClear()
 #3 UploadHandlerRaw::~UploadHandlerRaw()
 #4 UploadHandler::Release()
 #5 UnityWebRequestProto<UnityWebRequestTransport, AtomicRefCounter, RedirectHelper, ResponseHelper, DownloadHandler, UploadHandler, CertificateHandler, HeaderHelper, AsyncOperation>::~UnityWebRequestProto()
 #6 UnityWebRequestAsyncOperation::InvokeCoroutine()
 #7 UnityWebRequestProto<UnityWebRequestTransport, AtomicRefCounter, RedirectHelper, ResponseHelper, DownloadHandler, UploadHandler, CertificateHandler, HeaderHelper, AsyncOperation>::Job_InvokeCoroutine(AsyncOperation*)
 #8 BackgroundJobQueue::ExecuteMainThreadJobs()
 #9 PreloadManager::WaitForAllAsyncOperationsToComplete()
 #10 UnloadUnusedAssetsImmediate(bool, bool)
 #11 invocation function for block in AssetImportWorkerClient::HandleMessage(PrepareMessage const&)::$_4::operator()() const
 #12 _dispatch_client_callout
 #13 _dispatch_async_and_wait_invoke
 #14 _dispatch_client_callout
 #15 _dispatch_main_queue_drain.cold.6
 #16 _dispatch_main_queue_drain
 #17 _dispatch_main_queue_callback_4CF
 #18 __CFRUNLOOP_IS_SERVICING_THE_MAIN_DISPATCH_QUEUE__
 #19 __CFRunLoopRun
 #20 _CFRunLoopRunSpecificWithOptions
 #21 RunCurrentEventLoopInMode
 #22 ReceiveNextEventCommon
 #23 _BlockUntilNextEventMatchingListInMode
 #24 _DPSBlockUntilNextEventMatchingListInMode
 #25 _DPSNextEvent
 #26 -[NSApplication(NSEventRouting) _nextEventMatchingEventMask:untilDate:inMode:dequeue:]
 #27 -[NSApplication(NSEventRouting) nextEventMatchingMask:untilDate:inMode:dequeue:]
 #28 -[NSApplication run]
 #29 NSApplicationMain
 #30 EditorMain(int, char const**)
 #31 main
 #32 start
<HackaTime> Got response
{"id":2725538964,"user_id":61064,"branch":"main","category":"coding","dependencies":[],"editor":"unity","entity":"Unsaved Scene","language":"unity","machine":null,"operating_system":null,"project":"Duos","type":"file","user_agent":"unity-hackatime","line_additions":null,"line_deletions":null,"lineno":null,"lines":null,"cursorpos":null,"project_root_count":null,"time":1789698304.0,"is_write":false,"created_at":"2026-09-18T02:24:22.776Z","updated_at":"2026-09-18T02:24:22.776Z","fields_hash":"36e51367fceaa40da5454f58351c838e","source_type":"direct_entry","ip_address":"103.55.58.4","deleted_at":null,"ja4_id":211,"ai_model":null,"ai_session":null,"ai_subscription_plan":null,"ai_input_tokens":null,"ai_output_tokens":null,"ai_prompt_length":null,"ai_line_changes":null,"human_line_changes":null}
UnityEngine.StackTraceUtility:ExtractStackTrace () (at /Users/bokken/build/output/unity/unity/Runtime/Export/Scripting/StackTrace.cs:37)
UnityEngine.DebugLogHandler:LogFormat (UnityEngine.LogType,UnityEngine.Object,string,object[])
UnityEngine.Logger:Log (UnityEngine.LogType,object)
UnityEngine.Debug:Log (object)
WakaTime.Plugin/<SendHeartbeat>d__29:MoveNext () (at ./Library/PackageCache/com.daniel-geo.unityhackatime@5ac210a9a2/Editor/Plugin.cs:187)
System.Runtime.CompilerServices.AsyncMethodBuilderCore/MoveNextRunner:InvokeMoveNext (object)
System.Threading.ExecutionContext:RunInternal (System.Threading.ExecutionContext,System.Threading.ContextCallback,object,bool)
System.Threading.ExecutionContext:Run (System.Threading.ExecutionContext,System.Threading.ContextCallback,object,bool)
System.Runtime.CompilerServices.AsyncMethodBuilderCore/MoveNextRunner:Run ()
System.Threading.Tasks.AwaitTaskContinuation:InvokeAction (object)
System.Threading.Tasks.AwaitTaskContinuation:RunCallback (System.Threading.ContextCallback,object,System.Threading.Tasks.Task&)
System.Threading.Tasks.SynchronizationContextAwaitTaskContinuation:Run (System.Threading.Tasks.Task,bool)
System.Threading.Tasks.Task:FinishContinuations ()
System.Threading.Tasks.Task:FinishStageThree ()
System.Threading.Tasks.Task`1<bool>:TrySetResult (bool)
System.Threading.Tasks.TaskCompletionSource`1<bool>:TrySetResult (bool)
WakaTime.Plugin/<>c__DisplayClass29_0:<SendHeartbeat>b__0 (UnityEngine.AsyncOperation) (at ./Library/PackageCache/com.daniel-geo.unityhackatime@5ac210a9a2/Editor/Plugin.cs:176)
UnityEngine.AsyncOperation:InvokeCompletionEvent () (at /Users/bokken/build/output/unity/unity/Runtime/Export/Scripting/AsyncOperation.cs:21)

(Filename: ./Library/PackageCache/com.daniel-geo.unityhackatime@5ac210a9a2/Editor/Plugin.cs Line: 187)

<HackaTime> Sent heartbeat!
UnityEngine.StackTraceUtility:ExtractStackTrace () (at /Users/bokken/build/output/unity/unity/Runtime/Export/Scripting/StackTrace.cs:37)
UnityEngine.DebugLogHandler:LogFormat (UnityEngine.LogType,UnityEngine.Object,string,object[])
UnityEngine.Logger:Log (UnityEngine.LogType,object)
UnityEngine.Debug:Log (object)
WakaTime.Plugin/<SendHeartbeat>d__29:MoveNext () (at ./Library/PackageCache/com.daniel-geo.unityhackatime@5ac210a9a2/Editor/Plugin.cs:203)
System.Runtime.CompilerServices.AsyncMethodBuilderCore/MoveNextRunner:InvokeMoveNext (object)
System.Threading.ExecutionContext:RunInternal (System.Threading.ExecutionContext,System.Threading.ContextCallback,object,bool)
System.Threading.ExecutionContext:Run (System.Threading.ExecutionContext,System.Threading.ContextCallback,object,bool)
System.Runtime.CompilerServices.AsyncMethodBuilderCore/MoveNextRunner:Run ()
System.Threading.Tasks.AwaitTaskContinuation:InvokeAction (object)
System.Threading.Tasks.AwaitTaskContinuation:RunCallback (System.Threading.ContextCallback,object,System.Threading.Tasks.Task&)
System.Threading.Tasks.SynchronizationContextAwaitTaskContinuation:Run (System.Threading.Tasks.Task,bool)
System.Threading.Tasks.Task:FinishContinuations ()
System.Threading.Tasks.Task:FinishStageThree ()
System.Threading.Tasks.Task`1<bool>:TrySetResult (bool)
System.Threading.Tasks.TaskCompletionSource`1<bool>:TrySetResult (bool)
WakaTime.Plugin/<>c__DisplayClass29_0:<SendHeartbeat>b__0 (UnityEngine.AsyncOperation) (at ./Library/PackageCache/com.daniel-geo.unityhackatime@5ac210a9a2/Editor/Plugin.cs:176)
UnityEngine.AsyncOperation:InvokeCompletionEvent () (at /Users/bokken/build/output/unity/unity/Runtime/Export/Scripting/AsyncOperation.cs:21)

(Filename: ./Library/PackageCache/com.daniel-geo.unityhackatime@5ac210a9a2/Editor/Plugin.cs Line: 203)

Unloading 3682 Unused Serialized files (Serialized files now loaded: 0)
Unloading 47 unused Assets / (1.8 MB). Loaded Objects now: 4400.
Memory consumption went from 501.8 MB to 500.0 MB.
Total: 2.872583 ms (FindLiveObjects: 0.182375 ms CreateObjectMapping: 0.050334 ms MarkObjects: 2.433041 ms  DeleteObjects: 0.206250 ms)

Prepare: number of updated asset objects reloaded= 0
AssetImportParameters requested are different than current active one (requested -> active):
  custom:container-demuxer-ogg: 62fdf1f143b41e24485cea50d1cbac27 -> 
  custom:video-decoder-ogg-theora: a1e56fd34408186e4bbccfd4996cb3dc -> 
  custom:CustomObjectIndexerAttribute: 9a22284fe3817be447336de3de66b15e -> 
  custom:container-demuxer-webm: 4f35f7cbe854078d1ac9338744f61a02 -> 
  custom:container-muxer-webm: aa71ff27fc2769a1b78a27578f13a17b -> 
  custom:video-decoder-webm-vp8: 9c59270c3fd7afecdb556c50c9e8de78 -> 
  custom:SearchIndexIgnoredProperties: e643bd26f0fe6173181afceb89e7c659 -> 
  custom:AudioImporter_EditorPlatform: 3918e3fc78b5a79bad01e8451be0beb8 -> 
  custom:framework-osx-AVFoundation: e770b220cccbd017edd2c1fefb359320 -> 
  custom:video-encoder-webm-vp8: eb34c28f22e8b96e1ab97ce403110664 -> 
  custom:audio-decoder-ogg-vorbis: bf7c407c2cedff20999df2af8eb42d56 -> 
  custom:audio-encoder-webm-vorbis: bf7c407c2cedff20999df2af8eb42d56 -> 
========================================================================
Received Prepare
Begin MonoManager ReloadAssembly
Thread 0x16d8bb000 may have been prematurely finalized
- Loaded All Assemblies, in  0.509 seconds
Refreshing native plugins compatible for Editor in 1.47 ms, found 3 plugins.
Native extension for OSXStandalone target not found
<HackaTime> Initializing...
UnityEngine.StackTraceUtility:ExtractStackTrace () (at /Users/bokken/build/output/unity/unity/Runtime/Export/Scripting/StackTrace.cs:37)
UnityEngine.DebugLogHandler:LogFormat (UnityEngine.LogType,UnityEngine.Object,string,object[])
UnityEngine.Logger:Log (UnityEngine.LogType,object)
UnityEngine.Debug:Log (object)
WakaTime.Plugin:Initialize () (at ./Library/PackageCache/com.daniel-geo.unityhackatime@5ac210a9a2/Editor/Plugin.cs:76)
WakaTime.Plugin:.cctor () (at ./Library/PackageCache/com.daniel-geo.unityhackatime@5ac210a9a2/Editor/Plugin.cs:41)
System.Runtime.CompilerServices.RuntimeHelpers:RunClassConstructor (System.RuntimeTypeHandle)
UnityEditor.EditorAssemblies:ProcessInitializeOnLoadAttributes (System.Type[]) (at /Users/bokken/build/output/unity/unity/Editor/Mono/EditorAssemblies.cs:119)

(Filename: ./Library/PackageCache/com.daniel-geo.unityhackatime@5ac210a9a2/Editor/Plugin.cs Line: 76)

<HackaTime> Sending heartbeat...
UnityEngine.StackTraceUtility:ExtractStackTrace () (at /Users/bokken/build/output/unity/unity/Runtime/Export/Scripting/StackTrace.cs:37)
UnityEngine.DebugLogHandler:LogFormat (UnityEngine.LogType,UnityEngine.Object,string,object[])
UnityEngine.Logger:Log (UnityEngine.LogType,object)
UnityEngine.Debug:Log (object)
WakaTime.Plugin/<SendHeartbeat>d__29:MoveNext () (at ./Library/PackageCache/com.daniel-geo.unityhackatime@5ac210a9a2/Editor/Plugin.cs:144)
System.Runtime.CompilerServices.AsyncVoidMethodBuilder:Start<WakaTime.Plugin/<SendHeartbeat>d__29> (WakaTime.Plugin/<SendHeartbeat>d__29&)
WakaTime.Plugin:SendHeartbeat (bool)
WakaTime.Plugin:Initialize () (at ./Library/PackageCache/com.daniel-geo.unityhackatime@5ac210a9a2/Editor/Plugin.cs:78)
WakaTime.Plugin:.cctor () (at ./Library/PackageCache/com.daniel-geo.unityhackatime@5ac210a9a2/Editor/Plugin.cs:41)
System.Runtime.CompilerServices.RuntimeHelpers:RunClassConstructor (System.RuntimeTypeHandle)
UnityEditor.EditorAssemblies:ProcessInitializeOnLoadAttributes (System.Type[]) (at /Users/bokken/build/output/unity/unity/Editor/Mono/EditorAssemblies.cs:119)

(Filename: ./Library/PackageCache/com.daniel-geo.unityhackatime@5ac210a9a2/Editor/Plugin.cs Line: 144)

Mono: successfully reloaded assembly
- Finished resetting the current domain, in  1.334 seconds
Domain Reload Profiling: 1843ms
	BeginReloadAssembly (174ms)
		ExecutionOrderSort (0ms)
		DisableScriptedObjects (4ms)
		BackupInstance (0ms)
		ReleaseScriptingObjects (0ms)
		CreateAndSetChildDomain (72ms)
	RebuildCommonClasses (25ms)
	RebuildNativeTypeToScriptingClass (10ms)
	initialDomainReloadingComplete (16ms)
	LoadAllAssembliesAndSetupDomain (285ms)
		LoadAssemblies (328ms)
		RebuildTransferFunctionScriptingTraits (0ms)
		AnalyzeDomain (28ms)
			TypeCache.Refresh (15ms)
				TypeCache.ScanAssembly (1ms)
			ScanForSourceGeneratedMonoScriptInfo (6ms)
			ResolveRequiredComponents (6ms)
	FinalizeReload (1334ms)
		ReleaseScriptCaches (0ms)
		RebuildScriptCaches (0ms)
		SetupLoadedEditorAssemblies (386ms)
			LogAssemblyErrors (0ms)
			InitializePlatformSupportModulesInManaged (3ms)
			SetLoadedEditorAssemblies (3ms)
			RefreshPlugins (0ms)
			BeforeProcessingInitializeOnLoad (35ms)
			ProcessInitializeOnLoadAttributes (333ms)
			ProcessInitializeOnLoadMethodAttributes (11ms)
			AfterProcessingInitializeOnLoad (1ms)
			EditorAssembliesLoaded (0ms)
		ExecutionOrderSort2 (0ms)
		AwakeInstancesAfterBackupRestoration (3ms)
Refreshing native plugins compatible for Editor in 2.65 ms, found 3 plugins.
Preloading 0 native plugins for Editor in 0.00 ms.
<HackaTime> Got response
{"id":2725541167,"user_id":61064,"branch":"main","category":"coding","dependencies":[],"editor":"unity","entity":"Unsaved Scene","language":"unity","machine":null,"operating_system":null,"project":"Duos","type":"file","user_agent":"unity-hackatime","line_additions":null,"line_deletions":null,"lineno":null,"lines":null,"cursorpos":null,"project_root_count":null,"time":1789698560.0,"is_write":false,"created_at":"2026-09-18T02:28:30.515Z","updated_at":"2026-09-18T02:28:30.515Z","fields_hash":"5f8d1d658f0e12dc950722bcbb9a6dff","source_type":"direct_entry","ip_address":"103.55.58.4","deleted_at":null,"ja4_id":211,"ai_model":null,"ai_session":null,"ai_subscription_plan":null,"ai_input_tokens":null,"ai_output_tokens":null,"ai_prompt_length":null,"ai_line_changes":null,"human_line_changes":null}
UnityEngine.StackTraceUtility:ExtractStackTrace () (at /Users/bokken/build/output/unity/unity/Runtime/Export/Scripting/StackTrace.cs:37)
UnityEngine.DebugLogHandler:LogFormat (UnityEngine.LogType,UnityEngine.Object,string,object[])
UnityEngine.Logger:Log (UnityEngine.LogType,object)
UnityEngine.Debug:Log (object)
WakaTime.Plugin/<SendHeartbeat>d__29:MoveNext () (at ./Library/PackageCache/com.daniel-geo.unityhackatime@5ac210a9a2/Editor/Plugin.cs:187)
System.Runtime.CompilerServices.AsyncMethodBuilderCore/MoveNextRunner:InvokeMoveNext (object)
System.Threading.ExecutionContext:RunInternal (System.Threading.ExecutionContext,System.Threading.ContextCallback,object,bool)
System.Threading.ExecutionContext:Run (System.Threading.ExecutionContext,System.Threading.ContextCallback,object,bool)
System.Runtime.CompilerServices.AsyncMethodBuilderCore/MoveNextRunner:Run ()
System.Threading.Tasks.AwaitTaskContinuation:InvokeAction (object)
System.Threading.Tasks.AwaitTaskContinuation:RunCallback (System.Threading.ContextCallback,object,System.Threading.Tasks.Task&)
System.Threading.Tasks.SynchronizationContextAwaitTaskContinuation:Run (System.Threading.Tasks.Task,bool)
System.Threading.Tasks.Task:FinishContinuations ()
System.Threading.Tasks.Task:FinishStageThree ()
System.Threading.Tasks.Task`1<bool>:TrySetResult (bool)
System.Threading.Tasks.TaskCompletionSource`1<bool>:TrySetResult (bool)
WakaTime.Plugin/<>c__DisplayClass29_0:<SendHeartbeat>b__0 (UnityEngine.AsyncOperation) (at ./Library/PackageCache/com.daniel-geo.unityhackatime@5ac210a9a2/Editor/Plugin.cs:176)
UnityEngine.AsyncOperation:InvokeCompletionEvent () (at /Users/bokken/build/output/unity/unity/Runtime/Export/Scripting/AsyncOperation.cs:21)

(Filename: ./Library/PackageCache/com.daniel-geo.unityhackatime@5ac210a9a2/Editor/Plugin.cs Line: 187)

<HackaTime> Sent heartbeat!
UnityEngine.StackTraceUtility:ExtractStackTrace () (at /Users/bokken/build/output/unity/unity/Runtime/Export/Scripting/StackTrace.cs:37)
UnityEngine.DebugLogHandler:LogFormat (UnityEngine.LogType,UnityEngine.Object,string,object[])
UnityEngine.Logger:Log (UnityEngine.LogType,object)
UnityEngine.Debug:Log (object)
WakaTime.Plugin/<SendHeartbeat>d__29:MoveNext () (at ./Library/PackageCache/com.daniel-geo.unityhackatime@5ac210a9a2/Editor/Plugin.cs:203)
System.Runtime.CompilerServices.AsyncMethodBuilderCore/MoveNextRunner:InvokeMoveNext (object)
System.Threading.ExecutionContext:RunInternal (System.Threading.ExecutionContext,System.Threading.ContextCallback,object,bool)
System.Threading.ExecutionContext:Run (System.Threading.ExecutionContext,System.Threading.ContextCallback,object,bool)
System.Runtime.CompilerServices.AsyncMethodBuilderCore/MoveNextRunner:Run ()
System.Threading.Tasks.AwaitTaskContinuation:InvokeAction (object)
System.Threading.Tasks.AwaitTaskContinuation:RunCallback (System.Threading.ContextCallback,object,System.Threading.Tasks.Task&)
System.Threading.Tasks.SynchronizationContextAwaitTaskContinuation:Run (System.Threading.Tasks.Task,bool)
System.Threading.Tasks.Task:FinishContinuations ()
System.Threading.Tasks.Task:FinishStageThree ()
System.Threading.Tasks.Task`1<bool>:TrySetResult (bool)
System.Threading.Tasks.TaskCompletionSource`1<bool>:TrySetResult (bool)
WakaTime.Plugin/<>c__DisplayClass29_0:<SendHeartbeat>b__0 (UnityEngine.AsyncOperation) (at ./Library/PackageCache/com.daniel-geo.unityhackatime@5ac210a9a2/Editor/Plugin.cs:176)
UnityEngine.AsyncOperation:InvokeCompletionEvent () (at /Users/bokken/build/output/unity/unity/Runtime/Export/Scripting/AsyncOperation.cs:21)

(Filename: ./Library/PackageCache/com.daniel-geo.unityhackatime@5ac210a9a2/Editor/Plugin.cs Line: 203)

Unloading 3682 Unused Serialized files (Serialized files now loaded: 0)
Unloading 47 unused Assets / (1.8 MB). Loaded Objects now: 4404.
Memory consumption went from 509.0 MB to 507.2 MB.
Total: 8.946833 ms (FindLiveObjects: 0.273250 ms CreateObjectMapping: 0.050042 ms MarkObjects: 8.241708 ms  DeleteObjects: 0.381000 ms)

Prepare: number of updated asset objects reloaded= 0
AssetImportParameters requested are different than current active one (requested -> active):
  custom:container-demuxer-ogg: 62fdf1f143b41e24485cea50d1cbac27 -> 
  custom:video-decoder-ogg-theora: a1e56fd34408186e4bbccfd4996cb3dc -> 
  custom:CustomObjectIndexerAttribute: 9a22284fe3817be447336de3de66b15e -> 
  custom:container-demuxer-webm: 4f35f7cbe854078d1ac9338744f61a02 -> 
  custom:container-muxer-webm: aa71ff27fc2769a1b78a27578f13a17b -> 
  custom:video-decoder-webm-vp8: 9c59270c3fd7afecdb556c50c9e8de78 -> 
  custom:SearchIndexIgnoredProperties: e643bd26f0fe6173181afceb89e7c659 -> 
  custom:AudioImporter_EditorPlatform: 3918e3fc78b5a79bad01e8451be0beb8 -> 
  custom:framework-osx-AVFoundation: e770b220cccbd017edd2c1fefb359320 -> 
  custom:video-encoder-webm-vp8: eb34c28f22e8b96e1ab97ce403110664 -> 
  custom:audio-decoder-ogg-vorbis: bf7c407c2cedff20999df2af8eb42d56 -> 
  custom:audio-encoder-webm-vorbis: bf7c407c2cedff20999df2af8eb42d56 -> 
========================================================================
Received Prepare
Begin MonoManager ReloadAssembly
Thread 0x16d8bb000 may have been prematurely finalized
- Loaded All Assemblies, in  0.461 seconds
Refreshing native plugins compatible for Editor in 2.03 ms, found 3 plugins.
Native extension for OSXStandalone target not found
<HackaTime> Initializing...
UnityEngine.StackTraceUtility:ExtractStackTrace () (at /Users/bokken/build/output/unity/unity/Runtime/Export/Scripting/StackTrace.cs:37)
UnityEngine.DebugLogHandler:LogFormat (UnityEngine.LogType,UnityEngine.Object,string,object[])
UnityEngine.Logger:Log (UnityEngine.LogType,object)
UnityEngine.Debug:Log (object)
WakaTime.Plugin:Initialize () (at ./Library/PackageCache/com.daniel-geo.unityhackatime@5ac210a9a2/Editor/Plugin.cs:76)
WakaTime.Plugin:.cctor () (at ./Library/PackageCache/com.daniel-geo.unityhackatime@5ac210a9a2/Editor/Plugin.cs:41)
System.Runtime.CompilerServices.RuntimeHelpers:RunClassConstructor (System.RuntimeTypeHandle)
UnityEditor.EditorAssemblies:ProcessInitializeOnLoadAttributes (System.Type[]) (at /Users/bokken/build/output/unity/unity/Editor/Mono/EditorAssemblies.cs:119)

(Filename: ./Library/PackageCache/com.daniel-geo.unityhackatime@5ac210a9a2/Editor/Plugin.cs Line: 76)

<HackaTime> Sending heartbeat...
UnityEngine.StackTraceUtility:ExtractStackTrace () (at /Users/bokken/build/output/unity/unity/Runtime/Export/Scripting/StackTrace.cs:37)
UnityEngine.DebugLogHandler:LogFormat (UnityEngine.LogType,UnityEngine.Object,string,object[])
UnityEngine.Logger:Log (UnityEngine.LogType,object)
UnityEngine.Debug:Log (object)
WakaTime.Plugin/<SendHeartbeat>d__29:MoveNext () (at ./Library/PackageCache/com.daniel-geo.unityhackatime@5ac210a9a2/Editor/Plugin.cs:144)
System.Runtime.CompilerServices.AsyncVoidMethodBuilder:Start<WakaTime.Plugin/<SendHeartbeat>d__29> (WakaTime.Plugin/<SendHeartbeat>d__29&)
WakaTime.Plugin:SendHeartbeat (bool)
WakaTime.Plugin:Initialize () (at ./Library/PackageCache/com.daniel-geo.unityhackatime@5ac210a9a2/Editor/Plugin.cs:78)
WakaTime.Plugin:.cctor () (at ./Library/PackageCache/com.daniel-geo.unityhackatime@5ac210a9a2/Editor/Plugin.cs:41)
System.Runtime.CompilerServices.RuntimeHelpers:RunClassConstructor (System.RuntimeTypeHandle)
UnityEditor.EditorAssemblies:ProcessInitializeOnLoadAttributes (System.Type[]) (at /Users/bokken/build/output/unity/unity/Editor/Mono/EditorAssemblies.cs:119)

(Filename: ./Library/PackageCache/com.daniel-geo.unityhackatime@5ac210a9a2/Editor/Plugin.cs Line: 144)

Mono: successfully reloaded assembly
- Finished resetting the current domain, in  0.771 seconds
Domain Reload Profiling: 1233ms
	BeginReloadAssembly (145ms)
		ExecutionOrderSort (0ms)
		DisableScriptedObjects (4ms)
		BackupInstance (0ms)
		ReleaseScriptingObjects (0ms)
		CreateAndSetChildDomain (53ms)
	RebuildCommonClasses (26ms)
	RebuildNativeTypeToScriptingClass (9ms)
	initialDomainReloadingComplete (26ms)
	LoadAllAssembliesAndSetupDomain (254ms)
		LoadAssemblies (295ms)
		RebuildTransferFunctionScriptingTraits (0ms)
		AnalyzeDomain (20ms)
			TypeCache.Refresh (13ms)
				TypeCache.ScanAssembly (0ms)
			ScanForSourceGeneratedMonoScriptInfo (0ms)
			ResolveRequiredComponents (5ms)
	FinalizeReload (771ms)
		ReleaseScriptCaches (0ms)
		RebuildScriptCaches (0ms)
		SetupLoadedEditorAssemblies (385ms)
			LogAssemblyErrors (0ms)
			InitializePlatformSupportModulesInManaged (4ms)
			SetLoadedEditorAssemblies (2ms)
			RefreshPlugins (0ms)
			BeforeProcessingInitializeOnLoad (37ms)
			ProcessInitializeOnLoadAttributes (329ms)
			ProcessInitializeOnLoadMethodAttributes (13ms)
			AfterProcessingInitializeOnLoad (1ms)
			EditorAssembliesLoaded (0ms)
		ExecutionOrderSort2 (0ms)
		AwakeInstancesAfterBackupRestoration (3ms)
Refreshing native plugins compatible for Editor in 1.90 ms, found 3 plugins.
Preloading 0 native plugins for Editor in 0.00 ms.
Unloading 3682 Unused Serialized files (Serialized files now loaded: 0)
Unloading 47 unused Assets / (1.8 MB). Loaded Objects now: 4408.
Memory consumption went from 0.50 GB to 0.50 GB.
Total: 4.305375 ms (FindLiveObjects: 0.191500 ms CreateObjectMapping: 0.054250 ms MarkObjects: 3.676875 ms  DeleteObjects: 0.381292 ms)

Prepare: number of updated asset objects reloaded= 0
AssetImportParameters requested are different than current active one (requested -> active):
  custom:container-demuxer-ogg: 62fdf1f143b41e24485cea50d1cbac27 -> 
  custom:video-decoder-ogg-theora: a1e56fd34408186e4bbccfd4996cb3dc -> 
  custom:CustomObjectIndexerAttribute: 9a22284fe3817be447336de3de66b15e -> 
  custom:container-demuxer-webm: 4f35f7cbe854078d1ac9338744f61a02 -> 
  custom:container-muxer-webm: aa71ff27fc2769a1b78a27578f13a17b -> 
  custom:video-decoder-webm-vp8: 9c59270c3fd7afecdb556c50c9e8de78 -> 
  custom:SearchIndexIgnoredProperties: e643bd26f0fe6173181afceb89e7c659 -> 
  custom:AudioImporter_EditorPlatform: 3918e3fc78b5a79bad01e8451be0beb8 -> 
  custom:framework-osx-AVFoundation: e770b220cccbd017edd2c1fefb359320 -> 
  custom:video-encoder-webm-vp8: eb34c28f22e8b96e1ab97ce403110664 -> 
  custom:audio-decoder-ogg-vorbis: bf7c407c2cedff20999df2af8eb42d56 -> 
  custom:audio-encoder-webm-vorbis: bf7c407c2cedff20999df2af8eb42d56 -> 
========================================================================
Received Prepare
Begin MonoManager ReloadAssembly
Thread 0x16d8bb000 may have been prematurely finalized
- Loaded All Assemblies, in  0.477 seconds
Refreshing native plugins compatible for Editor in 2.75 ms, found 3 plugins.
Native extension for OSXStandalone target not found
<HackaTime> Initializing...
UnityEngine.StackTraceUtility:ExtractStackTrace () (at /Users/bokken/build/output/unity/unity/Runtime/Export/Scripting/StackTrace.cs:37)
UnityEngine.DebugLogHandler:LogFormat (UnityEngine.LogType,UnityEngine.Object,string,object[])
UnityEngine.Logger:Log (UnityEngine.LogType,object)
UnityEngine.Debug:Log (object)
WakaTime.Plugin:Initialize () (at ./Library/PackageCache/com.daniel-geo.unityhackatime@5ac210a9a2/Editor/Plugin.cs:76)
WakaTime.Plugin:.cctor () (at ./Library/PackageCache/com.daniel-geo.unityhackatime@5ac210a9a2/Editor/Plugin.cs:41)
System.Runtime.CompilerServices.RuntimeHelpers:RunClassConstructor (System.RuntimeTypeHandle)
UnityEditor.EditorAssemblies:ProcessInitializeOnLoadAttributes (System.Type[]) (at /Users/bokken/build/output/unity/unity/Editor/Mono/EditorAssemblies.cs:119)

(Filename: ./Library/PackageCache/com.daniel-geo.unityhackatime@5ac210a9a2/Editor/Plugin.cs Line: 76)

<HackaTime> Sending heartbeat...
UnityEngine.StackTraceUtility:ExtractStackTrace () (at /Users/bokken/build/output/unity/unity/Runtime/Export/Scripting/StackTrace.cs:37)
UnityEngine.DebugLogHandler:LogFormat (UnityEngine.LogType,UnityEngine.Object,string,object[])
UnityEngine.Logger:Log (UnityEngine.LogType,object)
UnityEngine.Debug:Log (object)
WakaTime.Plugin/<SendHeartbeat>d__29:MoveNext () (at ./Library/PackageCache/com.daniel-geo.unityhackatime@5ac210a9a2/Editor/Plugin.cs:144)
System.Runtime.CompilerServices.AsyncVoidMethodBuilder:Start<WakaTime.Plugin/<SendHeartbeat>d__29> (WakaTime.Plugin/<SendHeartbeat>d__29&)
WakaTime.Plugin:SendHeartbeat (bool)
WakaTime.Plugin:Initialize () (at ./Library/PackageCache/com.daniel-geo.unityhackatime@5ac210a9a2/Editor/Plugin.cs:78)
WakaTime.Plugin:.cctor () (at ./Library/PackageCache/com.daniel-geo.unityhackatime@5ac210a9a2/Editor/Plugin.cs:41)
System.Runtime.CompilerServices.RuntimeHelpers:RunClassConstructor (System.RuntimeTypeHandle)
UnityEditor.EditorAssemblies:ProcessInitializeOnLoadAttributes (System.Type[]) (at /Users/bokken/build/output/unity/unity/Editor/Mono/EditorAssemblies.cs:119)

(Filename: ./Library/PackageCache/com.daniel-geo.unityhackatime@5ac210a9a2/Editor/Plugin.cs Line: 144)

Mono: successfully reloaded assembly
- Finished resetting the current domain, in  1.348 seconds
Domain Reload Profiling: 1825ms
	BeginReloadAssembly (142ms)
		ExecutionOrderSort (0ms)
		DisableScriptedObjects (4ms)
		BackupInstance (0ms)
		ReleaseScriptingObjects (0ms)
		CreateAndSetChildDomain (53ms)
	RebuildCommonClasses (26ms)
	RebuildNativeTypeToScriptingClass (10ms)
	initialDomainReloadingComplete (26ms)
	LoadAllAssembliesAndSetupDomain (273ms)
		LoadAssemblies (292ms)
		RebuildTransferFunctionScriptingTraits (0ms)
		AnalyzeDomain (41ms)
			TypeCache.Refresh (28ms)
				TypeCache.ScanAssembly (1ms)
			ScanForSourceGeneratedMonoScriptInfo (7ms)
			ResolveRequiredComponents (5ms)
	FinalizeReload (1348ms)
		ReleaseScriptCaches (0ms)
		RebuildScriptCaches (0ms)
		SetupLoadedEditorAssemblies (390ms)
			LogAssemblyErrors (0ms)
			InitializePlatformSupportModulesInManaged (3ms)
			SetLoadedEditorAssemblies (4ms)
			RefreshPlugins (0ms)
			BeforeProcessingInitializeOnLoad (45ms)
			ProcessInitializeOnLoadAttributes (326ms)
			ProcessInitializeOnLoadMethodAttributes (11ms)
			AfterProcessingInitializeOnLoad (1ms)
			EditorAssembliesLoaded (0ms)
		ExecutionOrderSort2 (0ms)
		AwakeInstancesAfterBackupRestoration (2ms)
Refreshing native plugins compatible for Editor in 6.10 ms, found 3 plugins.
Preloading 0 native plugins for Editor in 0.00 ms.
Release of invalid GC handle. The handle is from a previous domain. The release operation is skipped.
Release of invalid GC handle native callstack: 
 #0 GetStacktrace(int)
 #1 ScriptingGCHandle::Release() const
 #2 ScriptingGCHandle::ReleaseAndClear()
 #3 UploadHandlerRaw::~UploadHandlerRaw()
 #4 UploadHandler::Release()
 #5 UnityWebRequestProto<UnityWebRequestTransport, AtomicRefCounter, RedirectHelper, ResponseHelper, DownloadHandler, UploadHandler, CertificateHandler, HeaderHelper, AsyncOperation>::~UnityWebRequestProto()
 #6 UnityWebRequestAsyncOperation::InvokeCoroutine()
 #7 UnityWebRequestProto<UnityWebRequestTransport, AtomicRefCounter, RedirectHelper, ResponseHelper, DownloadHandler, UploadHandler, CertificateHandler, HeaderHelper, AsyncOperation>::Job_InvokeCoroutine(AsyncOperation*)
 #8 BackgroundJobQueue::ExecuteMainThreadJobs()
 #9 PreloadManager::WaitForAllAsyncOperationsToComplete()
 #10 UnloadUnusedAssetsImmediate(bool, bool)
 #11 invocation function for block in AssetImportWorkerClient::HandleMessage(PrepareMessage const&)::$_4::operator()() const
 #12 _dispatch_client_callout
 #13 _dispatch_async_and_wait_invoke
 #14 _dispatch_client_callout
 #15 _dispatch_main_queue_drain.cold.6
 #16 _dispatch_main_queue_drain
 #17 _dispatch_main_queue_callback_4CF
 #18 __CFRUNLOOP_IS_SERVICING_THE_MAIN_DISPATCH_QUEUE__
 #19 __CFRunLoopRun
 #20 _CFRunLoopRunSpecificWithOptions
 #21 RunCurrentEventLoopInMode
 #22 ReceiveNextEventCommon
 #23 _BlockUntilNextEventMatchingListInMode
 #24 _DPSBlockUntilNextEventMatchingListInMode
 #25 _DPSNextEvent
 #26 -[NSApplication(NSEventRouting) _nextEventMatchingEventMask:untilDate:inMode:dequeue:]
 #27 -[NSApplication(NSEventRouting) nextEventMatchingMask:untilDate:inMode:dequeue:]
 #28 -[NSApplication run]
 #29 NSApplicationMain
 #30 EditorMain(int, char const**)
 #31 main
 #32 start
Unloading 3682 Unused Serialized files (Serialized files now loaded: 0)
Unloading 47 unused Assets / (1.8 MB). Loaded Objects now: 4412.
Memory consumption went from 0.51 GB to 0.51 GB.
Total: 3.372083 ms (FindLiveObjects: 0.183542 ms CreateObjectMapping: 0.053583 ms MarkObjects: 2.849000 ms  DeleteObjects: 0.284458 ms)

Prepare: number of updated asset objects reloaded= 0
AssetImportParameters requested are different than current active one (requested -> active):
  custom:container-demuxer-ogg: 62fdf1f143b41e24485cea50d1cbac27 -> 
  custom:video-decoder-ogg-theora: a1e56fd34408186e4bbccfd4996cb3dc -> 
  custom:CustomObjectIndexerAttribute: 9a22284fe3817be447336de3de66b15e -> 
  custom:container-demuxer-webm: 4f35f7cbe854078d1ac9338744f61a02 -> 
  custom:container-muxer-webm: aa71ff27fc2769a1b78a27578f13a17b -> 
  custom:video-decoder-webm-vp8: 9c59270c3fd7afecdb556c50c9e8de78 -> 
  custom:SearchIndexIgnoredProperties: e643bd26f0fe6173181afceb89e7c659 -> 
  custom:AudioImporter_EditorPlatform: 3918e3fc78b5a79bad01e8451be0beb8 -> 
  custom:framework-osx-AVFoundation: e770b220cccbd017edd2c1fefb359320 -> 
  custom:video-encoder-webm-vp8: eb34c28f22e8b96e1ab97ce403110664 -> 
  custom:audio-decoder-ogg-vorbis: bf7c407c2cedff20999df2af8eb42d56 -> 
  custom:audio-encoder-webm-vorbis: bf7c407c2cedff20999df2af8eb42d56 -> 
========================================================================
Received Prepare
Begin MonoManager ReloadAssembly
Thread 0x16d8bb000 may have been prematurely finalized
Curl error 42: Callback aborted
- Loaded All Assemblies, in  0.470 seconds
Refreshing native plugins compatible for Editor in 3.93 ms, found 3 plugins.
Native extension for OSXStandalone target not found
<HackaTime> Initializing...
UnityEngine.StackTraceUtility:ExtractStackTrace () (at /Users/bokken/build/output/unity/unity/Runtime/Export/Scripting/StackTrace.cs:37)
UnityEngine.DebugLogHandler:LogFormat (UnityEngine.LogType,UnityEngine.Object,string,object[])
UnityEngine.Logger:Log (UnityEngine.LogType,object)
UnityEngine.Debug:Log (object)
WakaTime.Plugin:Initialize () (at ./Library/PackageCache/com.daniel-geo.unityhackatime@5ac210a9a2/Editor/Plugin.cs:76)
WakaTime.Plugin:.cctor () (at ./Library/PackageCache/com.daniel-geo.unityhackatime@5ac210a9a2/Editor/Plugin.cs:41)
System.Runtime.CompilerServices.RuntimeHelpers:RunClassConstructor (System.RuntimeTypeHandle)
UnityEditor.EditorAssemblies:ProcessInitializeOnLoadAttributes (System.Type[]) (at /Users/bokken/build/output/unity/unity/Editor/Mono/EditorAssemblies.cs:119)

(Filename: ./Library/PackageCache/com.daniel-geo.unityhackatime@5ac210a9a2/Editor/Plugin.cs Line: 76)

<HackaTime> Sending heartbeat...
UnityEngine.StackTraceUtility:ExtractStackTrace () (at /Users/bokken/build/output/unity/unity/Runtime/Export/Scripting/StackTrace.cs:37)
UnityEngine.DebugLogHandler:LogFormat (UnityEngine.LogType,UnityEngine.Object,string,object[])
UnityEngine.Logger:Log (UnityEngine.LogType,object)
UnityEngine.Debug:Log (object)
WakaTime.Plugin/<SendHeartbeat>d__29:MoveNext () (at ./Library/PackageCache/com.daniel-geo.unityhackatime@5ac210a9a2/Editor/Plugin.cs:144)
System.Runtime.CompilerServices.AsyncVoidMethodBuilder:Start<WakaTime.Plugin/<SendHeartbeat>d__29> (WakaTime.Plugin/<SendHeartbeat>d__29&)
WakaTime.Plugin:SendHeartbeat (bool)
WakaTime.Plugin:Initialize () (at ./Library/PackageCache/com.daniel-geo.unityhackatime@5ac210a9a2/Editor/Plugin.cs:78)
WakaTime.Plugin:.cctor () (at ./Library/PackageCache/com.daniel-geo.unityhackatime@5ac210a9a2/Editor/Plugin.cs:41)
System.Runtime.CompilerServices.RuntimeHelpers:RunClassConstructor (System.RuntimeTypeHandle)
UnityEditor.EditorAssemblies:ProcessInitializeOnLoadAttributes (System.Type[]) (at /Users/bokken/build/output/unity/unity/Editor/Mono/EditorAssemblies.cs:119)

(Filename: ./Library/PackageCache/com.daniel-geo.unityhackatime@5ac210a9a2/Editor/Plugin.cs Line: 144)

Mono: successfully reloaded assembly
- Finished resetting the current domain, in  0.816 seconds
Domain Reload Profiling: 1289ms
	BeginReloadAssembly (111ms)
		ExecutionOrderSort (0ms)
		DisableScriptedObjects (3ms)
		BackupInstance (0ms)
		ReleaseScriptingObjects (0ms)
		CreateAndSetChildDomain (35ms)
	RebuildCommonClasses (29ms)
	RebuildNativeTypeToScriptingClass (9ms)
	initialDomainReloadingComplete (32ms)
	LoadAllAssembliesAndSetupDomain (291ms)
		LoadAssemblies (306ms)
		RebuildTransferFunctionScriptingTraits (0ms)
		AnalyzeDomain (30ms)
			TypeCache.Refresh (22ms)
				TypeCache.ScanAssembly (0ms)
			ScanForSourceGeneratedMonoScriptInfo (0ms)
			ResolveRequiredComponents (6ms)
	FinalizeReload (816ms)
		ReleaseScriptCaches (0ms)
		RebuildScriptCaches (0ms)
		SetupLoadedEditorAssemblies (426ms)
			LogAssemblyErrors (0ms)
			InitializePlatformSupportModulesInManaged (5ms)
			SetLoadedEditorAssemblies (4ms)
			RefreshPlugins (0ms)
			BeforeProcessingInitializeOnLoad (40ms)
			ProcessInitializeOnLoadAttributes (364ms)
			ProcessInitializeOnLoadMethodAttributes (12ms)
			AfterProcessingInitializeOnLoad (1ms)
			EditorAssembliesLoaded (0ms)
		ExecutionOrderSort2 (0ms)
		AwakeInstancesAfterBackupRestoration (3ms)
Refreshing native plugins compatible for Editor in 2.09 ms, found 3 plugins.
Preloading 0 native plugins for Editor in 0.00 ms.
Release of invalid GC handle. The handle is from a previous domain. The release operation is skipped.
Release of invalid GC handle native callstack: 
 #0 GetStacktrace(int)
 #1 ScriptingGCHandle::Release() const
 #2 ScriptingGCHandle::ReleaseAndClear()
 #3 UploadHandlerRaw::~UploadHandlerRaw()
 #4 UploadHandler::Release()
 #5 UnityWebRequestProto<UnityWebRequestTransport, AtomicRefCounter, RedirectHelper, ResponseHelper, DownloadHandler, UploadHandler, CertificateHandler, HeaderHelper, AsyncOperation>::~UnityWebRequestProto()
 #6 UnityWebRequestAsyncOperation::InvokeCoroutine()
 #7 UnityWebRequestProto<UnityWebRequestTransport, AtomicRefCounter, RedirectHelper, ResponseHelper, DownloadHandler, UploadHandler, CertificateHandler, HeaderHelper, AsyncOperation>::Job_InvokeCoroutine(AsyncOperation*)
 #8 BackgroundJobQueue::ExecuteMainThreadJobs()
 #9 PreloadManager::WaitForAllAsyncOperationsToComplete()
 #10 UnloadUnusedAssetsImmediate(bool, bool)
 #11 invocation function for block in AssetImportWorkerClient::HandleMessage(PrepareMessage const&)::$_4::operator()() const
 #12 _dispatch_client_callout
 #13 _dispatch_async_and_wait_invoke
 #14 _dispatch_client_callout
 #15 _dispatch_main_queue_drain.cold.6
 #16 _dispatch_main_queue_drain
 #17 _dispatch_main_queue_callback_4CF
 #18 __CFRUNLOOP_IS_SERVICING_THE_MAIN_DISPATCH_QUEUE__
 #19 __CFRunLoopRun
 #20 _CFRunLoopRunSpecificWithOptions
 #21 RunCurrentEventLoopInMode
 #22 ReceiveNextEventCommon
 #23 _BlockUntilNextEventMatchingListInMode
 #24 _DPSBlockUntilNextEventMatchingListInMode
 #25 _DPSNextEvent
 #26 -[NSApplication(NSEventRouting) _nextEventMatchingEventMask:untilDate:inMode:dequeue:]
 #27 -[NSApplication(NSEventRouting) nextEventMatchingMask:untilDate:inMode:dequeue:]
 #28 -[NSApplication run]
 #29 NSApplicationMain
 #30 EditorMain(int, char const**)
 #31 main
 #32 start
Unloading 3682 Unused Serialized files (Serialized files now loaded: 0)
Unloading 47 unused Assets / (1.8 MB). Loaded Objects now: 4416.
Memory consumption went from 0.52 GB to 0.52 GB.
Total: 3.971667 ms (FindLiveObjects: 0.158459 ms CreateObjectMapping: 0.051250 ms MarkObjects: 3.366708 ms  DeleteObjects: 0.394625 ms)

Prepare: number of updated asset objects reloaded= 0
AssetImportParameters requested are different than current active one (requested -> active):
  custom:container-demuxer-ogg: 62fdf1f143b41e24485cea50d1cbac27 -> 
  custom:video-decoder-ogg-theora: a1e56fd34408186e4bbccfd4996cb3dc -> 
  custom:CustomObjectIndexerAttribute: 9a22284fe3817be447336de3de66b15e -> 
  custom:container-demuxer-webm: 4f35f7cbe854078d1ac9338744f61a02 -> 
  custom:container-muxer-webm: aa71ff27fc2769a1b78a27578f13a17b -> 
  custom:video-decoder-webm-vp8: 9c59270c3fd7afecdb556c50c9e8de78 -> 
  custom:SearchIndexIgnoredProperties: e643bd26f0fe6173181afceb89e7c659 -> 
  custom:AudioImporter_EditorPlatform: 3918e3fc78b5a79bad01e8451be0beb8 -> 
  custom:framework-osx-AVFoundation: e770b220cccbd017edd2c1fefb359320 -> 
  custom:video-encoder-webm-vp8: eb34c28f22e8b96e1ab97ce403110664 -> 
  custom:audio-decoder-ogg-vorbis: bf7c407c2cedff20999df2af8eb42d56 -> 
  custom:audio-encoder-webm-vorbis: bf7c407c2cedff20999df2af8eb42d56 -> 
========================================================================
Received Prepare
Begin MonoManager ReloadAssembly
Thread 0x16d8bb000 may have been prematurely finalized
- Loaded All Assemblies, in  0.627 seconds
Refreshing native plugins compatible for Editor in 3.08 ms, found 3 plugins.
Native extension for OSXStandalone target not found
<HackaTime> Initializing...
UnityEngine.StackTraceUtility:ExtractStackTrace () (at /Users/bokken/build/output/unity/unity/Runtime/Export/Scripting/StackTrace.cs:37)
UnityEngine.DebugLogHandler:LogFormat (UnityEngine.LogType,UnityEngine.Object,string,object[])
UnityEngine.Logger:Log (UnityEngine.LogType,object)
UnityEngine.Debug:Log (object)
WakaTime.Plugin:Initialize () (at ./Library/PackageCache/com.daniel-geo.unityhackatime@5ac210a9a2/Editor/Plugin.cs:76)
WakaTime.Plugin:.cctor () (at ./Library/PackageCache/com.daniel-geo.unityhackatime@5ac210a9a2/Editor/Plugin.cs:41)
System.Runtime.CompilerServices.RuntimeHelpers:RunClassConstructor (System.RuntimeTypeHandle)
UnityEditor.EditorAssemblies:ProcessInitializeOnLoadAttributes (System.Type[]) (at /Users/bokken/build/output/unity/unity/Editor/Mono/EditorAssemblies.cs:119)

(Filename: ./Library/PackageCache/com.daniel-geo.unityhackatime@5ac210a9a2/Editor/Plugin.cs Line: 76)

<HackaTime> Sending heartbeat...
UnityEngine.StackTraceUtility:ExtractStackTrace () (at /Users/bokken/build/output/unity/unity/Runtime/Export/Scripting/StackTrace.cs:37)
UnityEngine.DebugLogHandler:LogFormat (UnityEngine.LogType,UnityEngine.Object,string,object[])
UnityEngine.Logger:Log (UnityEngine.LogType,object)
UnityEngine.Debug:Log (object)
WakaTime.Plugin/<SendHeartbeat>d__29:MoveNext () (at ./Library/PackageCache/com.daniel-geo.unityhackatime@5ac210a9a2/Editor/Plugin.cs:144)
System.Runtime.CompilerServices.AsyncVoidMethodBuilder:Start<WakaTime.Plugin/<SendHeartbeat>d__29> (WakaTime.Plugin/<SendHeartbeat>d__29&)
WakaTime.Plugin:SendHeartbeat (bool)
WakaTime.Plugin:Initialize () (at ./Library/PackageCache/com.daniel-geo.unityhackatime@5ac210a9a2/Editor/Plugin.cs:78)
WakaTime.Plugin:.cctor () (at ./Library/PackageCache/com.daniel-geo.unityhackatime@5ac210a9a2/Editor/Plugin.cs:41)
System.Runtime.CompilerServices.RuntimeHelpers:RunClassConstructor (System.RuntimeTypeHandle)
UnityEditor.EditorAssemblies:ProcessInitializeOnLoadAttributes (System.Type[]) (at /Users/bokken/build/output/unity/unity/Editor/Mono/EditorAssemblies.cs:119)

(Filename: ./Library/PackageCache/com.daniel-geo.unityhackatime@5ac210a9a2/Editor/Plugin.cs Line: 144)

Mono: successfully reloaded assembly
- Finished resetting the current domain, in  1.397 seconds
Domain Reload Profiling: 2026ms
	BeginReloadAssembly (212ms)
		ExecutionOrderSort (0ms)
		DisableScriptedObjects (6ms)
		BackupInstance (0ms)
		ReleaseScriptingObjects (0ms)
		CreateAndSetChildDomain (84ms)
	RebuildCommonClasses (27ms)
	RebuildNativeTypeToScriptingClass (9ms)
	initialDomainReloadingComplete (22ms)
	LoadAllAssembliesAndSetupDomain (359ms)
		LoadAssemblies (415ms)
		RebuildTransferFunctionScriptingTraits (0ms)
		AnalyzeDomain (34ms)
			TypeCache.Refresh (20ms)
				TypeCache.ScanAssembly (1ms)
			ScanForSourceGeneratedMonoScriptInfo (6ms)
			ResolveRequiredComponents (5ms)
	FinalizeReload (1397ms)
		ReleaseScriptCaches (0ms)
		RebuildScriptCaches (0ms)
		SetupLoadedEditorAssemblies (428ms)
			LogAssemblyErrors (0ms)
			InitializePlatformSupportModulesInManaged (3ms)
			SetLoadedEditorAssemblies (2ms)
			RefreshPlugins (0ms)
			BeforeProcessingInitializeOnLoad (45ms)
			ProcessInitializeOnLoadAttributes (365ms)
			ProcessInitializeOnLoadMethodAttributes (12ms)
			AfterProcessingInitializeOnLoad (1ms)
			EditorAssembliesLoaded (0ms)
		ExecutionOrderSort2 (0ms)
		AwakeInstancesAfterBackupRestoration (3ms)
Refreshing native plugins compatible for Editor in 2.77 ms, found 3 plugins.
Preloading 0 native plugins for Editor in 0.00 ms.
Release of invalid GC handle. The handle is from a previous domain. The release operation is skipped.
Release of invalid GC handle native callstack: 
 #0 GetStacktrace(int)
 #1 ScriptingGCHandle::Release() const
 #2 ScriptingGCHandle::ReleaseAndClear()
 #3 UploadHandlerRaw::~UploadHandlerRaw()
 #4 UploadHandler::Release()
 #5 UnityWebRequestProto<UnityWebRequestTransport, AtomicRefCounter, RedirectHelper, ResponseHelper, DownloadHandler, UploadHandler, CertificateHandler, HeaderHelper, AsyncOperation>::~UnityWebRequestProto()
 #6 UnityWebRequestAsyncOperation::InvokeCoroutine()
 #7 UnityWebRequestProto<UnityWebRequestTransport, AtomicRefCounter, RedirectHelper, ResponseHelper, DownloadHandler, UploadHandler, CertificateHandler, HeaderHelper, AsyncOperation>::Job_InvokeCoroutine(AsyncOperation*)
 #8 BackgroundJobQueue::ExecuteMainThreadJobs()
 #9 PreloadManager::WaitForAllAsyncOperationsToComplete()
 #10 UnloadUnusedAssetsImmediate(bool, bool)
 #11 invocation function for block in AssetImportWorkerClient::HandleMessage(PrepareMessage const&)::$_4::operator()() const
 #12 _dispatch_client_callout
 #13 _dispatch_async_and_wait_invoke
 #14 _dispatch_client_callout
 #15 _dispatch_main_queue_drain.cold.6
 #16 _dispatch_main_queue_drain
 #17 _dispatch_main_queue_callback_4CF
 #18 __CFRUNLOOP_IS_SERVICING_THE_MAIN_DISPATCH_QUEUE__
 #19 __CFRunLoopRun
 #20 _CFRunLoopRunSpecificWithOptions
 #21 RunCurrentEventLoopInMode
 #22 ReceiveNextEventCommon
 #23 _BlockUntilNextEventMatchingListInMode
 #24 _DPSBlockUntilNextEventMatchingListInMode
 #25 _DPSNextEvent
 #26 -[NSApplication(NSEventRouting) _nextEventMatchingEventMask:untilDate:inMode:dequeue:]
 #27 -[NSApplication(NSEventRouting) nextEventMatchingMask:untilDate:inMode:dequeue:]
 #28 -[NSApplication run]
 #29 NSApplicationMain
 #30 EditorMain(int, char const**)
 #31 main
 #32 start
Unloading 3682 Unused Serialized files (Serialized files now loaded: 0)
Unloading 47 unused Assets / (1.8 MB). Loaded Objects now: 4420.
Memory consumption went from 0.52 GB to 0.52 GB.
Total: 3.655042 ms (FindLiveObjects: 0.169416 ms CreateObjectMapping: 0.049959 ms MarkObjects: 3.218458 ms  DeleteObjects: 0.216667 ms)

Prepare: number of updated asset objects reloaded= 0
AssetImportParameters requested are different than current active one (requested -> active):
  custom:container-demuxer-ogg: 62fdf1f143b41e24485cea50d1cbac27 -> 
  custom:video-decoder-ogg-theora: a1e56fd34408186e4bbccfd4996cb3dc -> 
  custom:CustomObjectIndexerAttribute: 9a22284fe3817be447336de3de66b15e -> 
  custom:container-demuxer-webm: 4f35f7cbe854078d1ac9338744f61a02 -> 
  custom:container-muxer-webm: aa71ff27fc2769a1b78a27578f13a17b -> 
  custom:video-decoder-webm-vp8: 9c59270c3fd7afecdb556c50c9e8de78 -> 
  custom:SearchIndexIgnoredProperties: e643bd26f0fe6173181afceb89e7c659 -> 
  custom:AudioImporter_EditorPlatform: 3918e3fc78b5a79bad01e8451be0beb8 -> 
  custom:framework-osx-AVFoundation: e770b220cccbd017edd2c1fefb359320 -> 
  custom:video-encoder-webm-vp8: eb34c28f22e8b96e1ab97ce403110664 -> 
  custom:audio-decoder-ogg-vorbis: bf7c407c2cedff20999df2af8eb42d56 -> 
  custom:audio-encoder-webm-vorbis: bf7c407c2cedff20999df2af8eb42d56 -> 
========================================================================
Received Prepare
Begin MonoManager ReloadAssembly
Thread 0x31b8c7000 may have been prematurely finalized
Curl error 23: Failed writing header
- Loaded All Assemblies, in  0.869 seconds
Refreshing native plugins compatible for Editor in 2.58 ms, found 3 plugins.
Native extension for OSXStandalone target not found
<HackaTime> Initializing...
UnityEngine.StackTraceUtility:ExtractStackTrace () (at /Users/bokken/build/output/unity/unity/Runtime/Export/Scripting/StackTrace.cs:37)
UnityEngine.DebugLogHandler:LogFormat (UnityEngine.LogType,UnityEngine.Object,string,object[])
UnityEngine.Logger:Log (UnityEngine.LogType,object)
UnityEngine.Debug:Log (object)
WakaTime.Plugin:Initialize () (at ./Library/PackageCache/com.daniel-geo.unityhackatime@5ac210a9a2/Editor/Plugin.cs:76)
WakaTime.Plugin:.cctor () (at ./Library/PackageCache/com.daniel-geo.unityhackatime@5ac210a9a2/Editor/Plugin.cs:41)
System.Runtime.CompilerServices.RuntimeHelpers:RunClassConstructor (System.RuntimeTypeHandle)
UnityEditor.EditorAssemblies:ProcessInitializeOnLoadAttributes (System.Type[]) (at /Users/bokken/build/output/unity/unity/Editor/Mono/EditorAssemblies.cs:119)

(Filename: ./Library/PackageCache/com.daniel-geo.unityhackatime@5ac210a9a2/Editor/Plugin.cs Line: 76)

<HackaTime> Sending heartbeat...
UnityEngine.StackTraceUtility:ExtractStackTrace () (at /Users/bokken/build/output/unity/unity/Runtime/Export/Scripting/StackTrace.cs:37)
UnityEngine.DebugLogHandler:LogFormat (UnityEngine.LogType,UnityEngine.Object,string,object[])
UnityEngine.Logger:Log (UnityEngine.LogType,object)
UnityEngine.Debug:Log (object)
WakaTime.Plugin/<SendHeartbeat>d__29:MoveNext () (at ./Library/PackageCache/com.daniel-geo.unityhackatime@5ac210a9a2/Editor/Plugin.cs:144)
System.Runtime.CompilerServices.AsyncVoidMethodBuilder:Start<WakaTime.Plugin/<SendHeartbeat>d__29> (WakaTime.Plugin/<SendHeartbeat>d__29&)
WakaTime.Plugin:SendHeartbeat (bool)
WakaTime.Plugin:Initialize () (at ./Library/PackageCache/com.daniel-geo.unityhackatime@5ac210a9a2/Editor/Plugin.cs:78)
WakaTime.Plugin:.cctor () (at ./Library/PackageCache/com.daniel-geo.unityhackatime@5ac210a9a2/Editor/Plugin.cs:41)
System.Runtime.CompilerServices.RuntimeHelpers:RunClassConstructor (System.RuntimeTypeHandle)
UnityEditor.EditorAssemblies:ProcessInitializeOnLoadAttributes (System.Type[]) (at /Users/bokken/build/output/unity/unity/Editor/Mono/EditorAssemblies.cs:119)

(Filename: ./Library/PackageCache/com.daniel-geo.unityhackatime@5ac210a9a2/Editor/Plugin.cs Line: 144)

Mono: successfully reloaded assembly
- Finished resetting the current domain, in  1.207 seconds
Domain Reload Profiling: 2080ms
	BeginReloadAssembly (236ms)
		ExecutionOrderSort (0ms)
		DisableScriptedObjects (8ms)
		BackupInstance (0ms)
		ReleaseScriptingObjects (0ms)
		CreateAndSetChildDomain (66ms)
	RebuildCommonClasses (32ms)
	RebuildNativeTypeToScriptingClass (10ms)
	initialDomainReloadingComplete (70ms)
	LoadAllAssembliesAndSetupDomain (526ms)
		LoadAssemblies (583ms)
		RebuildTransferFunctionScriptingTraits (0ms)
		AnalyzeDomain (34ms)
			TypeCache.Refresh (23ms)
				TypeCache.ScanAssembly (0ms)
			ScanForSourceGeneratedMonoScriptInfo (2ms)
			ResolveRequiredComponents (7ms)
	FinalizeReload (1207ms)
		ReleaseScriptCaches (0ms)
		RebuildScriptCaches (0ms)
		SetupLoadedEditorAssemblies (403ms)
			LogAssemblyErrors (0ms)
			InitializePlatformSupportModulesInManaged (4ms)
			SetLoadedEditorAssemblies (3ms)
			RefreshPlugins (0ms)
			BeforeProcessingInitializeOnLoad (39ms)
			ProcessInitializeOnLoadAttributes (345ms)
			ProcessInitializeOnLoadMethodAttributes (13ms)
			AfterProcessingInitializeOnLoad (1ms)
			EditorAssembliesLoaded (0ms)
		ExecutionOrderSort2 (0ms)
		AwakeInstancesAfterBackupRestoration (3ms)
Refreshing native plugins compatible for Editor in 2.04 ms, found 3 plugins.
Preloading 0 native plugins for Editor in 0.00 ms.
Release of invalid GC handle. The handle is from a previous domain. The release operation is skipped.
Release of invalid GC handle native callstack: 
 #0 GetStacktrace(int)
 #1 ScriptingGCHandle::Release() const
 #2 ScriptingGCHandle::ReleaseAndClear()
 #3 UploadHandlerRaw::~UploadHandlerRaw()
 #4 UploadHandler::Release()
 #5 UnityWebRequestProto<UnityWebRequestTransport, AtomicRefCounter, RedirectHelper, ResponseHelper, DownloadHandler, UploadHandler, CertificateHandler, HeaderHelper, AsyncOperation>::~UnityWebRequestProto()
 #6 UnityWebRequestAsyncOperation::InvokeCoroutine()
 #7 UnityWebRequestProto<UnityWebRequestTransport, AtomicRefCounter, RedirectHelper, ResponseHelper, DownloadHandler, UploadHandler, CertificateHandler, HeaderHelper, AsyncOperation>::Job_InvokeCoroutine(AsyncOperation*)
 #8 BackgroundJobQueue::ExecuteMainThreadJobs()
 #9 PreloadManager::WaitForAllAsyncOperationsToComplete()
 #10 UnloadUnusedAssetsImmediate(bool, bool)
 #11 invocation function for block in AssetImportWorkerClient::HandleMessage(PrepareMessage const&)::$_4::operator()() const
 #12 _dispatch_client_callout
 #13 _dispatch_async_and_wait_invoke
 #14 _dispatch_client_callout
 #15 _dispatch_main_queue_drain.cold.6
 #16 _dispatch_main_queue_drain
 #17 _dispatch_main_queue_callback_4CF
 #18 __CFRUNLOOP_IS_SERVICING_THE_MAIN_DISPATCH_QUEUE__
 #19 __CFRunLoopRun
 #20 _CFRunLoopRunSpecificWithOptions
 #21 RunCurrentEventLoopInMode
 #22 ReceiveNextEventCommon
 #23 _BlockUntilNextEventMatchingListInMode
 #24 _DPSBlockUntilNextEventMatchingListInMode
 #25 _DPSNextEvent
 #26 -[NSApplication(NSEventRouting) _nextEventMatchingEventMask:untilDate:inMode:dequeue:]
 #27 -[NSApplication(NSEventRouting) nextEventMatchingMask:untilDate:inMode:dequeue:]
 #28 -[NSApplication run]
 #29 NSApplicationMain
 #30 EditorMain(int, char const**)
 #31 main
 #32 start
Unloading 3682 Unused Serialized files (Serialized files now loaded: 0)
Unloading 47 unused Assets / (1.8 MB). Loaded Objects now: 4424.
Memory consumption went from 0.53 GB to 0.53 GB.
Total: 3.510209 ms (FindLiveObjects: 0.169833 ms CreateObjectMapping: 0.048917 ms MarkObjects: 3.054042 ms  DeleteObjects: 0.237125 ms)

Prepare: number of updated asset objects reloaded= 0
AssetImportParameters requested are different than current active one (requested -> active):
  custom:container-demuxer-ogg: 62fdf1f143b41e24485cea50d1cbac27 -> 
  custom:video-decoder-ogg-theora: a1e56fd34408186e4bbccfd4996cb3dc -> 
  custom:CustomObjectIndexerAttribute: 9a22284fe3817be447336de3de66b15e -> 
  custom:container-demuxer-webm: 4f35f7cbe854078d1ac9338744f61a02 -> 
  custom:container-muxer-webm: aa71ff27fc2769a1b78a27578f13a17b -> 
  custom:video-decoder-webm-vp8: 9c59270c3fd7afecdb556c50c9e8de78 -> 
  custom:SearchIndexIgnoredProperties: e643bd26f0fe6173181afceb89e7c659 -> 
  custom:AudioImporter_EditorPlatform: 3918e3fc78b5a79bad01e8451be0beb8 -> 
  custom:framework-osx-AVFoundation: e770b220cccbd017edd2c1fefb359320 -> 
  custom:video-encoder-webm-vp8: eb34c28f22e8b96e1ab97ce403110664 -> 
  custom:audio-decoder-ogg-vorbis: bf7c407c2cedff20999df2af8eb42d56 -> 
  custom:audio-encoder-webm-vorbis: bf7c407c2cedff20999df2af8eb42d56 -> 
========================================================================
Received Prepare
Begin MonoManager ReloadAssembly
Thread 0x31b8c7000 may have been prematurely finalized
- Loaded All Assemblies, in  0.509 seconds
Refreshing native plugins compatible for Editor in 2.72 ms, found 3 plugins.
Native extension for OSXStandalone target not found
<HackaTime> Initializing...
UnityEngine.StackTraceUtility:ExtractStackTrace () (at /Users/bokken/build/output/unity/unity/Runtime/Export/Scripting/StackTrace.cs:37)
UnityEngine.DebugLogHandler:LogFormat (UnityEngine.LogType,UnityEngine.Object,string,object[])
UnityEngine.Logger:Log (UnityEngine.LogType,object)
UnityEngine.Debug:Log (object)
WakaTime.Plugin:Initialize () (at ./Library/PackageCache/com.daniel-geo.unityhackatime@5ac210a9a2/Editor/Plugin.cs:76)
WakaTime.Plugin:.cctor () (at ./Library/PackageCache/com.daniel-geo.unityhackatime@5ac210a9a2/Editor/Plugin.cs:41)
System.Runtime.CompilerServices.RuntimeHelpers:RunClassConstructor (System.RuntimeTypeHandle)
UnityEditor.EditorAssemblies:ProcessInitializeOnLoadAttributes (System.Type[]) (at /Users/bokken/build/output/unity/unity/Editor/Mono/EditorAssemblies.cs:119)

(Filename: ./Library/PackageCache/com.daniel-geo.unityhackatime@5ac210a9a2/Editor/Plugin.cs Line: 76)

<HackaTime> Sending heartbeat...
UnityEngine.StackTraceUtility:ExtractStackTrace () (at /Users/bokken/build/output/unity/unity/Runtime/Export/Scripting/StackTrace.cs:37)
UnityEngine.DebugLogHandler:LogFormat (UnityEngine.LogType,UnityEngine.Object,string,object[])
UnityEngine.Logger:Log (UnityEngine.LogType,object)
UnityEngine.Debug:Log (object)
WakaTime.Plugin/<SendHeartbeat>d__29:MoveNext () (at ./Library/PackageCache/com.daniel-geo.unityhackatime@5ac210a9a2/Editor/Plugin.cs:144)
System.Runtime.CompilerServices.AsyncVoidMethodBuilder:Start<WakaTime.Plugin/<SendHeartbeat>d__29> (WakaTime.Plugin/<SendHeartbeat>d__29&)
WakaTime.Plugin:SendHeartbeat (bool)
WakaTime.Plugin:Initialize () (at ./Library/PackageCache/com.daniel-geo.unityhackatime@5ac210a9a2/Editor/Plugin.cs:78)
WakaTime.Plugin:.cctor () (at ./Library/PackageCache/com.daniel-geo.unityhackatime@5ac210a9a2/Editor/Plugin.cs:41)
System.Runtime.CompilerServices.RuntimeHelpers:RunClassConstructor (System.RuntimeTypeHandle)
UnityEditor.EditorAssemblies:ProcessInitializeOnLoadAttributes (System.Type[]) (at /Users/bokken/build/output/unity/unity/Editor/Mono/EditorAssemblies.cs:119)

(Filename: ./Library/PackageCache/com.daniel-geo.unityhackatime@5ac210a9a2/Editor/Plugin.cs Line: 144)

Mono: successfully reloaded assembly
- Finished resetting the current domain, in  1.655 seconds
Domain Reload Profiling: 2165ms
	BeginReloadAssembly (152ms)
		ExecutionOrderSort (0ms)
		DisableScriptedObjects (4ms)
		BackupInstance (0ms)
		ReleaseScriptingObjects (0ms)
		CreateAndSetChildDomain (66ms)
	RebuildCommonClasses (27ms)
	RebuildNativeTypeToScriptingClass (8ms)
	initialDomainReloadingComplete (18ms)
	LoadAllAssembliesAndSetupDomain (305ms)
		LoadAssemblies (336ms)
		RebuildTransferFunctionScriptingTraits (0ms)
		AnalyzeDomain (26ms)
			TypeCache.Refresh (16ms)
				TypeCache.ScanAssembly (1ms)
			ScanForSourceGeneratedMonoScriptInfo (5ms)
			ResolveRequiredComponents (4ms)
	FinalizeReload (1655ms)
		ReleaseScriptCaches (0ms)
		RebuildScriptCaches (0ms)
		SetupLoadedEditorAssemblies (388ms)
			LogAssemblyErrors (0ms)
			InitializePlatformSupportModulesInManaged (3ms)
			SetLoadedEditorAssemblies (5ms)
			RefreshPlugins (0ms)
			BeforeProcessingInitializeOnLoad (41ms)
			ProcessInitializeOnLoadAttributes (327ms)
			ProcessInitializeOnLoadMethodAttributes (12ms)
			AfterProcessingInitializeOnLoad (1ms)
			EditorAssembliesLoaded (0ms)
		ExecutionOrderSort2 (0ms)
		AwakeInstancesAfterBackupRestoration (3ms)
Refreshing native plugins compatible for Editor in 2.65 ms, found 3 plugins.
Preloading 0 native plugins for Editor in 0.00 ms.
Release of invalid GC handle. The handle is from a previous domain. The release operation is skipped.
Release of invalid GC handle native callstack: 
 #0 GetStacktrace(int)
 #1 ScriptingGCHandle::Release() const
 #2 ScriptingGCHandle::ReleaseAndClear()
 #3 UploadHandlerRaw::~UploadHandlerRaw()
 #4 UploadHandler::Release()
 #5 UnityWebRequestProto<UnityWebRequestTransport, AtomicRefCounter, RedirectHelper, ResponseHelper, DownloadHandler, UploadHandler, CertificateHandler, HeaderHelper, AsyncOperation>::~UnityWebRequestProto()
 #6 UnityWebRequestAsyncOperation::InvokeCoroutine()
 #7 UnityWebRequestProto<UnityWebRequestTransport, AtomicRefCounter, RedirectHelper, ResponseHelper, DownloadHandler, UploadHandler, CertificateHandler, HeaderHelper, AsyncOperation>::Job_InvokeCoroutine(AsyncOperation*)
 #8 BackgroundJobQueue::ExecuteMainThreadJobs()
 #9 PreloadManager::WaitForAllAsyncOperationsToComplete()
 #10 UnloadUnusedAssetsImmediate(bool, bool)
 #11 invocation function for block in AssetImportWorkerClient::HandleMessage(PrepareMessage const&)::$_4::operator()() const
 #12 _dispatch_client_callout
 #13 _dispatch_async_and_wait_invoke
 #14 _dispatch_client_callout
 #15 _dispatch_main_queue_drain.cold.6
 #16 _dispatch_main_queue_drain
 #17 _dispatch_main_queue_callback_4CF
 #18 __CFRUNLOOP_IS_SERVICING_THE_MAIN_DISPATCH_QUEUE__
 #19 __CFRunLoopRun
 #20 _CFRunLoopRunSpecificWithOptions
 #21 RunCurrentEventLoopInMode
 #22 ReceiveNextEventCommon
 #23 _BlockUntilNextEventMatchingListInMode
 #24 _DPSBlockUntilNextEventMatchingListInMode
 #25 _DPSNextEvent
 #26 -[NSApplication(NSEventRouting) _nextEventMatchingEventMask:untilDate:inMode:dequeue:]
 #27 -[NSApplication(NSEventRouting) nextEventMatchingMask:untilDate:inMode:dequeue:]
 #28 -[NSApplication run]
 #29 NSApplicationMain
 #30 EditorMain(int, char const**)
 #31 main
 #32 start
<HackaTime> Got response
{"id":2725545614,"user_id":61064,"branch":"main","category":"coding","dependencies":[],"editor":"unity","entity":"Unsaved Scene","language":"unity","machine":null,"operating_system":null,"project":"Duos","type":"file","user_agent":"unity-hackatime","line_additions":null,"line_deletions":null,"lineno":null,"lines":null,"cursorpos":null,"project_root_count":null,"time":1789698944.0,"is_write":false,"created_at":"2026-09-18T02:35:53.266Z","updated_at":"2026-09-18T02:35:53.266Z","fields_hash":"bda4243baf1be04e0bfffaf4ea55405c","source_type":"direct_entry","ip_address":"103.55.58.4","deleted_at":null,"ja4_id":211,"ai_model":null,"ai_session":null,"ai_subscription_plan":null,"ai_input_tokens":null,"ai_output_tokens":null,"ai_prompt_length":null,"ai_line_changes":null,"human_line_changes":null}
UnityEngine.StackTraceUtility:ExtractStackTrace () (at /Users/bokken/build/output/unity/unity/Runtime/Export/Scripting/StackTrace.cs:37)
UnityEngine.DebugLogHandler:LogFormat (UnityEngine.LogType,UnityEngine.Object,string,object[])
UnityEngine.Logger:Log (UnityEngine.LogType,object)
UnityEngine.Debug:Log (object)
WakaTime.Plugin/<SendHeartbeat>d__29:MoveNext () (at ./Library/PackageCache/com.daniel-geo.unityhackatime@5ac210a9a2/Editor/Plugin.cs:187)
System.Runtime.CompilerServices.AsyncMethodBuilderCore/MoveNextRunner:InvokeMoveNext (object)
System.Threading.ExecutionContext:RunInternal (System.Threading.ExecutionContext,System.Threading.ContextCallback,object,bool)
System.Threading.ExecutionContext:Run (System.Threading.ExecutionContext,System.Threading.ContextCallback,object,bool)
System.Runtime.CompilerServices.AsyncMethodBuilderCore/MoveNextRunner:Run ()
System.Threading.Tasks.AwaitTaskContinuation:InvokeAction (object)
System.Threading.Tasks.AwaitTaskContinuation:RunCallback (System.Threading.ContextCallback,object,System.Threading.Tasks.Task&)
System.Threading.Tasks.SynchronizationContextAwaitTaskContinuation:Run (System.Threading.Tasks.Task,bool)
System.Threading.Tasks.Task:FinishContinuations ()
System.Threading.Tasks.Task:FinishStageThree ()
System.Threading.Tasks.Task`1<bool>:TrySetResult (bool)
System.Threading.Tasks.TaskCompletionSource`1<bool>:TrySetResult (bool)
WakaTime.Plugin/<>c__DisplayClass29_0:<SendHeartbeat>b__0 (UnityEngine.AsyncOperation) (at ./Library/PackageCache/com.daniel-geo.unityhackatime@5ac210a9a2/Editor/Plugin.cs:176)
UnityEngine.AsyncOperation:InvokeCompletionEvent () (at /Users/bokken/build/output/unity/unity/Runtime/Export/Scripting/AsyncOperation.cs:21)

(Filename: ./Library/PackageCache/com.daniel-geo.unityhackatime@5ac210a9a2/Editor/Plugin.cs Line: 187)

<HackaTime> Sent heartbeat!
UnityEngine.StackTraceUtility:ExtractStackTrace () (at /Users/bokken/build/output/unity/unity/Runtime/Export/Scripting/StackTrace.cs:37)
UnityEngine.DebugLogHandler:LogFormat (UnityEngine.LogType,UnityEngine.Object,string,object[])
UnityEngine.Logger:Log (UnityEngine.LogType,object)
UnityEngine.Debug:Log (object)
WakaTime.Plugin/<SendHeartbeat>d__29:MoveNext () (at ./Library/PackageCache/com.daniel-geo.unityhackatime@5ac210a9a2/Editor/Plugin.cs:203)
System.Runtime.CompilerServices.AsyncMethodBuilderCore/MoveNextRunner:InvokeMoveNext (object)
System.Threading.ExecutionContext:RunInternal (System.Threading.ExecutionContext,System.Threading.ContextCallback,object,bool)
System.Threading.ExecutionContext:Run (System.Threading.ExecutionContext,System.Threading.ContextCallback,object,bool)
System.Runtime.CompilerServices.AsyncMethodBuilderCore/MoveNextRunner:Run ()
System.Threading.Tasks.AwaitTaskContinuation:InvokeAction (object)
System.Threading.Tasks.AwaitTaskContinuation:RunCallback (System.Threading.ContextCallback,object,System.Threading.Tasks.Task&)
System.Threading.Tasks.SynchronizationContextAwaitTaskContinuation:Run (System.Threading.Tasks.Task,bool)
System.Threading.Tasks.Task:FinishContinuations ()
System.Threading.Tasks.Task:FinishStageThree ()
System.Threading.Tasks.Task`1<bool>:TrySetResult (bool)
System.Threading.Tasks.TaskCompletionSource`1<bool>:TrySetResult (bool)
WakaTime.Plugin/<>c__DisplayClass29_0:<SendHeartbeat>b__0 (UnityEngine.AsyncOperation) (at ./Library/PackageCache/com.daniel-geo.unityhackatime@5ac210a9a2/Editor/Plugin.cs:176)
UnityEngine.AsyncOperation:InvokeCompletionEvent () (at /Users/bokken/build/output/unity/unity/Runtime/Export/Scripting/AsyncOperation.cs:21)

(Filename: ./Library/PackageCache/com.daniel-geo.unityhackatime@5ac210a9a2/Editor/Plugin.cs Line: 203)

Unloading 3682 Unused Serialized files (Serialized files now loaded: 0)
Unloading 47 unused Assets / (1.8 MB). Loaded Objects now: 4428.
Memory consumption went from 0.54 GB to 0.54 GB.
Total: 3.617541 ms (FindLiveObjects: 0.162375 ms CreateObjectMapping: 0.049541 ms MarkObjects: 3.187792 ms  DeleteObjects: 0.217291 ms)

Prepare: number of updated asset objects reloaded= 0
AssetImportParameters requested are different than current active one (requested -> active):
  custom:container-demuxer-ogg: 62fdf1f143b41e24485cea50d1cbac27 -> 
  custom:video-decoder-ogg-theora: a1e56fd34408186e4bbccfd4996cb3dc -> 
  custom:CustomObjectIndexerAttribute: 9a22284fe3817be447336de3de66b15e -> 
  custom:container-demuxer-webm: 4f35f7cbe854078d1ac9338744f61a02 -> 
  custom:container-muxer-webm: aa71ff27fc2769a1b78a27578f13a17b -> 
  custom:video-decoder-webm-vp8: 9c59270c3fd7afecdb556c50c9e8de78 -> 
  custom:SearchIndexIgnoredProperties: e643bd26f0fe6173181afceb89e7c659 -> 
  custom:AudioImporter_EditorPlatform: 3918e3fc78b5a79bad01e8451be0beb8 -> 
  custom:framework-osx-AVFoundation: e770b220cccbd017edd2c1fefb359320 -> 
  custom:video-encoder-webm-vp8: eb34c28f22e8b96e1ab97ce403110664 -> 
  custom:audio-decoder-ogg-vorbis: bf7c407c2cedff20999df2af8eb42d56 -> 
  custom:audio-encoder-webm-vorbis: bf7c407c2cedff20999df2af8eb42d56 -> 
========================================================================
Received Prepare
Begin MonoManager ReloadAssembly
Thread 0x31b907000 may have been prematurely finalized
- Loaded All Assemblies, in  0.473 seconds
Refreshing native plugins compatible for Editor in 3.03 ms, found 3 plugins.
Native extension for OSXStandalone target not found
<HackaTime> Initializing...
UnityEngine.StackTraceUtility:ExtractStackTrace () (at /Users/bokken/build/output/unity/unity/Runtime/Export/Scripting/StackTrace.cs:37)
UnityEngine.DebugLogHandler:LogFormat (UnityEngine.LogType,UnityEngine.Object,string,object[])
UnityEngine.Logger:Log (UnityEngine.LogType,object)
UnityEngine.Debug:Log (object)
WakaTime.Plugin:Initialize () (at ./Library/PackageCache/com.daniel-geo.unityhackatime@5ac210a9a2/Editor/Plugin.cs:76)
WakaTime.Plugin:.cctor () (at ./Library/PackageCache/com.daniel-geo.unityhackatime@5ac210a9a2/Editor/Plugin.cs:41)
System.Runtime.CompilerServices.RuntimeHelpers:RunClassConstructor (System.RuntimeTypeHandle)
UnityEditor.EditorAssemblies:ProcessInitializeOnLoadAttributes (System.Type[]) (at /Users/bokken/build/output/unity/unity/Editor/Mono/EditorAssemblies.cs:119)

(Filename: ./Library/PackageCache/com.daniel-geo.unityhackatime@5ac210a9a2/Editor/Plugin.cs Line: 76)

<HackaTime> Sending heartbeat...
UnityEngine.StackTraceUtility:ExtractStackTrace () (at /Users/bokken/build/output/unity/unity/Runtime/Export/Scripting/StackTrace.cs:37)
UnityEngine.DebugLogHandler:LogFormat (UnityEngine.LogType,UnityEngine.Object,string,object[])
UnityEngine.Logger:Log (UnityEngine.LogType,object)
UnityEngine.Debug:Log (object)
WakaTime.Plugin/<SendHeartbeat>d__29:MoveNext () (at ./Library/PackageCache/com.daniel-geo.unityhackatime@5ac210a9a2/Editor/Plugin.cs:144)
System.Runtime.CompilerServices.AsyncVoidMethodBuilder:Start<WakaTime.Plugin/<SendHeartbeat>d__29> (WakaTime.Plugin/<SendHeartbeat>d__29&)
WakaTime.Plugin:SendHeartbeat (bool)
WakaTime.Plugin:Initialize () (at ./Library/PackageCache/com.daniel-geo.unityhackatime@5ac210a9a2/Editor/Plugin.cs:78)
WakaTime.Plugin:.cctor () (at ./Library/PackageCache/com.daniel-geo.unityhackatime@5ac210a9a2/Editor/Plugin.cs:41)
System.Runtime.CompilerServices.RuntimeHelpers:RunClassConstructor (System.RuntimeTypeHandle)
UnityEditor.EditorAssemblies:ProcessInitializeOnLoadAttributes (System.Type[]) (at /Users/bokken/build/output/unity/unity/Editor/Mono/EditorAssemblies.cs:119)

(Filename: ./Library/PackageCache/com.daniel-geo.unityhackatime@5ac210a9a2/Editor/Plugin.cs Line: 144)

Mono: successfully reloaded assembly
- Finished resetting the current domain, in  0.820 seconds
Domain Reload Profiling: 1295ms
	BeginReloadAssembly (111ms)
		ExecutionOrderSort (0ms)
		DisableScriptedObjects (4ms)
		BackupInstance (0ms)
		ReleaseScriptingObjects (0ms)
		CreateAndSetChildDomain (36ms)
	RebuildCommonClasses (26ms)
	RebuildNativeTypeToScriptingClass (8ms)
	initialDomainReloadingComplete (16ms)
	LoadAllAssembliesAndSetupDomain (314ms)
		LoadAssemblies (304ms)
		RebuildTransferFunctionScriptingTraits (0ms)
		AnalyzeDomain (54ms)
			TypeCache.Refresh (38ms)
				TypeCache.ScanAssembly (0ms)
			ScanForSourceGeneratedMonoScriptInfo (1ms)
			ResolveRequiredComponents (14ms)
	FinalizeReload (821ms)
		ReleaseScriptCaches (0ms)
		RebuildScriptCaches (0ms)
		SetupLoadedEditorAssemblies (392ms)
			LogAssemblyErrors (0ms)
			InitializePlatformSupportModulesInManaged (3ms)
			SetLoadedEditorAssemblies (2ms)
			RefreshPlugins (0ms)
			BeforeProcessingInitializeOnLoad (37ms)
			ProcessInitializeOnLoadAttributes (336ms)
			ProcessInitializeOnLoadMethodAttributes (13ms)
			AfterProcessingInitializeOnLoad (1ms)
			EditorAssembliesLoaded (0ms)
		ExecutionOrderSort2 (0ms)
		AwakeInstancesAfterBackupRestoration (3ms)
Refreshing native plugins compatible for Editor in 1.79 ms, found 3 plugins.
Preloading 0 native plugins for Editor in 0.00 ms.
<HackaTime> Got response
{"id":2725545614,"user_id":61064,"branch":"main","category":"coding","dependencies":[],"editor":"unity","entity":"Unsaved Scene","language":"unity","machine":null,"operating_system":null,"project":"Duos","type":"file","user_agent":"unity-hackatime","line_additions":null,"line_deletions":null,"lineno":null,"lines":null,"cursorpos":null,"project_root_count":null,"time":1789698944.0,"is_write":false,"created_at":"2026-09-18T02:35:53.266Z","updated_at":"2026-09-18T02:35:53.266Z","fields_hash":"bda4243baf1be04e0bfffaf4ea55405c","source_type":"direct_entry","ip_address":"103.55.58.4","deleted_at":null,"ja4_id":211,"ai_model":null,"ai_session":null,"ai_subscription_plan":null,"ai_input_tokens":null,"ai_output_tokens":null,"ai_prompt_length":null,"ai_line_changes":null,"human_line_changes":null}
UnityEngine.StackTraceUtility:ExtractStackTrace () (at /Users/bokken/build/output/unity/unity/Runtime/Export/Scripting/StackTrace.cs:37)
UnityEngine.DebugLogHandler:LogFormat (UnityEngine.LogType,UnityEngine.Object,string,object[])
UnityEngine.Logger:Log (UnityEngine.LogType,object)
UnityEngine.Debug:Log (object)
WakaTime.Plugin/<SendHeartbeat>d__29:MoveNext () (at ./Library/PackageCache/com.daniel-geo.unityhackatime@5ac210a9a2/Editor/Plugin.cs:187)
System.Runtime.CompilerServices.AsyncMethodBuilderCore/MoveNextRunner:InvokeMoveNext (object)
System.Threading.ExecutionContext:RunInternal (System.Threading.ExecutionContext,System.Threading.ContextCallback,object,bool)
System.Threading.ExecutionContext:Run (System.Threading.ExecutionContext,System.Threading.ContextCallback,object,bool)
System.Runtime.CompilerServices.AsyncMethodBuilderCore/MoveNextRunner:Run ()
System.Threading.Tasks.AwaitTaskContinuation:InvokeAction (object)
System.Threading.Tasks.AwaitTaskContinuation:RunCallback (System.Threading.ContextCallback,object,System.Threading.Tasks.Task&)
System.Threading.Tasks.SynchronizationContextAwaitTaskContinuation:Run (System.Threading.Tasks.Task,bool)
System.Threading.Tasks.Task:FinishContinuations ()
System.Threading.Tasks.Task:FinishStageThree ()
System.Threading.Tasks.Task`1<bool>:TrySetResult (bool)
System.Threading.Tasks.TaskCompletionSource`1<bool>:TrySetResult (bool)
WakaTime.Plugin/<>c__DisplayClass29_0:<SendHeartbeat>b__0 (UnityEngine.AsyncOperation) (at ./Library/PackageCache/com.daniel-geo.unityhackatime@5ac210a9a2/Editor/Plugin.cs:176)
UnityEngine.AsyncOperation:InvokeCompletionEvent () (at /Users/bokken/build/output/unity/unity/Runtime/Export/Scripting/AsyncOperation.cs:21)

(Filename: ./Library/PackageCache/com.daniel-geo.unityhackatime@5ac210a9a2/Editor/Plugin.cs Line: 187)

<HackaTime> Sent heartbeat!
UnityEngine.StackTraceUtility:ExtractStackTrace () (at /Users/bokken/build/output/unity/unity/Runtime/Export/Scripting/StackTrace.cs:37)
UnityEngine.DebugLogHandler:LogFormat (UnityEngine.LogType,UnityEngine.Object,string,object[])
UnityEngine.Logger:Log (UnityEngine.LogType,object)
UnityEngine.Debug:Log (object)
WakaTime.Plugin/<SendHeartbeat>d__29:MoveNext () (at ./Library/PackageCache/com.daniel-geo.unityhackatime@5ac210a9a2/Editor/Plugin.cs:203)
System.Runtime.CompilerServices.AsyncMethodBuilderCore/MoveNextRunner:InvokeMoveNext (object)
System.Threading.ExecutionContext:RunInternal (System.Threading.ExecutionContext,System.Threading.ContextCallback,object,bool)
System.Threading.ExecutionContext:Run (System.Threading.ExecutionContext,System.Threading.ContextCallback,object,bool)
System.Runtime.CompilerServices.AsyncMethodBuilderCore/MoveNextRunner:Run ()
System.Threading.Tasks.AwaitTaskContinuation:InvokeAction (object)
System.Threading.Tasks.AwaitTaskContinuation:RunCallback (System.Threading.ContextCallback,object,System.Threading.Tasks.Task&)
System.Threading.Tasks.SynchronizationContextAwaitTaskContinuation:Run (System.Threading.Tasks.Task,bool)
System.Threading.Tasks.Task:FinishContinuations ()
System.Threading.Tasks.Task:FinishStageThree ()
System.Threading.Tasks.Task`1<bool>:TrySetResult (bool)
System.Threading.Tasks.TaskCompletionSource`1<bool>:TrySetResult (bool)
WakaTime.Plugin/<>c__DisplayClass29_0:<SendHeartbeat>b__0 (UnityEngine.AsyncOperation) (at ./Library/PackageCache/com.daniel-geo.unityhackatime@5ac210a9a2/Editor/Plugin.cs:176)
UnityEngine.AsyncOperation:InvokeCompletionEvent () (at /Users/bokken/build/output/unity/unity/Runtime/Export/Scripting/AsyncOperation.cs:21)

(Filename: ./Library/PackageCache/com.daniel-geo.unityhackatime@5ac210a9a2/Editor/Plugin.cs Line: 203)

Unloading 3682 Unused Serialized files (Serialized files now loaded: 0)
Unloading 47 unused Assets / (1.8 MB). Loaded Objects now: 4432.
Memory consumption went from 0.54 GB to 0.54 GB.
Total: 3.892167 ms (FindLiveObjects: 0.200416 ms CreateObjectMapping: 0.054875 ms MarkObjects: 3.363167 ms  DeleteObjects: 0.273042 ms)

Prepare: number of updated asset objects reloaded= 0
AssetImportParameters requested are different than current active one (requested -> active):
  custom:container-demuxer-ogg: 62fdf1f143b41e24485cea50d1cbac27 -> 
  custom:video-decoder-ogg-theora: a1e56fd34408186e4bbccfd4996cb3dc -> 
  custom:CustomObjectIndexerAttribute: 9a22284fe3817be447336de3de66b15e -> 
  custom:container-demuxer-webm: 4f35f7cbe854078d1ac9338744f61a02 -> 
  custom:container-muxer-webm: aa71ff27fc2769a1b78a27578f13a17b -> 
  custom:video-decoder-webm-vp8: 9c59270c3fd7afecdb556c50c9e8de78 -> 
  custom:SearchIndexIgnoredProperties: e643bd26f0fe6173181afceb89e7c659 -> 
  custom:AudioImporter_EditorPlatform: 3918e3fc78b5a79bad01e8451be0beb8 -> 
  custom:framework-osx-AVFoundation: e770b220cccbd017edd2c1fefb359320 -> 
  custom:video-encoder-webm-vp8: eb34c28f22e8b96e1ab97ce403110664 -> 
  custom:audio-decoder-ogg-vorbis: bf7c407c2cedff20999df2af8eb42d56 -> 
  custom:audio-encoder-webm-vorbis: bf7c407c2cedff20999df2af8eb42d56 -> 
========================================================================
Received Prepare
Begin MonoManager ReloadAssembly
Thread 0x31b907000 may have been prematurely finalized
- Loaded All Assemblies, in  0.536 seconds
Refreshing native plugins compatible for Editor in 3.03 ms, found 3 plugins.
Native extension for OSXStandalone target not found
<HackaTime> Initializing...
UnityEngine.StackTraceUtility:ExtractStackTrace () (at /Users/bokken/build/output/unity/unity/Runtime/Export/Scripting/StackTrace.cs:37)
UnityEngine.DebugLogHandler:LogFormat (UnityEngine.LogType,UnityEngine.Object,string,object[])
UnityEngine.Logger:Log (UnityEngine.LogType,object)
UnityEngine.Debug:Log (object)
WakaTime.Plugin:Initialize () (at ./Library/PackageCache/com.daniel-geo.unityhackatime@5ac210a9a2/Editor/Plugin.cs:76)
WakaTime.Plugin:.cctor () (at ./Library/PackageCache/com.daniel-geo.unityhackatime@5ac210a9a2/Editor/Plugin.cs:41)
System.Runtime.CompilerServices.RuntimeHelpers:RunClassConstructor (System.RuntimeTypeHandle)
UnityEditor.EditorAssemblies:ProcessInitializeOnLoadAttributes (System.Type[]) (at /Users/bokken/build/output/unity/unity/Editor/Mono/EditorAssemblies.cs:119)

(Filename: ./Library/PackageCache/com.daniel-geo.unityhackatime@5ac210a9a2/Editor/Plugin.cs Line: 76)

<HackaTime> Sending heartbeat...
UnityEngine.StackTraceUtility:ExtractStackTrace () (at /Users/bokken/build/output/unity/unity/Runtime/Export/Scripting/StackTrace.cs:37)
UnityEngine.DebugLogHandler:LogFormat (UnityEngine.LogType,UnityEngine.Object,string,object[])
UnityEngine.Logger:Log (UnityEngine.LogType,object)
UnityEngine.Debug:Log (object)
WakaTime.Plugin/<SendHeartbeat>d__29:MoveNext () (at ./Library/PackageCache/com.daniel-geo.unityhackatime@5ac210a9a2/Editor/Plugin.cs:144)
System.Runtime.CompilerServices.AsyncVoidMethodBuilder:Start<WakaTime.Plugin/<SendHeartbeat>d__29> (WakaTime.Plugin/<SendHeartbeat>d__29&)
WakaTime.Plugin:SendHeartbeat (bool)
WakaTime.Plugin:Initialize () (at ./Library/PackageCache/com.daniel-geo.unityhackatime@5ac210a9a2/Editor/Plugin.cs:78)
WakaTime.Plugin:.cctor () (at ./Library/PackageCache/com.daniel-geo.unityhackatime@5ac210a9a2/Editor/Plugin.cs:41)
System.Runtime.CompilerServices.RuntimeHelpers:RunClassConstructor (System.RuntimeTypeHandle)
UnityEditor.EditorAssemblies:ProcessInitializeOnLoadAttributes (System.Type[]) (at /Users/bokken/build/output/unity/unity/Editor/Mono/EditorAssemblies.cs:119)

(Filename: ./Library/PackageCache/com.daniel-geo.unityhackatime@5ac210a9a2/Editor/Plugin.cs Line: 144)

Mono: successfully reloaded assembly
- Finished resetting the current domain, in  1.556 seconds
Domain Reload Profiling: 2093ms
	BeginReloadAssembly (200ms)
		ExecutionOrderSort (0ms)
		DisableScriptedObjects (5ms)
		BackupInstance (0ms)
		ReleaseScriptingObjects (0ms)
		CreateAndSetChildDomain (96ms)
	RebuildCommonClasses (34ms)
	RebuildNativeTypeToScriptingClass (10ms)
	initialDomainReloadingComplete (17ms)
	LoadAllAssembliesAndSetupDomain (276ms)
		LoadAssemblies (307ms)
		RebuildTransferFunctionScriptingTraits (0ms)
		AnalyzeDomain (38ms)
			TypeCache.Refresh (22ms)
				TypeCache.ScanAssembly (2ms)
			ScanForSourceGeneratedMonoScriptInfo (6ms)
			ResolveRequiredComponents (7ms)
	FinalizeReload (1556ms)
		ReleaseScriptCaches (0ms)
		RebuildScriptCaches (0ms)
		SetupLoadedEditorAssemblies (388ms)
			LogAssemblyErrors (0ms)
			InitializePlatformSupportModulesInManaged (3ms)
			SetLoadedEditorAssemblies (4ms)
			RefreshPlugins (0ms)
			BeforeProcessingInitializeOnLoad (36ms)
			ProcessInitializeOnLoadAttributes (332ms)
			ProcessInitializeOnLoadMethodAttributes (11ms)
			AfterProcessingInitializeOnLoad (1ms)
			EditorAssembliesLoaded (0ms)
		ExecutionOrderSort2 (0ms)
		AwakeInstancesAfterBackupRestoration (2ms)
Refreshing native plugins compatible for Editor in 2.47 ms, found 3 plugins.
Preloading 0 native plugins for Editor in 0.00 ms.
<HackaTime> Got response
{"id":2725545979,"user_id":61064,"branch":"main","category":"coding","dependencies":[],"editor":"unity","entity":"Unsaved Scene","language":"unity","machine":null,"operating_system":null,"project":"Duos","type":"file","user_agent":"unity-hackatime","line_additions":null,"line_deletions":null,"lineno":null,"lines":null,"cursorpos":null,"project_root_count":null,"time":1789699072.0,"is_write":false,"created_at":"2026-09-18T02:36:50.544Z","updated_at":"2026-09-18T02:36:50.544Z","fields_hash":"a59ba11914ac89c1409aba7c00d883fe","source_type":"direct_entry","ip_address":"103.55.58.4","deleted_at":null,"ja4_id":211,"ai_model":null,"ai_session":null,"ai_subscription_plan":null,"ai_input_tokens":null,"ai_output_tokens":null,"ai_prompt_length":null,"ai_line_changes":null,"human_line_changes":null}
UnityEngine.StackTraceUtility:ExtractStackTrace () (at /Users/bokken/build/output/unity/unity/Runtime/Export/Scripting/StackTrace.cs:37)
UnityEngine.DebugLogHandler:LogFormat (UnityEngine.LogType,UnityEngine.Object,string,object[])
UnityEngine.Logger:Log (UnityEngine.LogType,object)
UnityEngine.Debug:Log (object)
WakaTime.Plugin/<SendHeartbeat>d__29:MoveNext () (at ./Library/PackageCache/com.daniel-geo.unityhackatime@5ac210a9a2/Editor/Plugin.cs:187)
System.Runtime.CompilerServices.AsyncMethodBuilderCore/MoveNextRunner:InvokeMoveNext (object)
System.Threading.ExecutionContext:RunInternal (System.Threading.ExecutionContext,System.Threading.ContextCallback,object,bool)
System.Threading.ExecutionContext:Run (System.Threading.ExecutionContext,System.Threading.ContextCallback,object,bool)
System.Runtime.CompilerServices.AsyncMethodBuilderCore/MoveNextRunner:Run ()
System.Threading.Tasks.AwaitTaskContinuation:InvokeAction (object)
System.Threading.Tasks.AwaitTaskContinuation:RunCallback (System.Threading.ContextCallback,object,System.Threading.Tasks.Task&)
System.Threading.Tasks.SynchronizationContextAwaitTaskContinuation:Run (System.Threading.Tasks.Task,bool)
System.Threading.Tasks.Task:FinishContinuations ()
System.Threading.Tasks.Task:FinishStageThree ()
System.Threading.Tasks.Task`1<bool>:TrySetResult (bool)
System.Threading.Tasks.TaskCompletionSource`1<bool>:TrySetResult (bool)
WakaTime.Plugin/<>c__DisplayClass29_0:<SendHeartbeat>b__0 (UnityEngine.AsyncOperation) (at ./Library/PackageCache/com.daniel-geo.unityhackatime@5ac210a9a2/Editor/Plugin.cs:176)
UnityEngine.AsyncOperation:InvokeCompletionEvent () (at /Users/bokken/build/output/unity/unity/Runtime/Export/Scripting/AsyncOperation.cs:21)

(Filename: ./Library/PackageCache/com.daniel-geo.unityhackatime@5ac210a9a2/Editor/Plugin.cs Line: 187)

<HackaTime> Sent heartbeat!
UnityEngine.StackTraceUtility:ExtractStackTrace () (at /Users/bokken/build/output/unity/unity/Runtime/Export/Scripting/StackTrace.cs:37)
UnityEngine.DebugLogHandler:LogFormat (UnityEngine.LogType,UnityEngine.Object,string,object[])
UnityEngine.Logger:Log (UnityEngine.LogType,object)
UnityEngine.Debug:Log (object)
WakaTime.Plugin/<SendHeartbeat>d__29:MoveNext () (at ./Library/PackageCache/com.daniel-geo.unityhackatime@5ac210a9a2/Editor/Plugin.cs:203)
System.Runtime.CompilerServices.AsyncMethodBuilderCore/MoveNextRunner:InvokeMoveNext (object)
System.Threading.ExecutionContext:RunInternal (System.Threading.ExecutionContext,System.Threading.ContextCallback,object,bool)
System.Threading.ExecutionContext:Run (System.Threading.ExecutionContext,System.Threading.ContextCallback,object,bool)
System.Runtime.CompilerServices.AsyncMethodBuilderCore/MoveNextRunner:Run ()
System.Threading.Tasks.AwaitTaskContinuation:InvokeAction (object)
System.Threading.Tasks.AwaitTaskContinuation:RunCallback (System.Threading.ContextCallback,object,System.Threading.Tasks.Task&)
System.Threading.Tasks.SynchronizationContextAwaitTaskContinuation:Run (System.Threading.Tasks.Task,bool)
System.Threading.Tasks.Task:FinishContinuations ()
System.Threading.Tasks.Task:FinishStageThree ()
System.Threading.Tasks.Task`1<bool>:TrySetResult (bool)
System.Threading.Tasks.TaskCompletionSource`1<bool>:TrySetResult (bool)
WakaTime.Plugin/<>c__DisplayClass29_0:<SendHeartbeat>b__0 (UnityEngine.AsyncOperation) (at ./Library/PackageCache/com.daniel-geo.unityhackatime@5ac210a9a2/Editor/Plugin.cs:176)
UnityEngine.AsyncOperation:InvokeCompletionEvent () (at /Users/bokken/build/output/unity/unity/Runtime/Export/Scripting/AsyncOperation.cs:21)

(Filename: ./Library/PackageCache/com.daniel-geo.unityhackatime@5ac210a9a2/Editor/Plugin.cs Line: 203)

Unloading 3682 Unused Serialized files (Serialized files now loaded: 0)
Unloading 47 unused Assets / (1.8 MB). Loaded Objects now: 4436.
Memory consumption went from 0.55 GB to 0.55 GB.
Total: 3.856625 ms (FindLiveObjects: 0.207792 ms CreateObjectMapping: 0.048083 ms MarkObjects: 3.361500 ms  DeleteObjects: 0.238417 ms)

Prepare: number of updated asset objects reloaded= 0
AssetImportParameters requested are different than current active one (requested -> active):
  custom:container-demuxer-ogg: 62fdf1f143b41e24485cea50d1cbac27 -> 
  custom:video-decoder-ogg-theora: a1e56fd34408186e4bbccfd4996cb3dc -> 
  custom:CustomObjectIndexerAttribute: 9a22284fe3817be447336de3de66b15e -> 
  custom:container-demuxer-webm: 4f35f7cbe854078d1ac9338744f61a02 -> 
  custom:container-muxer-webm: aa71ff27fc2769a1b78a27578f13a17b -> 
  custom:video-decoder-webm-vp8: 9c59270c3fd7afecdb556c50c9e8de78 -> 
  custom:SearchIndexIgnoredProperties: e643bd26f0fe6173181afceb89e7c659 -> 
  custom:AudioImporter_EditorPlatform: 3918e3fc78b5a79bad01e8451be0beb8 -> 
  custom:framework-osx-AVFoundation: e770b220cccbd017edd2c1fefb359320 -> 
  custom:video-encoder-webm-vp8: eb34c28f22e8b96e1ab97ce403110664 -> 
  custom:audio-decoder-ogg-vorbis: bf7c407c2cedff20999df2af8eb42d56 -> 
  custom:audio-encoder-webm-vorbis: bf7c407c2cedff20999df2af8eb42d56 -> 
========================================================================
Received Prepare
Begin MonoManager ReloadAssembly
Thread 0x31b907000 may have been prematurely finalized
- Loaded All Assemblies, in  0.541 seconds
Refreshing native plugins compatible for Editor in 2.33 ms, found 3 plugins.
Native extension for OSXStandalone target not found
<HackaTime> Initializing...
UnityEngine.StackTraceUtility:ExtractStackTrace () (at /Users/bokken/build/output/unity/unity/Runtime/Export/Scripting/StackTrace.cs:37)
UnityEngine.DebugLogHandler:LogFormat (UnityEngine.LogType,UnityEngine.Object,string,object[])
UnityEngine.Logger:Log (UnityEngine.LogType,object)
UnityEngine.Debug:Log (object)
WakaTime.Plugin:Initialize () (at ./Library/PackageCache/com.daniel-geo.unityhackatime@5ac210a9a2/Editor/Plugin.cs:76)
WakaTime.Plugin:.cctor () (at ./Library/PackageCache/com.daniel-geo.unityhackatime@5ac210a9a2/Editor/Plugin.cs:41)
System.Runtime.CompilerServices.RuntimeHelpers:RunClassConstructor (System.RuntimeTypeHandle)
UnityEditor.EditorAssemblies:ProcessInitializeOnLoadAttributes (System.Type[]) (at /Users/bokken/build/output/unity/unity/Editor/Mono/EditorAssemblies.cs:119)

(Filename: ./Library/PackageCache/com.daniel-geo.unityhackatime@5ac210a9a2/Editor/Plugin.cs Line: 76)

<HackaTime> Sending heartbeat...
UnityEngine.StackTraceUtility:ExtractStackTrace () (at /Users/bokken/build/output/unity/unity/Runtime/Export/Scripting/StackTrace.cs:37)
UnityEngine.DebugLogHandler:LogFormat (UnityEngine.LogType,UnityEngine.Object,string,object[])
UnityEngine.Logger:Log (UnityEngine.LogType,object)
UnityEngine.Debug:Log (object)
WakaTime.Plugin/<SendHeartbeat>d__29:MoveNext () (at ./Library/PackageCache/com.daniel-geo.unityhackatime@5ac210a9a2/Editor/Plugin.cs:144)
System.Runtime.CompilerServices.AsyncVoidMethodBuilder:Start<WakaTime.Plugin/<SendHeartbeat>d__29> (WakaTime.Plugin/<SendHeartbeat>d__29&)
WakaTime.Plugin:SendHeartbeat (bool)
WakaTime.Plugin:Initialize () (at ./Library/PackageCache/com.daniel-geo.unityhackatime@5ac210a9a2/Editor/Plugin.cs:78)
WakaTime.Plugin:.cctor () (at ./Library/PackageCache/com.daniel-geo.unityhackatime@5ac210a9a2/Editor/Plugin.cs:41)
System.Runtime.CompilerServices.RuntimeHelpers:RunClassConstructor (System.RuntimeTypeHandle)
UnityEditor.EditorAssemblies:ProcessInitializeOnLoadAttributes (System.Type[]) (at /Users/bokken/build/output/unity/unity/Editor/Mono/EditorAssemblies.cs:119)

(Filename: ./Library/PackageCache/com.daniel-geo.unityhackatime@5ac210a9a2/Editor/Plugin.cs Line: 144)

Mono: successfully reloaded assembly
- Finished resetting the current domain, in  0.744 seconds
Domain Reload Profiling: 1289ms
	BeginReloadAssembly (211ms)
		ExecutionOrderSort (0ms)
		DisableScriptedObjects (4ms)
		BackupInstance (0ms)
		ReleaseScriptingObjects (0ms)
		CreateAndSetChildDomain (114ms)
	RebuildCommonClasses (26ms)
	RebuildNativeTypeToScriptingClass (9ms)
	initialDomainReloadingComplete (24ms)
	LoadAllAssembliesAndSetupDomain (274ms)
		LoadAssemblies (305ms)
		RebuildTransferFunctionScriptingTraits (0ms)
		AnalyzeDomain (34ms)
			TypeCache.Refresh (24ms)
				TypeCache.ScanAssembly (0ms)
			ScanForSourceGeneratedMonoScriptInfo (0ms)
			ResolveRequiredComponents (7ms)
	FinalizeReload (745ms)
		ReleaseScriptCaches (0ms)
		RebuildScriptCaches (0ms)
		SetupLoadedEditorAssemblies (399ms)
			LogAssemblyErrors (0ms)
			InitializePlatformSupportModulesInManaged (3ms)
			SetLoadedEditorAssemblies (2ms)
			RefreshPlugins (0ms)
			BeforeProcessingInitializeOnLoad (39ms)
			ProcessInitializeOnLoadAttributes (342ms)
			ProcessInitializeOnLoadMethodAttributes (12ms)
			AfterProcessingInitializeOnLoad (1ms)
			EditorAssembliesLoaded (0ms)
		ExecutionOrderSort2 (0ms)
		AwakeInstancesAfterBackupRestoration (3ms)
Refreshing native plugins compatible for Editor in 2.13 ms, found 3 plugins.
Preloading 0 native plugins for Editor in 0.00 ms.
Unloading 3682 Unused Serialized files (Serialized files now loaded: 0)
Unloading 47 unused Assets / (1.8 MB). Loaded Objects now: 4440.
Memory consumption went from 0.56 GB to 0.56 GB.
Total: 3.828375 ms (FindLiveObjects: 0.218125 ms CreateObjectMapping: 0.060208 ms MarkObjects: 3.213750 ms  DeleteObjects: 0.335458 ms)

Prepare: number of updated asset objects reloaded= 0
AssetImportParameters requested are different than current active one (requested -> active):
  custom:container-demuxer-ogg: 62fdf1f143b41e24485cea50d1cbac27 -> 
  custom:video-decoder-ogg-theora: a1e56fd34408186e4bbccfd4996cb3dc -> 
  custom:CustomObjectIndexerAttribute: 9a22284fe3817be447336de3de66b15e -> 
  custom:container-demuxer-webm: 4f35f7cbe854078d1ac9338744f61a02 -> 
  custom:container-muxer-webm: aa71ff27fc2769a1b78a27578f13a17b -> 
  custom:video-decoder-webm-vp8: 9c59270c3fd7afecdb556c50c9e8de78 -> 
  custom:SearchIndexIgnoredProperties: e643bd26f0fe6173181afceb89e7c659 -> 
  custom:AudioImporter_EditorPlatform: 3918e3fc78b5a79bad01e8451be0beb8 -> 
  custom:framework-osx-AVFoundation: e770b220cccbd017edd2c1fefb359320 -> 
  custom:video-encoder-webm-vp8: eb34c28f22e8b96e1ab97ce403110664 -> 
  custom:audio-decoder-ogg-vorbis: bf7c407c2cedff20999df2af8eb42d56 -> 
  custom:audio-encoder-webm-vorbis: bf7c407c2cedff20999df2af8eb42d56 -> 
========================================================================
Received Prepare
Begin MonoManager ReloadAssembly
Thread 0x31b907000 may have been prematurely finalized
- Loaded All Assemblies, in  0.668 seconds
Refreshing native plugins compatible for Editor in 2.22 ms, found 3 plugins.
Native extension for OSXStandalone target not found
<HackaTime> Initializing...
UnityEngine.StackTraceUtility:ExtractStackTrace () (at /Users/bokken/build/output/unity/unity/Runtime/Export/Scripting/StackTrace.cs:37)
UnityEngine.DebugLogHandler:LogFormat (UnityEngine.LogType,UnityEngine.Object,string,object[])
UnityEngine.Logger:Log (UnityEngine.LogType,object)
UnityEngine.Debug:Log (object)
WakaTime.Plugin:Initialize () (at ./Library/PackageCache/com.daniel-geo.unityhackatime@5ac210a9a2/Editor/Plugin.cs:76)
WakaTime.Plugin:.cctor () (at ./Library/PackageCache/com.daniel-geo.unityhackatime@5ac210a9a2/Editor/Plugin.cs:41)
System.Runtime.CompilerServices.RuntimeHelpers:RunClassConstructor (System.RuntimeTypeHandle)
UnityEditor.EditorAssemblies:ProcessInitializeOnLoadAttributes (System.Type[]) (at /Users/bokken/build/output/unity/unity/Editor/Mono/EditorAssemblies.cs:119)

(Filename: ./Library/PackageCache/com.daniel-geo.unityhackatime@5ac210a9a2/Editor/Plugin.cs Line: 76)

<HackaTime> Sending heartbeat...
UnityEngine.StackTraceUtility:ExtractStackTrace () (at /Users/bokken/build/output/unity/unity/Runtime/Export/Scripting/StackTrace.cs:37)
UnityEngine.DebugLogHandler:LogFormat (UnityEngine.LogType,UnityEngine.Object,string,object[])
UnityEngine.Logger:Log (UnityEngine.LogType,object)
UnityEngine.Debug:Log (object)
WakaTime.Plugin/<SendHeartbeat>d__29:MoveNext () (at ./Library/PackageCache/com.daniel-geo.unityhackatime@5ac210a9a2/Editor/Plugin.cs:144)
System.Runtime.CompilerServices.AsyncVoidMethodBuilder:Start<WakaTime.Plugin/<SendHeartbeat>d__29> (WakaTime.Plugin/<SendHeartbeat>d__29&)
WakaTime.Plugin:SendHeartbeat (bool)
WakaTime.Plugin:Initialize () (at ./Library/PackageCache/com.daniel-geo.unityhackatime@5ac210a9a2/Editor/Plugin.cs:78)
WakaTime.Plugin:.cctor () (at ./Library/PackageCache/com.daniel-geo.unityhackatime@5ac210a9a2/Editor/Plugin.cs:41)
System.Runtime.CompilerServices.RuntimeHelpers:RunClassConstructor (System.RuntimeTypeHandle)
UnityEditor.EditorAssemblies:ProcessInitializeOnLoadAttributes (System.Type[]) (at /Users/bokken/build/output/unity/unity/Editor/Mono/EditorAssemblies.cs:119)

(Filename: ./Library/PackageCache/com.daniel-geo.unityhackatime@5ac210a9a2/Editor/Plugin.cs Line: 144)

Mono: successfully reloaded assembly
- Finished resetting the current domain, in  1.531 seconds
Domain Reload Profiling: 2201ms
	BeginReloadAssembly (229ms)
		ExecutionOrderSort (0ms)
		DisableScriptedObjects (4ms)
		BackupInstance (0ms)
		ReleaseScriptingObjects (0ms)
		CreateAndSetChildDomain (101ms)
	RebuildCommonClasses (34ms)
	RebuildNativeTypeToScriptingClass (11ms)
	initialDomainReloadingComplete (23ms)
	LoadAllAssembliesAndSetupDomain (373ms)
		LoadAssemblies (401ms)
		RebuildTransferFunctionScriptingTraits (0ms)
		AnalyzeDomain (62ms)
			TypeCache.Refresh (42ms)
				TypeCache.ScanAssembly (3ms)
			ScanForSourceGeneratedMonoScriptInfo (13ms)
			ResolveRequiredComponents (5ms)
	FinalizeReload (1531ms)
		ReleaseScriptCaches (0ms)
		RebuildScriptCaches (0ms)
		SetupLoadedEditorAssemblies (418ms)
			LogAssemblyErrors (0ms)
			InitializePlatformSupportModulesInManaged (3ms)
			SetLoadedEditorAssemblies (2ms)
			RefreshPlugins (0ms)
			BeforeProcessingInitializeOnLoad (39ms)
			ProcessInitializeOnLoadAttributes (359ms)
			ProcessInitializeOnLoadMethodAttributes (14ms)
			AfterProcessingInitializeOnLoad (1ms)
			EditorAssembliesLoaded (0ms)
		ExecutionOrderSort2 (0ms)
		AwakeInstancesAfterBackupRestoration (3ms)
Refreshing native plugins compatible for Editor in 4.33 ms, found 3 plugins.
Preloading 0 native plugins for Editor in 0.00 ms.
Release of invalid GC handle. The handle is from a previous domain. The release operation is skipped.
Release of invalid GC handle native callstack: 
 #0 GetStacktrace(int)
 #1 ScriptingGCHandle::Release() const
 #2 ScriptingGCHandle::ReleaseAndClear()
 #3 UploadHandlerRaw::~UploadHandlerRaw()
 #4 UploadHandler::Release()
 #5 UnityWebRequestProto<UnityWebRequestTransport, AtomicRefCounter, RedirectHelper, ResponseHelper, DownloadHandler, UploadHandler, CertificateHandler, HeaderHelper, AsyncOperation>::~UnityWebRequestProto()
 #6 UnityWebRequestAsyncOperation::InvokeCoroutine()
 #7 UnityWebRequestProto<UnityWebRequestTransport, AtomicRefCounter, RedirectHelper, ResponseHelper, DownloadHandler, UploadHandler, CertificateHandler, HeaderHelper, AsyncOperation>::Job_InvokeCoroutine(AsyncOperation*)
 #8 BackgroundJobQueue::ExecuteMainThreadJobs()
 #9 PreloadManager::WaitForAllAsyncOperationsToComplete()
 #10 UnloadUnusedAssetsImmediate(bool, bool)
 #11 invocation function for block in AssetImportWorkerClient::HandleMessage(PrepareMessage const&)::$_4::operator()() const
 #12 _dispatch_client_callout
 #13 _dispatch_async_and_wait_invoke
 #14 _dispatch_client_callout
 #15 _dispatch_main_queue_drain.cold.6
 #16 _dispatch_main_queue_drain
 #17 _dispatch_main_queue_callback_4CF
 #18 __CFRUNLOOP_IS_SERVICING_THE_MAIN_DISPATCH_QUEUE__
 #19 __CFRunLoopRun
 #20 _CFRunLoopRunSpecificWithOptions
 #21 RunCurrentEventLoopInMode
 #22 ReceiveNextEventCommon
 #23 _BlockUntilNextEventMatchingListInMode
 #24 _DPSBlockUntilNextEventMatchingListInMode
 #25 _DPSNextEvent
 #26 -[NSApplication(NSEventRouting) _nextEventMatchingEventMask:untilDate:inMode:dequeue:]
 #27 -[NSApplication(NSEventRouting) nextEventMatchingMask:untilDate:inMode:dequeue:]
 #28 -[NSApplication run]
 #29 NSApplicationMain
 #30 EditorMain(int, char const**)
 #31 main
 #32 start
<HackaTime> Got response
{"id":2725547003,"user_id":61064,"branch":"main","category":"coding","dependencies":[],"editor":"unity","entity":"Unsaved Scene","language":"unity","machine":null,"operating_system":null,"project":"Duos","type":"file","user_agent":"unity-hackatime","line_additions":null,"line_deletions":null,"lineno":null,"lines":null,"cursorpos":null,"project_root_count":null,"time":1789699200.0,"is_write":false,"created_at":"2026-09-18T02:39:06.440Z","updated_at":"2026-09-18T02:39:06.440Z","fields_hash":"8ffcdfe85783a71b9aa26e10a4219161","source_type":"direct_entry","ip_address":"103.55.58.4","deleted_at":null,"ja4_id":211,"ai_model":null,"ai_session":null,"ai_subscription_plan":null,"ai_input_tokens":null,"ai_output_tokens":null,"ai_prompt_length":null,"ai_line_changes":null,"human_line_changes":null}
UnityEngine.StackTraceUtility:ExtractStackTrace () (at /Users/bokken/build/output/unity/unity/Runtime/Export/Scripting/StackTrace.cs:37)
UnityEngine.DebugLogHandler:LogFormat (UnityEngine.LogType,UnityEngine.Object,string,object[])
UnityEngine.Logger:Log (UnityEngine.LogType,object)
UnityEngine.Debug:Log (object)
WakaTime.Plugin/<SendHeartbeat>d__29:MoveNext () (at ./Library/PackageCache/com.daniel-geo.unityhackatime@5ac210a9a2/Editor/Plugin.cs:187)
System.Runtime.CompilerServices.AsyncMethodBuilderCore/MoveNextRunner:InvokeMoveNext (object)
System.Threading.ExecutionContext:RunInternal (System.Threading.ExecutionContext,System.Threading.ContextCallback,object,bool)
System.Threading.ExecutionContext:Run (System.Threading.ExecutionContext,System.Threading.ContextCallback,object,bool)
System.Runtime.CompilerServices.AsyncMethodBuilderCore/MoveNextRunner:Run ()
System.Threading.Tasks.AwaitTaskContinuation:InvokeAction (object)
System.Threading.Tasks.AwaitTaskContinuation:RunCallback (System.Threading.ContextCallback,object,System.Threading.Tasks.Task&)
System.Threading.Tasks.SynchronizationContextAwaitTaskContinuation:Run (System.Threading.Tasks.Task,bool)
System.Threading.Tasks.Task:FinishContinuations ()
System.Threading.Tasks.Task:FinishStageThree ()
System.Threading.Tasks.Task`1<bool>:TrySetResult (bool)
System.Threading.Tasks.TaskCompletionSource`1<bool>:TrySetResult (bool)
WakaTime.Plugin/<>c__DisplayClass29_0:<SendHeartbeat>b__0 (UnityEngine.AsyncOperation) (at ./Library/PackageCache/com.daniel-geo.unityhackatime@5ac210a9a2/Editor/Plugin.cs:176)
UnityEngine.AsyncOperation:InvokeCompletionEvent () (at /Users/bokken/build/output/unity/unity/Runtime/Export/Scripting/AsyncOperation.cs:21)

(Filename: ./Library/PackageCache/com.daniel-geo.unityhackatime@5ac210a9a2/Editor/Plugin.cs Line: 187)

<HackaTime> Sent heartbeat!
UnityEngine.StackTraceUtility:ExtractStackTrace () (at /Users/bokken/build/output/unity/unity/Runtime/Export/Scripting/StackTrace.cs:37)
UnityEngine.DebugLogHandler:LogFormat (UnityEngine.LogType,UnityEngine.Object,string,object[])
UnityEngine.Logger:Log (UnityEngine.LogType,object)
UnityEngine.Debug:Log (object)
WakaTime.Plugin/<SendHeartbeat>d__29:MoveNext () (at ./Library/PackageCache/com.daniel-geo.unityhackatime@5ac210a9a2/Editor/Plugin.cs:203)
System.Runtime.CompilerServices.AsyncMethodBuilderCore/MoveNextRunner:InvokeMoveNext (object)
System.Threading.ExecutionContext:RunInternal (System.Threading.ExecutionContext,System.Threading.ContextCallback,object,bool)
System.Threading.ExecutionContext:Run (System.Threading.ExecutionContext,System.Threading.ContextCallback,object,bool)
System.Runtime.CompilerServices.AsyncMethodBuilderCore/MoveNextRunner:Run ()
System.Threading.Tasks.AwaitTaskContinuation:InvokeAction (object)
System.Threading.Tasks.AwaitTaskContinuation:RunCallback (System.Threading.ContextCallback,object,System.Threading.Tasks.Task&)
System.Threading.Tasks.SynchronizationContextAwaitTaskContinuation:Run (System.Threading.Tasks.Task,bool)
System.Threading.Tasks.Task:FinishContinuations ()
System.Threading.Tasks.Task:FinishStageThree ()
System.Threading.Tasks.Task`1<bool>:TrySetResult (bool)
System.Threading.Tasks.TaskCompletionSource`1<bool>:TrySetResult (bool)
WakaTime.Plugin/<>c__DisplayClass29_0:<SendHeartbeat>b__0 (UnityEngine.AsyncOperation) (at ./Library/PackageCache/com.daniel-geo.unityhackatime@5ac210a9a2/Editor/Plugin.cs:176)
UnityEngine.AsyncOperation:InvokeCompletionEvent () (at /Users/bokken/build/output/unity/unity/Runtime/Export/Scripting/AsyncOperation.cs:21)

(Filename: ./Library/PackageCache/com.daniel-geo.unityhackatime@5ac210a9a2/Editor/Plugin.cs Line: 203)

Unloading 3682 Unused Serialized files (Serialized files now loaded: 0)
Unloading 47 unused Assets / (1.8 MB). Loaded Objects now: 4444.
Memory consumption went from 0.57 GB to 0.56 GB.
Total: 17.626584 ms (FindLiveObjects: 1.217708 ms CreateObjectMapping: 0.057834 ms MarkObjects: 14.068291 ms  DeleteObjects: 2.282000 ms)

Prepare: number of updated asset objects reloaded= 0
AssetImportParameters requested are different than current active one (requested -> active):
  custom:container-demuxer-ogg: 62fdf1f143b41e24485cea50d1cbac27 -> 
  custom:video-decoder-ogg-theora: a1e56fd34408186e4bbccfd4996cb3dc -> 
  custom:CustomObjectIndexerAttribute: 9a22284fe3817be447336de3de66b15e -> 
  custom:container-demuxer-webm: 4f35f7cbe854078d1ac9338744f61a02 -> 
  custom:container-muxer-webm: aa71ff27fc2769a1b78a27578f13a17b -> 
  custom:video-decoder-webm-vp8: 9c59270c3fd7afecdb556c50c9e8de78 -> 
  custom:SearchIndexIgnoredProperties: e643bd26f0fe6173181afceb89e7c659 -> 
  custom:AudioImporter_EditorPlatform: 3918e3fc78b5a79bad01e8451be0beb8 -> 
  custom:framework-osx-AVFoundation: e770b220cccbd017edd2c1fefb359320 -> 
  custom:video-encoder-webm-vp8: eb34c28f22e8b96e1ab97ce403110664 -> 
  custom:audio-decoder-ogg-vorbis: bf7c407c2cedff20999df2af8eb42d56 -> 
  custom:audio-encoder-webm-vorbis: bf7c407c2cedff20999df2af8eb42d56 -> 
========================================================================
Received Prepare
Begin MonoManager ReloadAssembly
Thread 0x17fc93000 may have been prematurely finalized
- Loaded All Assemblies, in  0.561 seconds
Refreshing native plugins compatible for Editor in 2.32 ms, found 3 plugins.
Native extension for OSXStandalone target not found
<HackaTime> Initializing...
UnityEngine.StackTraceUtility:ExtractStackTrace () (at /Users/bokken/build/output/unity/unity/Runtime/Export/Scripting/StackTrace.cs:37)
UnityEngine.DebugLogHandler:LogFormat (UnityEngine.LogType,UnityEngine.Object,string,object[])
UnityEngine.Logger:Log (UnityEngine.LogType,object)
UnityEngine.Debug:Log (object)
WakaTime.Plugin:Initialize () (at ./Library/PackageCache/com.daniel-geo.unityhackatime@5ac210a9a2/Editor/Plugin.cs:76)
WakaTime.Plugin:.cctor () (at ./Library/PackageCache/com.daniel-geo.unityhackatime@5ac210a9a2/Editor/Plugin.cs:41)
System.Runtime.CompilerServices.RuntimeHelpers:RunClassConstructor (System.RuntimeTypeHandle)
UnityEditor.EditorAssemblies:ProcessInitializeOnLoadAttributes (System.Type[]) (at /Users/bokken/build/output/unity/unity/Editor/Mono/EditorAssemblies.cs:119)

(Filename: ./Library/PackageCache/com.daniel-geo.unityhackatime@5ac210a9a2/Editor/Plugin.cs Line: 76)

<HackaTime> Sending heartbeat...
UnityEngine.StackTraceUtility:ExtractStackTrace () (at /Users/bokken/build/output/unity/unity/Runtime/Export/Scripting/StackTrace.cs:37)
UnityEngine.DebugLogHandler:LogFormat (UnityEngine.LogType,UnityEngine.Object,string,object[])
UnityEngine.Logger:Log (UnityEngine.LogType,object)
UnityEngine.Debug:Log (object)
WakaTime.Plugin/<SendHeartbeat>d__29:MoveNext () (at ./Library/PackageCache/com.daniel-geo.unityhackatime@5ac210a9a2/Editor/Plugin.cs:144)
System.Runtime.CompilerServices.AsyncVoidMethodBuilder:Start<WakaTime.Plugin/<SendHeartbeat>d__29> (WakaTime.Plugin/<SendHeartbeat>d__29&)
WakaTime.Plugin:SendHeartbeat (bool)
WakaTime.Plugin:Initialize () (at ./Library/PackageCache/com.daniel-geo.unityhackatime@5ac210a9a2/Editor/Plugin.cs:78)
WakaTime.Plugin:.cctor () (at ./Library/PackageCache/com.daniel-geo.unityhackatime@5ac210a9a2/Editor/Plugin.cs:41)
System.Runtime.CompilerServices.RuntimeHelpers:RunClassConstructor (System.RuntimeTypeHandle)
UnityEditor.EditorAssemblies:ProcessInitializeOnLoadAttributes (System.Type[]) (at /Users/bokken/build/output/unity/unity/Editor/Mono/EditorAssemblies.cs:119)

(Filename: ./Library/PackageCache/com.daniel-geo.unityhackatime@5ac210a9a2/Editor/Plugin.cs Line: 144)

Mono: successfully reloaded assembly
- Finished resetting the current domain, in  0.904 seconds
Domain Reload Profiling: 1466ms
	BeginReloadAssembly (196ms)
		ExecutionOrderSort (0ms)
		DisableScriptedObjects (4ms)
		BackupInstance (0ms)
		ReleaseScriptingObjects (0ms)
		CreateAndSetChildDomain (84ms)
	RebuildCommonClasses (36ms)
	RebuildNativeTypeToScriptingClass (10ms)
	initialDomainReloadingComplete (26ms)
	LoadAllAssembliesAndSetupDomain (294ms)
		LoadAssemblies (348ms)
		RebuildTransferFunctionScriptingTraits (0ms)
		AnalyzeDomain (22ms)
			TypeCache.Refresh (16ms)
				TypeCache.ScanAssembly (0ms)
			ScanForSourceGeneratedMonoScriptInfo (0ms)
			ResolveRequiredComponents (5ms)
	FinalizeReload (904ms)
		ReleaseScriptCaches (0ms)
		RebuildScriptCaches (0ms)
		SetupLoadedEditorAssemblies (448ms)
			LogAssemblyErrors (0ms)
			InitializePlatformSupportModulesInManaged (3ms)
			SetLoadedEditorAssemblies (2ms)
			RefreshPlugins (0ms)
			BeforeProcessingInitializeOnLoad (43ms)
			ProcessInitializeOnLoadAttributes (383ms)
			ProcessInitializeOnLoadMethodAttributes (16ms)
			AfterProcessingInitializeOnLoad (1ms)
			EditorAssembliesLoaded (0ms)
		ExecutionOrderSort2 (0ms)
		AwakeInstancesAfterBackupRestoration (4ms)
Refreshing native plugins compatible for Editor in 2.02 ms, found 3 plugins.
Preloading 0 native plugins for Editor in 0.00 ms.
<HackaTime> Got response
{"id":2725547003,"user_id":61064,"branch":"main","category":"coding","dependencies":[],"editor":"unity","entity":"Unsaved Scene","language":"unity","machine":null,"operating_system":null,"project":"Duos","type":"file","user_agent":"unity-hackatime","line_additions":null,"line_deletions":null,"lineno":null,"lines":null,"cursorpos":null,"project_root_count":null,"time":1789699200.0,"is_write":false,"created_at":"2026-09-18T02:39:06.440Z","updated_at":"2026-09-18T02:39:06.440Z","fields_hash":"8ffcdfe85783a71b9aa26e10a4219161","source_type":"direct_entry","ip_address":"103.55.58.4","deleted_at":null,"ja4_id":211,"ai_model":null,"ai_session":null,"ai_subscription_plan":null,"ai_input_tokens":null,"ai_output_tokens":null,"ai_prompt_length":null,"ai_line_changes":null,"human_line_changes":null}
UnityEngine.StackTraceUtility:ExtractStackTrace () (at /Users/bokken/build/output/unity/unity/Runtime/Export/Scripting/StackTrace.cs:37)
UnityEngine.DebugLogHandler:LogFormat (UnityEngine.LogType,UnityEngine.Object,string,object[])
UnityEngine.Logger:Log (UnityEngine.LogType,object)
UnityEngine.Debug:Log (object)
WakaTime.Plugin/<SendHeartbeat>d__29:MoveNext () (at ./Library/PackageCache/com.daniel-geo.unityhackatime@5ac210a9a2/Editor/Plugin.cs:187)
System.Runtime.CompilerServices.AsyncMethodBuilderCore/MoveNextRunner:InvokeMoveNext (object)
System.Threading.ExecutionContext:RunInternal (System.Threading.ExecutionContext,System.Threading.ContextCallback,object,bool)
System.Threading.ExecutionContext:Run (System.Threading.ExecutionContext,System.Threading.ContextCallback,object,bool)
System.Runtime.CompilerServices.AsyncMethodBuilderCore/MoveNextRunner:Run ()
System.Threading.Tasks.AwaitTaskContinuation:InvokeAction (object)
System.Threading.Tasks.AwaitTaskContinuation:RunCallback (System.Threading.ContextCallback,object,System.Threading.Tasks.Task&)
System.Threading.Tasks.SynchronizationContextAwaitTaskContinuation:Run (System.Threading.Tasks.Task,bool)
System.Threading.Tasks.Task:FinishContinuations ()
System.Threading.Tasks.Task:FinishStageThree ()
System.Threading.Tasks.Task`1<bool>:TrySetResult (bool)
System.Threading.Tasks.TaskCompletionSource`1<bool>:TrySetResult (bool)
WakaTime.Plugin/<>c__DisplayClass29_0:<SendHeartbeat>b__0 (UnityEngine.AsyncOperation) (at ./Library/PackageCache/com.daniel-geo.unityhackatime@5ac210a9a2/Editor/Plugin.cs:176)
UnityEngine.AsyncOperation:InvokeCompletionEvent () (at /Users/bokken/build/output/unity/unity/Runtime/Export/Scripting/AsyncOperation.cs:21)

(Filename: ./Library/PackageCache/com.daniel-geo.unityhackatime@5ac210a9a2/Editor/Plugin.cs Line: 187)

<HackaTime> Sent heartbeat!
UnityEngine.StackTraceUtility:ExtractStackTrace () (at /Users/bokken/build/output/unity/unity/Runtime/Export/Scripting/StackTrace.cs:37)
UnityEngine.DebugLogHandler:LogFormat (UnityEngine.LogType,UnityEngine.Object,string,object[])
UnityEngine.Logger:Log (UnityEngine.LogType,object)
UnityEngine.Debug:Log (object)
WakaTime.Plugin/<SendHeartbeat>d__29:MoveNext () (at ./Library/PackageCache/com.daniel-geo.unityhackatime@5ac210a9a2/Editor/Plugin.cs:203)
System.Runtime.CompilerServices.AsyncMethodBuilderCore/MoveNextRunner:InvokeMoveNext (object)
System.Threading.ExecutionContext:RunInternal (System.Threading.ExecutionContext,System.Threading.ContextCallback,object,bool)
System.Threading.ExecutionContext:Run (System.Threading.ExecutionContext,System.Threading.ContextCallback,object,bool)
System.Runtime.CompilerServices.AsyncMethodBuilderCore/MoveNextRunner:Run ()
System.Threading.Tasks.AwaitTaskContinuation:InvokeAction (object)
System.Threading.Tasks.AwaitTaskContinuation:RunCallback (System.Threading.ContextCallback,object,System.Threading.Tasks.Task&)
System.Threading.Tasks.SynchronizationContextAwaitTaskContinuation:Run (System.Threading.Tasks.Task,bool)
System.Threading.Tasks.Task:FinishContinuations ()
System.Threading.Tasks.Task:FinishStageThree ()
System.Threading.Tasks.Task`1<bool>:TrySetResult (bool)
System.Threading.Tasks.TaskCompletionSource`1<bool>:TrySetResult (bool)
WakaTime.Plugin/<>c__DisplayClass29_0:<SendHeartbeat>b__0 (UnityEngine.AsyncOperation) (at ./Library/PackageCache/com.daniel-geo.unityhackatime@5ac210a9a2/Editor/Plugin.cs:176)
UnityEngine.AsyncOperation:InvokeCompletionEvent () (at /Users/bokken/build/output/unity/unity/Runtime/Export/Scripting/AsyncOperation.cs:21)

(Filename: ./Library/PackageCache/com.daniel-geo.unityhackatime@5ac210a9a2/Editor/Plugin.cs Line: 203)

Unloading 3682 Unused Serialized files (Serialized files now loaded: 0)
Unloading 47 unused Assets / (1.8 MB). Loaded Objects now: 4448.
Memory consumption went from 0.57 GB to 0.57 GB.
Total: 4.058500 ms (FindLiveObjects: 0.178166 ms CreateObjectMapping: 0.054709 ms MarkObjects: 3.563834 ms  DeleteObjects: 0.261125 ms)

Prepare: number of updated asset objects reloaded= 0
AssetImportParameters requested are different than current active one (requested -> active):
  custom:container-demuxer-ogg: 62fdf1f143b41e24485cea50d1cbac27 -> 
  custom:video-decoder-ogg-theora: a1e56fd34408186e4bbccfd4996cb3dc -> 
  custom:CustomObjectIndexerAttribute: 9a22284fe3817be447336de3de66b15e -> 
  custom:container-demuxer-webm: 4f35f7cbe854078d1ac9338744f61a02 -> 
  custom:container-muxer-webm: aa71ff27fc2769a1b78a27578f13a17b -> 
  custom:video-decoder-webm-vp8: 9c59270c3fd7afecdb556c50c9e8de78 -> 
  custom:SearchIndexIgnoredProperties: e643bd26f0fe6173181afceb89e7c659 -> 
  custom:AudioImporter_EditorPlatform: 3918e3fc78b5a79bad01e8451be0beb8 -> 
  custom:framework-osx-AVFoundation: e770b220cccbd017edd2c1fefb359320 -> 
  custom:video-encoder-webm-vp8: eb34c28f22e8b96e1ab97ce403110664 -> 
  custom:audio-decoder-ogg-vorbis: bf7c407c2cedff20999df2af8eb42d56 -> 
  custom:audio-encoder-webm-vorbis: bf7c407c2cedff20999df2af8eb42d56 -> 
========================================================================
Received Prepare
Begin MonoManager ReloadAssembly
Thread 0x17fc93000 may have been prematurely finalized
- Loaded All Assemblies, in  0.742 seconds
Refreshing native plugins compatible for Editor in 2.20 ms, found 3 plugins.
Native extension for OSXStandalone target not found
<HackaTime> Initializing...
UnityEngine.StackTraceUtility:ExtractStackTrace () (at /Users/bokken/build/output/unity/unity/Runtime/Export/Scripting/StackTrace.cs:37)
UnityEngine.DebugLogHandler:LogFormat (UnityEngine.LogType,UnityEngine.Object,string,object[])
UnityEngine.Logger:Log (UnityEngine.LogType,object)
UnityEngine.Debug:Log (object)
WakaTime.Plugin:Initialize () (at ./Library/PackageCache/com.daniel-geo.unityhackatime@5ac210a9a2/Editor/Plugin.cs:76)
WakaTime.Plugin:.cctor () (at ./Library/PackageCache/com.daniel-geo.unityhackatime@5ac210a9a2/Editor/Plugin.cs:41)
System.Runtime.CompilerServices.RuntimeHelpers:RunClassConstructor (System.RuntimeTypeHandle)
UnityEditor.EditorAssemblies:ProcessInitializeOnLoadAttributes (System.Type[]) (at /Users/bokken/build/output/unity/unity/Editor/Mono/EditorAssemblies.cs:119)

(Filename: ./Library/PackageCache/com.daniel-geo.unityhackatime@5ac210a9a2/Editor/Plugin.cs Line: 76)

<HackaTime> Sending heartbeat...
UnityEngine.StackTraceUtility:ExtractStackTrace () (at /Users/bokken/build/output/unity/unity/Runtime/Export/Scripting/StackTrace.cs:37)
UnityEngine.DebugLogHandler:LogFormat (UnityEngine.LogType,UnityEngine.Object,string,object[])
UnityEngine.Logger:Log (UnityEngine.LogType,object)
UnityEngine.Debug:Log (object)
WakaTime.Plugin/<SendHeartbeat>d__29:MoveNext () (at ./Library/PackageCache/com.daniel-geo.unityhackatime@5ac210a9a2/Editor/Plugin.cs:144)
System.Runtime.CompilerServices.AsyncVoidMethodBuilder:Start<WakaTime.Plugin/<SendHeartbeat>d__29> (WakaTime.Plugin/<SendHeartbeat>d__29&)
WakaTime.Plugin:SendHeartbeat (bool)
WakaTime.Plugin:Initialize () (at ./Library/PackageCache/com.daniel-geo.unityhackatime@5ac210a9a2/Editor/Plugin.cs:78)
WakaTime.Plugin:.cctor () (at ./Library/PackageCache/com.daniel-geo.unityhackatime@5ac210a9a2/Editor/Plugin.cs:41)
System.Runtime.CompilerServices.RuntimeHelpers:RunClassConstructor (System.RuntimeTypeHandle)
UnityEditor.EditorAssemblies:ProcessInitializeOnLoadAttributes (System.Type[]) (at /Users/bokken/build/output/unity/unity/Editor/Mono/EditorAssemblies.cs:119)

(Filename: ./Library/PackageCache/com.daniel-geo.unityhackatime@5ac210a9a2/Editor/Plugin.cs Line: 144)

Mono: successfully reloaded assembly
- Finished resetting the current domain, in  1.843 seconds
Domain Reload Profiling: 2586ms
	BeginReloadAssembly (325ms)
		ExecutionOrderSort (0ms)
		DisableScriptedObjects (8ms)
		BackupInstance (0ms)
		ReleaseScriptingObjects (0ms)
		CreateAndSetChildDomain (91ms)
	RebuildCommonClasses (30ms)
	RebuildNativeTypeToScriptingClass (9ms)
	initialDomainReloadingComplete (18ms)
	LoadAllAssembliesAndSetupDomain (362ms)
		LoadAssemblies (498ms)
		RebuildTransferFunctionScriptingTraits (0ms)
		AnalyzeDomain (50ms)
			TypeCache.Refresh (30ms)
				TypeCache.ScanAssembly (3ms)
			ScanForSourceGeneratedMonoScriptInfo (9ms)
			ResolveRequiredComponents (10ms)
	FinalizeReload (1843ms)
		ReleaseScriptCaches (0ms)
		RebuildScriptCaches (0ms)
		SetupLoadedEditorAssemblies (407ms)
			LogAssemblyErrors (0ms)
			InitializePlatformSupportModulesInManaged (5ms)
			SetLoadedEditorAssemblies (5ms)
			RefreshPlugins (0ms)
			BeforeProcessingInitializeOnLoad (39ms)
			ProcessInitializeOnLoadAttributes (345ms)
			ProcessInitializeOnLoadMethodAttributes (12ms)
			AfterProcessingInitializeOnLoad (1ms)
			EditorAssembliesLoaded (0ms)
		ExecutionOrderSort2 (0ms)
		AwakeInstancesAfterBackupRestoration (3ms)
Refreshing native plugins compatible for Editor in 8.57 ms, found 3 plugins.
Preloading 0 native plugins for Editor in 0.00 ms.
<HackaTime> Got response
{"id":2725601949,"user_id":61064,"branch":"main","category":"coding","dependencies":[],"editor":"unity","entity":"Unsaved Scene","language":"unity","machine":null,"operating_system":null,"project":"Duos","type":"file","user_agent":"unity-hackatime","line_additions":null,"line_deletions":null,"lineno":null,"lines":null,"cursorpos":null,"project_root_count":null,"time":1789704320.0,"is_write":false,"created_at":"2026-09-18T04:04:36.654Z","updated_at":"2026-09-18T04:04:36.654Z","fields_hash":"b36fd3e1e945d7ecb56b55c75b950a86","source_type":"direct_entry","ip_address":"103.55.58.4","deleted_at":null,"ja4_id":211,"ai_model":null,"ai_session":null,"ai_subscription_plan":null,"ai_input_tokens":null,"ai_output_tokens":null,"ai_prompt_length":null,"ai_line_changes":null,"human_line_changes":null}
UnityEngine.StackTraceUtility:ExtractStackTrace () (at /Users/bokken/build/output/unity/unity/Runtime/Export/Scripting/StackTrace.cs:37)
UnityEngine.DebugLogHandler:LogFormat (UnityEngine.LogType,UnityEngine.Object,string,object[])
UnityEngine.Logger:Log (UnityEngine.LogType,object)
UnityEngine.Debug:Log (object)
WakaTime.Plugin/<SendHeartbeat>d__29:MoveNext () (at ./Library/PackageCache/com.daniel-geo.unityhackatime@5ac210a9a2/Editor/Plugin.cs:187)
System.Runtime.CompilerServices.AsyncMethodBuilderCore/MoveNextRunner:InvokeMoveNext (object)
System.Threading.ExecutionContext:RunInternal (System.Threading.ExecutionContext,System.Threading.ContextCallback,object,bool)
System.Threading.ExecutionContext:Run (System.Threading.ExecutionContext,System.Threading.ContextCallback,object,bool)
System.Runtime.CompilerServices.AsyncMethodBuilderCore/MoveNextRunner:Run ()
System.Threading.Tasks.AwaitTaskContinuation:InvokeAction (object)
System.Threading.Tasks.AwaitTaskContinuation:RunCallback (System.Threading.ContextCallback,object,System.Threading.Tasks.Task&)
System.Threading.Tasks.SynchronizationContextAwaitTaskContinuation:Run (System.Threading.Tasks.Task,bool)
System.Threading.Tasks.Task:FinishContinuations ()
System.Threading.Tasks.Task:FinishStageThree ()
System.Threading.Tasks.Task`1<bool>:TrySetResult (bool)
System.Threading.Tasks.TaskCompletionSource`1<bool>:TrySetResult (bool)
WakaTime.Plugin/<>c__DisplayClass29_0:<SendHeartbeat>b__0 (UnityEngine.AsyncOperation) (at ./Library/PackageCache/com.daniel-geo.unityhackatime@5ac210a9a2/Editor/Plugin.cs:176)
UnityEngine.AsyncOperation:InvokeCompletionEvent () (at /Users/bokken/build/output/unity/unity/Runtime/Export/Scripting/AsyncOperation.cs:21)

(Filename: ./Library/PackageCache/com.daniel-geo.unityhackatime@5ac210a9a2/Editor/Plugin.cs Line: 187)

<HackaTime> Sent heartbeat!
UnityEngine.StackTraceUtility:ExtractStackTrace () (at /Users/bokken/build/output/unity/unity/Runtime/Export/Scripting/StackTrace.cs:37)
UnityEngine.DebugLogHandler:LogFormat (UnityEngine.LogType,UnityEngine.Object,string,object[])
UnityEngine.Logger:Log (UnityEngine.LogType,object)
UnityEngine.Debug:Log (object)
WakaTime.Plugin/<SendHeartbeat>d__29:MoveNext () (at ./Library/PackageCache/com.daniel-geo.unityhackatime@5ac210a9a2/Editor/Plugin.cs:203)
System.Runtime.CompilerServices.AsyncMethodBuilderCore/MoveNextRunner:InvokeMoveNext (object)
System.Threading.ExecutionContext:RunInternal (System.Threading.ExecutionContext,System.Threading.ContextCallback,object,bool)
System.Threading.ExecutionContext:Run (System.Threading.ExecutionContext,System.Threading.ContextCallback,object,bool)
System.Runtime.CompilerServices.AsyncMethodBuilderCore/MoveNextRunner:Run ()
System.Threading.Tasks.AwaitTaskContinuation:InvokeAction (object)
System.Threading.Tasks.AwaitTaskContinuation:RunCallback (System.Threading.ContextCallback,object,System.Threading.Tasks.Task&)
System.Threading.Tasks.SynchronizationContextAwaitTaskContinuation:Run (System.Threading.Tasks.Task,bool)
System.Threading.Tasks.Task:FinishContinuations ()
System.Threading.Tasks.Task:FinishStageThree ()
System.Threading.Tasks.Task`1<bool>:TrySetResult (bool)
System.Threading.Tasks.TaskCompletionSource`1<bool>:TrySetResult (bool)
WakaTime.Plugin/<>c__DisplayClass29_0:<SendHeartbeat>b__0 (UnityEngine.AsyncOperation) (at ./Library/PackageCache/com.daniel-geo.unityhackatime@5ac210a9a2/Editor/Plugin.cs:176)
UnityEngine.AsyncOperation:InvokeCompletionEvent () (at /Users/bokken/build/output/unity/unity/Runtime/Export/Scripting/AsyncOperation.cs:21)

(Filename: ./Library/PackageCache/com.daniel-geo.unityhackatime@5ac210a9a2/Editor/Plugin.cs Line: 203)

Unloading 3682 Unused Serialized files (Serialized files now loaded: 0)
Unloading 47 unused Assets / (1.8 MB). Loaded Objects now: 4452.
Memory consumption went from 0.58 GB to 0.58 GB.
Total: 18.595041 ms (FindLiveObjects: 0.797291 ms CreateObjectMapping: 0.056709 ms MarkObjects: 17.013375 ms  DeleteObjects: 0.726833 ms)

Prepare: number of updated asset objects reloaded= 0
AssetImportParameters requested are different than current active one (requested -> active):
  custom:container-demuxer-ogg: 62fdf1f143b41e24485cea50d1cbac27 -> 
  custom:video-decoder-ogg-theora: a1e56fd34408186e4bbccfd4996cb3dc -> 
  custom:CustomObjectIndexerAttribute: 9a22284fe3817be447336de3de66b15e -> 
  custom:container-demuxer-webm: 4f35f7cbe854078d1ac9338744f61a02 -> 
  custom:container-muxer-webm: aa71ff27fc2769a1b78a27578f13a17b -> 
  custom:video-decoder-webm-vp8: 9c59270c3fd7afecdb556c50c9e8de78 -> 
  custom:SearchIndexIgnoredProperties: e643bd26f0fe6173181afceb89e7c659 -> 
  custom:AudioImporter_EditorPlatform: 3918e3fc78b5a79bad01e8451be0beb8 -> 
  custom:framework-osx-AVFoundation: e770b220cccbd017edd2c1fefb359320 -> 
  custom:video-encoder-webm-vp8: eb34c28f22e8b96e1ab97ce403110664 -> 
  custom:audio-decoder-ogg-vorbis: bf7c407c2cedff20999df2af8eb42d56 -> 
  custom:audio-encoder-webm-vorbis: bf7c407c2cedff20999df2af8eb42d56 -> 
========================================================================
Received Prepare
Begin MonoManager ReloadAssembly
Thread 0x17fc93000 may have been prematurely finalized
- Loaded All Assemblies, in  0.440 seconds
Refreshing native plugins compatible for Editor in 1.66 ms, found 3 plugins.
Native extension for OSXStandalone target not found
<HackaTime> Initializing...
UnityEngine.StackTraceUtility:ExtractStackTrace () (at /Users/bokken/build/output/unity/unity/Runtime/Export/Scripting/StackTrace.cs:37)
UnityEngine.DebugLogHandler:LogFormat (UnityEngine.LogType,UnityEngine.Object,string,object[])
UnityEngine.Logger:Log (UnityEngine.LogType,object)
UnityEngine.Debug:Log (object)
WakaTime.Plugin:Initialize () (at ./Library/PackageCache/com.daniel-geo.unityhackatime@5ac210a9a2/Editor/Plugin.cs:76)
WakaTime.Plugin:.cctor () (at ./Library/PackageCache/com.daniel-geo.unityhackatime@5ac210a9a2/Editor/Plugin.cs:41)
System.Runtime.CompilerServices.RuntimeHelpers:RunClassConstructor (System.RuntimeTypeHandle)
UnityEditor.EditorAssemblies:ProcessInitializeOnLoadAttributes (System.Type[]) (at /Users/bokken/build/output/unity/unity/Editor/Mono/EditorAssemblies.cs:119)

(Filename: ./Library/PackageCache/com.daniel-geo.unityhackatime@5ac210a9a2/Editor/Plugin.cs Line: 76)

<HackaTime> Sending heartbeat...
UnityEngine.StackTraceUtility:ExtractStackTrace () (at /Users/bokken/build/output/unity/unity/Runtime/Export/Scripting/StackTrace.cs:37)
UnityEngine.DebugLogHandler:LogFormat (UnityEngine.LogType,UnityEngine.Object,string,object[])
UnityEngine.Logger:Log (UnityEngine.LogType,object)
UnityEngine.Debug:Log (object)
WakaTime.Plugin/<SendHeartbeat>d__29:MoveNext () (at ./Library/PackageCache/com.daniel-geo.unityhackatime@5ac210a9a2/Editor/Plugin.cs:144)
System.Runtime.CompilerServices.AsyncVoidMethodBuilder:Start<WakaTime.Plugin/<SendHeartbeat>d__29> (WakaTime.Plugin/<SendHeartbeat>d__29&)
WakaTime.Plugin:SendHeartbeat (bool)
WakaTime.Plugin:Initialize () (at ./Library/PackageCache/com.daniel-geo.unityhackatime@5ac210a9a2/Editor/Plugin.cs:78)
WakaTime.Plugin:.cctor () (at ./Library/PackageCache/com.daniel-geo.unityhackatime@5ac210a9a2/Editor/Plugin.cs:41)
System.Runtime.CompilerServices.RuntimeHelpers:RunClassConstructor (System.RuntimeTypeHandle)
UnityEditor.EditorAssemblies:ProcessInitializeOnLoadAttributes (System.Type[]) (at /Users/bokken/build/output/unity/unity/Editor/Mono/EditorAssemblies.cs:119)

(Filename: ./Library/PackageCache/com.daniel-geo.unityhackatime@5ac210a9a2/Editor/Plugin.cs Line: 144)

Mono: successfully reloaded assembly
- Finished resetting the current domain, in  0.679 seconds
Domain Reload Profiling: 1119ms
	BeginReloadAssembly (143ms)
		ExecutionOrderSort (0ms)
		DisableScriptedObjects (4ms)
		BackupInstance (0ms)
		ReleaseScriptingObjects (0ms)
		CreateAndSetChildDomain (57ms)
	RebuildCommonClasses (33ms)
	RebuildNativeTypeToScriptingClass (10ms)
	initialDomainReloadingComplete (23ms)
	LoadAllAssembliesAndSetupDomain (231ms)
		LoadAssemblies (265ms)
		RebuildTransferFunctionScriptingTraits (0ms)
		AnalyzeDomain (22ms)
			TypeCache.Refresh (16ms)
				TypeCache.ScanAssembly (0ms)
			ScanForSourceGeneratedMonoScriptInfo (0ms)
			ResolveRequiredComponents (4ms)
	FinalizeReload (680ms)
		ReleaseScriptCaches (0ms)
		RebuildScriptCaches (0ms)
		SetupLoadedEditorAssemblies (380ms)
			LogAssemblyErrors (0ms)
			InitializePlatformSupportModulesInManaged (3ms)
			SetLoadedEditorAssemblies (2ms)
			RefreshPlugins (0ms)
			BeforeProcessingInitializeOnLoad (36ms)
			ProcessInitializeOnLoadAttributes (325ms)
			ProcessInitializeOnLoadMethodAttributes (12ms)
			AfterProcessingInitializeOnLoad (1ms)
			EditorAssembliesLoaded (0ms)
		ExecutionOrderSort2 (0ms)
		AwakeInstancesAfterBackupRestoration (3ms)
Refreshing native plugins compatible for Editor in 2.26 ms, found 3 plugins.
Preloading 0 native plugins for Editor in 0.00 ms.
Unloading 3682 Unused Serialized files (Serialized files now loaded: 0)
Unloading 47 unused Assets / (1.8 MB). Loaded Objects now: 4456.
Memory consumption went from 0.59 GB to 0.58 GB.
Total: 3.797333 ms (FindLiveObjects: 0.160625 ms CreateObjectMapping: 0.051042 ms MarkObjects: 3.288042 ms  DeleteObjects: 0.297208 ms)

Prepare: number of updated asset objects reloaded= 0
AssetImportParameters requested are different than current active one (requested -> active):
  custom:container-demuxer-ogg: 62fdf1f143b41e24485cea50d1cbac27 -> 
  custom:video-decoder-ogg-theora: a1e56fd34408186e4bbccfd4996cb3dc -> 
  custom:CustomObjectIndexerAttribute: 9a22284fe3817be447336de3de66b15e -> 
  custom:container-demuxer-webm: 4f35f7cbe854078d1ac9338744f61a02 -> 
  custom:container-muxer-webm: aa71ff27fc2769a1b78a27578f13a17b -> 
  custom:video-decoder-webm-vp8: 9c59270c3fd7afecdb556c50c9e8de78 -> 
  custom:SearchIndexIgnoredProperties: e643bd26f0fe6173181afceb89e7c659 -> 
  custom:AudioImporter_EditorPlatform: 3918e3fc78b5a79bad01e8451be0beb8 -> 
  custom:framework-osx-AVFoundation: e770b220cccbd017edd2c1fefb359320 -> 
  custom:video-encoder-webm-vp8: eb34c28f22e8b96e1ab97ce403110664 -> 
  custom:audio-decoder-ogg-vorbis: bf7c407c2cedff20999df2af8eb42d56 -> 
  custom:audio-encoder-webm-vorbis: bf7c407c2cedff20999df2af8eb42d56 -> 
========================================================================
Received Prepare
Begin MonoManager ReloadAssembly
Thread 0x17fc93000 may have been prematurely finalized
- Loaded All Assemblies, in  0.467 seconds
Refreshing native plugins compatible for Editor in 1.88 ms, found 3 plugins.
Native extension for OSXStandalone target not found
<HackaTime> Initializing...
UnityEngine.StackTraceUtility:ExtractStackTrace () (at /Users/bokken/build/output/unity/unity/Runtime/Export/Scripting/StackTrace.cs:37)
UnityEngine.DebugLogHandler:LogFormat (UnityEngine.LogType,UnityEngine.Object,string,object[])
UnityEngine.Logger:Log (UnityEngine.LogType,object)
UnityEngine.Debug:Log (object)
WakaTime.Plugin:Initialize () (at ./Library/PackageCache/com.daniel-geo.unityhackatime@5ac210a9a2/Editor/Plugin.cs:76)
WakaTime.Plugin:.cctor () (at ./Library/PackageCache/com.daniel-geo.unityhackatime@5ac210a9a2/Editor/Plugin.cs:41)
System.Runtime.CompilerServices.RuntimeHelpers:RunClassConstructor (System.RuntimeTypeHandle)
UnityEditor.EditorAssemblies:ProcessInitializeOnLoadAttributes (System.Type[]) (at /Users/bokken/build/output/unity/unity/Editor/Mono/EditorAssemblies.cs:119)

(Filename: ./Library/PackageCache/com.daniel-geo.unityhackatime@5ac210a9a2/Editor/Plugin.cs Line: 76)

<HackaTime> Sending heartbeat...
UnityEngine.StackTraceUtility:ExtractStackTrace () (at /Users/bokken/build/output/unity/unity/Runtime/Export/Scripting/StackTrace.cs:37)
UnityEngine.DebugLogHandler:LogFormat (UnityEngine.LogType,UnityEngine.Object,string,object[])
UnityEngine.Logger:Log (UnityEngine.LogType,object)
UnityEngine.Debug:Log (object)
WakaTime.Plugin/<SendHeartbeat>d__29:MoveNext () (at ./Library/PackageCache/com.daniel-geo.unityhackatime@5ac210a9a2/Editor/Plugin.cs:144)
System.Runtime.CompilerServices.AsyncVoidMethodBuilder:Start<WakaTime.Plugin/<SendHeartbeat>d__29> (WakaTime.Plugin/<SendHeartbeat>d__29&)
WakaTime.Plugin:SendHeartbeat (bool)
WakaTime.Plugin:Initialize () (at ./Library/PackageCache/com.daniel-geo.unityhackatime@5ac210a9a2/Editor/Plugin.cs:78)
WakaTime.Plugin:.cctor () (at ./Library/PackageCache/com.daniel-geo.unityhackatime@5ac210a9a2/Editor/Plugin.cs:41)
System.Runtime.CompilerServices.RuntimeHelpers:RunClassConstructor (System.RuntimeTypeHandle)
UnityEditor.EditorAssemblies:ProcessInitializeOnLoadAttributes (System.Type[]) (at /Users/bokken/build/output/unity/unity/Editor/Mono/EditorAssemblies.cs:119)

(Filename: ./Library/PackageCache/com.daniel-geo.unityhackatime@5ac210a9a2/Editor/Plugin.cs Line: 144)

Mono: successfully reloaded assembly
- Finished resetting the current domain, in  1.328 seconds
Domain Reload Profiling: 1796ms
	BeginReloadAssembly (144ms)
		ExecutionOrderSort (0ms)
		DisableScriptedObjects (4ms)
		BackupInstance (0ms)
		ReleaseScriptingObjects (0ms)
		CreateAndSetChildDomain (49ms)
	RebuildCommonClasses (33ms)
	RebuildNativeTypeToScriptingClass (9ms)
	initialDomainReloadingComplete (21ms)
	LoadAllAssembliesAndSetupDomain (261ms)
		LoadAssemblies (296ms)
		RebuildTransferFunctionScriptingTraits (0ms)
		AnalyzeDomain (31ms)
			TypeCache.Refresh (19ms)
				TypeCache.ScanAssembly (1ms)
			ScanForSourceGeneratedMonoScriptInfo (6ms)
			ResolveRequiredComponents (6ms)
	FinalizeReload (1328ms)
		ReleaseScriptCaches (0ms)
		RebuildScriptCaches (0ms)
		SetupLoadedEditorAssemblies (396ms)
			LogAssemblyErrors (0ms)
			InitializePlatformSupportModulesInManaged (5ms)
			SetLoadedEditorAssemblies (5ms)
			RefreshPlugins (0ms)
			BeforeProcessingInitializeOnLoad (36ms)
			ProcessInitializeOnLoadAttributes (337ms)
			ProcessInitializeOnLoadMethodAttributes (11ms)
			AfterProcessingInitializeOnLoad (1ms)
			EditorAssembliesLoaded (0ms)
		ExecutionOrderSort2 (0ms)
		AwakeInstancesAfterBackupRestoration (2ms)
Refreshing native plugins compatible for Editor in 2.78 ms, found 3 plugins.
Preloading 0 native plugins for Editor in 0.00 ms.
Release of invalid GC handle. The handle is from a previous domain. The release operation is skipped.
Release of invalid GC handle native callstack: 
 #0 GetStacktrace(int)
 #1 ScriptingGCHandle::Release() const
 #2 ScriptingGCHandle::ReleaseAndClear()
 #3 UploadHandlerRaw::~UploadHandlerRaw()
 #4 UploadHandler::Release()
 #5 UnityWebRequestProto<UnityWebRequestTransport, AtomicRefCounter, RedirectHelper, ResponseHelper, DownloadHandler, UploadHandler, CertificateHandler, HeaderHelper, AsyncOperation>::~UnityWebRequestProto()
 #6 UnityWebRequestAsyncOperation::InvokeCoroutine()
 #7 UnityWebRequestProto<UnityWebRequestTransport, AtomicRefCounter, RedirectHelper, ResponseHelper, DownloadHandler, UploadHandler, CertificateHandler, HeaderHelper, AsyncOperation>::Job_InvokeCoroutine(AsyncOperation*)
 #8 BackgroundJobQueue::ExecuteMainThreadJobs()
 #9 PreloadManager::WaitForAllAsyncOperationsToComplete()
 #10 UnloadUnusedAssetsImmediate(bool, bool)
 #11 invocation function for block in AssetImportWorkerClient::HandleMessage(PrepareMessage const&)::$_4::operator()() const
 #12 _dispatch_client_callout
 #13 _dispatch_async_and_wait_invoke
 #14 _dispatch_client_callout
 #15 _dispatch_main_queue_drain.cold.6
 #16 _dispatch_main_queue_drain
 #17 _dispatch_main_queue_callback_4CF
 #18 __CFRUNLOOP_IS_SERVICING_THE_MAIN_DISPATCH_QUEUE__
 #19 __CFRunLoopRun
 #20 _CFRunLoopRunSpecificWithOptions
 #21 RunCurrentEventLoopInMode
 #22 ReceiveNextEventCommon
 #23 _BlockUntilNextEventMatchingListInMode
 #24 _DPSBlockUntilNextEventMatchingListInMode
 #25 _DPSNextEvent
 #26 -[NSApplication(NSEventRouting) _nextEventMatchingEventMask:untilDate:inMode:dequeue:]
 #27 -[NSApplication(NSEventRouting) nextEventMatchingMask:untilDate:inMode:dequeue:]
 #28 -[NSApplication run]
 #29 NSApplicationMain
 #30 EditorMain(int, char const**)
 #31 main
 #32 start
<HackaTime> Got response
{"id":2725601949,"user_id":61064,"branch":"main","category":"coding","dependencies":[],"editor":"unity","entity":"Unsaved Scene","language":"unity","machine":null,"operating_system":null,"project":"Duos","type":"file","user_agent":"unity-hackatime","line_additions":null,"line_deletions":null,"lineno":null,"lines":null,"cursorpos":null,"project_root_count":null,"time":1789704320.0,"is_write":false,"created_at":"2026-09-18T04:04:36.654Z","updated_at":"2026-09-18T04:04:36.654Z","fields_hash":"b36fd3e1e945d7ecb56b55c75b950a86","source_type":"direct_entry","ip_address":"103.55.58.4","deleted_at":null,"ja4_id":211,"ai_model":null,"ai_session":null,"ai_subscription_plan":null,"ai_input_tokens":null,"ai_output_tokens":null,"ai_prompt_length":null,"ai_line_changes":null,"human_line_changes":null}
UnityEngine.StackTraceUtility:ExtractStackTrace () (at /Users/bokken/build/output/unity/unity/Runtime/Export/Scripting/StackTrace.cs:37)
UnityEngine.DebugLogHandler:LogFormat (UnityEngine.LogType,UnityEngine.Object,string,object[])
UnityEngine.Logger:Log (UnityEngine.LogType,object)
UnityEngine.Debug:Log (object)
WakaTime.Plugin/<SendHeartbeat>d__29:MoveNext () (at ./Library/PackageCache/com.daniel-geo.unityhackatime@5ac210a9a2/Editor/Plugin.cs:187)
System.Runtime.CompilerServices.AsyncMethodBuilderCore/MoveNextRunner:InvokeMoveNext (object)
System.Threading.ExecutionContext:RunInternal (System.Threading.ExecutionContext,System.Threading.ContextCallback,object,bool)
System.Threading.ExecutionContext:Run (System.Threading.ExecutionContext,System.Threading.ContextCallback,object,bool)
System.Runtime.CompilerServices.AsyncMethodBuilderCore/MoveNextRunner:Run ()
System.Threading.Tasks.AwaitTaskContinuation:InvokeAction (object)
System.Threading.Tasks.AwaitTaskContinuation:RunCallback (System.Threading.ContextCallback,object,System.Threading.Tasks.Task&)
System.Threading.Tasks.SynchronizationContextAwaitTaskContinuation:Run (System.Threading.Tasks.Task,bool)
System.Threading.Tasks.Task:FinishContinuations ()
System.Threading.Tasks.Task:FinishStageThree ()
System.Threading.Tasks.Task`1<bool>:TrySetResult (bool)
System.Threading.Tasks.TaskCompletionSource`1<bool>:TrySetResult (bool)
WakaTime.Plugin/<>c__DisplayClass29_0:<SendHeartbeat>b__0 (UnityEngine.AsyncOperation) (at ./Library/PackageCache/com.daniel-geo.unityhackatime@5ac210a9a2/Editor/Plugin.cs:176)
UnityEngine.AsyncOperation:InvokeCompletionEvent () (at /Users/bokken/build/output/unity/unity/Runtime/Export/Scripting/AsyncOperation.cs:21)

(Filename: ./Library/PackageCache/com.daniel-geo.unityhackatime@5ac210a9a2/Editor/Plugin.cs Line: 187)

<HackaTime> Sent heartbeat!
UnityEngine.StackTraceUtility:ExtractStackTrace () (at /Users/bokken/build/output/unity/unity/Runtime/Export/Scripting/StackTrace.cs:37)
UnityEngine.DebugLogHandler:LogFormat (UnityEngine.LogType,UnityEngine.Object,string,object[])
UnityEngine.Logger:Log (UnityEngine.LogType,object)
UnityEngine.Debug:Log (object)
WakaTime.Plugin/<SendHeartbeat>d__29:MoveNext () (at ./Library/PackageCache/com.daniel-geo.unityhackatime@5ac210a9a2/Editor/Plugin.cs:203)
System.Runtime.CompilerServices.AsyncMethodBuilderCore/MoveNextRunner:InvokeMoveNext (object)
System.Threading.ExecutionContext:RunInternal (System.Threading.ExecutionContext,System.Threading.ContextCallback,object,bool)
System.Threading.ExecutionContext:Run (System.Threading.ExecutionContext,System.Threading.ContextCallback,object,bool)
System.Runtime.CompilerServices.AsyncMethodBuilderCore/MoveNextRunner:Run ()
System.Threading.Tasks.AwaitTaskContinuation:InvokeAction (object)
System.Threading.Tasks.AwaitTaskContinuation:RunCallback (System.Threading.ContextCallback,object,System.Threading.Tasks.Task&)
System.Threading.Tasks.SynchronizationContextAwaitTaskContinuation:Run (System.Threading.Tasks.Task,bool)
System.Threading.Tasks.Task:FinishContinuations ()
System.Threading.Tasks.Task:FinishStageThree ()
System.Threading.Tasks.Task`1<bool>:TrySetResult (bool)
System.Threading.Tasks.TaskCompletionSource`1<bool>:TrySetResult (bool)
WakaTime.Plugin/<>c__DisplayClass29_0:<SendHeartbeat>b__0 (UnityEngine.AsyncOperation) (at ./Library/PackageCache/com.daniel-geo.unityhackatime@5ac210a9a2/Editor/Plugin.cs:176)
UnityEngine.AsyncOperation:InvokeCompletionEvent () (at /Users/bokken/build/output/unity/unity/Runtime/Export/Scripting/AsyncOperation.cs:21)

(Filename: ./Library/PackageCache/com.daniel-geo.unityhackatime@5ac210a9a2/Editor/Plugin.cs Line: 203)

Unloading 3682 Unused Serialized files (Serialized files now loaded: 0)
Unloading 47 unused Assets / (1.8 MB). Loaded Objects now: 4460.
Memory consumption went from 0.59 GB to 0.59 GB.
Total: 3.402250 ms (FindLiveObjects: 0.160709 ms CreateObjectMapping: 0.049459 ms MarkObjects: 2.946541 ms  DeleteObjects: 0.244750 ms)

Prepare: number of updated asset objects reloaded= 0
AssetImportParameters requested are different than current active one (requested -> active):
  custom:container-demuxer-ogg: 62fdf1f143b41e24485cea50d1cbac27 -> 
  custom:video-decoder-ogg-theora: a1e56fd34408186e4bbccfd4996cb3dc -> 
  custom:CustomObjectIndexerAttribute: 9a22284fe3817be447336de3de66b15e -> 
  custom:container-demuxer-webm: 4f35f7cbe854078d1ac9338744f61a02 -> 
  custom:container-muxer-webm: aa71ff27fc2769a1b78a27578f13a17b -> 
  custom:video-decoder-webm-vp8: 9c59270c3fd7afecdb556c50c9e8de78 -> 
  custom:SearchIndexIgnoredProperties: e643bd26f0fe6173181afceb89e7c659 -> 
  custom:AudioImporter_EditorPlatform: 3918e3fc78b5a79bad01e8451be0beb8 -> 
  custom:framework-osx-AVFoundation: e770b220cccbd017edd2c1fefb359320 -> 
  custom:video-encoder-webm-vp8: eb34c28f22e8b96e1ab97ce403110664 -> 
  custom:audio-decoder-ogg-vorbis: bf7c407c2cedff20999df2af8eb42d56 -> 
  custom:audio-encoder-webm-vorbis: bf7c407c2cedff20999df2af8eb42d56 -> 
========================================================================
Received Prepare
Begin MonoManager ReloadAssembly
Thread 0x16dfd7000 may have been prematurely finalized
- Loaded All Assemblies, in  0.472 seconds
Refreshing native plugins compatible for Editor in 4.81 ms, found 3 plugins.
Native extension for OSXStandalone target not found
<HackaTime> Initializing...
UnityEngine.StackTraceUtility:ExtractStackTrace () (at /Users/bokken/build/output/unity/unity/Runtime/Export/Scripting/StackTrace.cs:37)
UnityEngine.DebugLogHandler:LogFormat (UnityEngine.LogType,UnityEngine.Object,string,object[])
UnityEngine.Logger:Log (UnityEngine.LogType,object)
UnityEngine.Debug:Log (object)
WakaTime.Plugin:Initialize () (at ./Library/PackageCache/com.daniel-geo.unityhackatime@5ac210a9a2/Editor/Plugin.cs:76)
WakaTime.Plugin:.cctor () (at ./Library/PackageCache/com.daniel-geo.unityhackatime@5ac210a9a2/Editor/Plugin.cs:41)
System.Runtime.CompilerServices.RuntimeHelpers:RunClassConstructor (System.RuntimeTypeHandle)
UnityEditor.EditorAssemblies:ProcessInitializeOnLoadAttributes (System.Type[]) (at /Users/bokken/build/output/unity/unity/Editor/Mono/EditorAssemblies.cs:119)

(Filename: ./Library/PackageCache/com.daniel-geo.unityhackatime@5ac210a9a2/Editor/Plugin.cs Line: 76)

<HackaTime> Sending heartbeat...
UnityEngine.StackTraceUtility:ExtractStackTrace () (at /Users/bokken/build/output/unity/unity/Runtime/Export/Scripting/StackTrace.cs:37)
UnityEngine.DebugLogHandler:LogFormat (UnityEngine.LogType,UnityEngine.Object,string,object[])
UnityEngine.Logger:Log (UnityEngine.LogType,object)
UnityEngine.Debug:Log (object)
WakaTime.Plugin/<SendHeartbeat>d__29:MoveNext () (at ./Library/PackageCache/com.daniel-geo.unityhackatime@5ac210a9a2/Editor/Plugin.cs:144)
System.Runtime.CompilerServices.AsyncVoidMethodBuilder:Start<WakaTime.Plugin/<SendHeartbeat>d__29> (WakaTime.Plugin/<SendHeartbeat>d__29&)
WakaTime.Plugin:SendHeartbeat (bool)
WakaTime.Plugin:Initialize () (at ./Library/PackageCache/com.daniel-geo.unityhackatime@5ac210a9a2/Editor/Plugin.cs:78)
WakaTime.Plugin:.cctor () (at ./Library/PackageCache/com.daniel-geo.unityhackatime@5ac210a9a2/Editor/Plugin.cs:41)
System.Runtime.CompilerServices.RuntimeHelpers:RunClassConstructor (System.RuntimeTypeHandle)
UnityEditor.EditorAssemblies:ProcessInitializeOnLoadAttributes (System.Type[]) (at /Users/bokken/build/output/unity/unity/Editor/Mono/EditorAssemblies.cs:119)

(Filename: ./Library/PackageCache/com.daniel-geo.unityhackatime@5ac210a9a2/Editor/Plugin.cs Line: 144)

Mono: successfully reloaded assembly
- Finished resetting the current domain, in  0.844 seconds
Domain Reload Profiling: 1319ms
	BeginReloadAssembly (122ms)
		ExecutionOrderSort (0ms)
		DisableScriptedObjects (4ms)
		BackupInstance (0ms)
		ReleaseScriptingObjects (0ms)
		CreateAndSetChildDomain (36ms)
	RebuildCommonClasses (24ms)
	RebuildNativeTypeToScriptingClass (8ms)
	initialDomainReloadingComplete (17ms)
	LoadAllAssembliesAndSetupDomain (302ms)
		LoadAssemblies (318ms)
		RebuildTransferFunctionScriptingTraits (0ms)
		AnalyzeDomain (41ms)
			TypeCache.Refresh (25ms)
				TypeCache.ScanAssembly (0ms)
			ScanForSourceGeneratedMonoScriptInfo (1ms)
			ResolveRequiredComponents (14ms)
	FinalizeReload (845ms)
		ReleaseScriptCaches (0ms)
		RebuildScriptCaches (0ms)
		SetupLoadedEditorAssemblies (405ms)
			LogAssemblyErrors (0ms)
			InitializePlatformSupportModulesInManaged (4ms)
			SetLoadedEditorAssemblies (3ms)
			RefreshPlugins (0ms)
			BeforeProcessingInitializeOnLoad (43ms)
			ProcessInitializeOnLoadAttributes (344ms)
			ProcessInitializeOnLoadMethodAttributes (12ms)
			AfterProcessingInitializeOnLoad (1ms)
			EditorAssembliesLoaded (0ms)
		ExecutionOrderSort2 (0ms)
		AwakeInstancesAfterBackupRestoration (3ms)
Refreshing native plugins compatible for Editor in 2.06 ms, found 3 plugins.
Preloading 0 native plugins for Editor in 0.00 ms.
Unloading 3682 Unused Serialized files (Serialized files now loaded: 0)
Unloading 47 unused Assets / (1.8 MB). Loaded Objects now: 4464.
Memory consumption went from 0.60 GB to 0.60 GB.
Total: 4.202458 ms (FindLiveObjects: 0.210583 ms CreateObjectMapping: 0.061833 ms MarkObjects: 3.395209 ms  DeleteObjects: 0.534167 ms)

Prepare: number of updated asset objects reloaded= 0
AssetImportParameters requested are different than current active one (requested -> active):
  custom:container-demuxer-ogg: 62fdf1f143b41e24485cea50d1cbac27 -> 
  custom:video-decoder-ogg-theora: a1e56fd34408186e4bbccfd4996cb3dc -> 
  custom:CustomObjectIndexerAttribute: 9a22284fe3817be447336de3de66b15e -> 
  custom:container-demuxer-webm: 4f35f7cbe854078d1ac9338744f61a02 -> 
  custom:container-muxer-webm: aa71ff27fc2769a1b78a27578f13a17b -> 
  custom:video-decoder-webm-vp8: 9c59270c3fd7afecdb556c50c9e8de78 -> 
  custom:SearchIndexIgnoredProperties: e643bd26f0fe6173181afceb89e7c659 -> 
  custom:AudioImporter_EditorPlatform: 3918e3fc78b5a79bad01e8451be0beb8 -> 
  custom:framework-osx-AVFoundation: e770b220cccbd017edd2c1fefb359320 -> 
  custom:video-encoder-webm-vp8: eb34c28f22e8b96e1ab97ce403110664 -> 
  custom:audio-decoder-ogg-vorbis: bf7c407c2cedff20999df2af8eb42d56 -> 
  custom:audio-encoder-webm-vorbis: bf7c407c2cedff20999df2af8eb42d56 -> 
========================================================================
Received Prepare
Begin MonoManager ReloadAssembly
Thread 0x16dfd7000 may have been prematurely finalized
- Loaded All Assemblies, in  0.500 seconds
Refreshing native plugins compatible for Editor in 2.11 ms, found 3 plugins.
Native extension for OSXStandalone target not found
<HackaTime> Initializing...
UnityEngine.StackTraceUtility:ExtractStackTrace () (at /Users/bokken/build/output/unity/unity/Runtime/Export/Scripting/StackTrace.cs:37)
UnityEngine.DebugLogHandler:LogFormat (UnityEngine.LogType,UnityEngine.Object,string,object[])
UnityEngine.Logger:Log (UnityEngine.LogType,object)
UnityEngine.Debug:Log (object)
WakaTime.Plugin:Initialize () (at ./Library/PackageCache/com.daniel-geo.unityhackatime@5ac210a9a2/Editor/Plugin.cs:76)
WakaTime.Plugin:.cctor () (at ./Library/PackageCache/com.daniel-geo.unityhackatime@5ac210a9a2/Editor/Plugin.cs:41)
System.Runtime.CompilerServices.RuntimeHelpers:RunClassConstructor (System.RuntimeTypeHandle)
UnityEditor.EditorAssemblies:ProcessInitializeOnLoadAttributes (System.Type[]) (at /Users/bokken/build/output/unity/unity/Editor/Mono/EditorAssemblies.cs:119)

(Filename: ./Library/PackageCache/com.daniel-geo.unityhackatime@5ac210a9a2/Editor/Plugin.cs Line: 76)

<HackaTime> Sending heartbeat...
UnityEngine.StackTraceUtility:ExtractStackTrace () (at /Users/bokken/build/output/unity/unity/Runtime/Export/Scripting/StackTrace.cs:37)
UnityEngine.DebugLogHandler:LogFormat (UnityEngine.LogType,UnityEngine.Object,string,object[])
UnityEngine.Logger:Log (UnityEngine.LogType,object)
UnityEngine.Debug:Log (object)
WakaTime.Plugin/<SendHeartbeat>d__29:MoveNext () (at ./Library/PackageCache/com.daniel-geo.unityhackatime@5ac210a9a2/Editor/Plugin.cs:144)
System.Runtime.CompilerServices.AsyncVoidMethodBuilder:Start<WakaTime.Plugin/<SendHeartbeat>d__29> (WakaTime.Plugin/<SendHeartbeat>d__29&)
WakaTime.Plugin:SendHeartbeat (bool)
WakaTime.Plugin:Initialize () (at ./Library/PackageCache/com.daniel-geo.unityhackatime@5ac210a9a2/Editor/Plugin.cs:78)
WakaTime.Plugin:.cctor () (at ./Library/PackageCache/com.daniel-geo.unityhackatime@5ac210a9a2/Editor/Plugin.cs:41)
System.Runtime.CompilerServices.RuntimeHelpers:RunClassConstructor (System.RuntimeTypeHandle)
UnityEditor.EditorAssemblies:ProcessInitializeOnLoadAttributes (System.Type[]) (at /Users/bokken/build/output/unity/unity/Editor/Mono/EditorAssemblies.cs:119)

(Filename: ./Library/PackageCache/com.daniel-geo.unityhackatime@5ac210a9a2/Editor/Plugin.cs Line: 144)

Mono: successfully reloaded assembly
- Finished resetting the current domain, in  1.217 seconds
Domain Reload Profiling: 1717ms
	BeginReloadAssembly (161ms)
		ExecutionOrderSort (0ms)
		DisableScriptedObjects (5ms)
		BackupInstance (0ms)
		ReleaseScriptingObjects (0ms)
		CreateAndSetChildDomain (62ms)
	RebuildCommonClasses (25ms)
	RebuildNativeTypeToScriptingClass (8ms)
	initialDomainReloadingComplete (21ms)
	LoadAllAssembliesAndSetupDomain (284ms)
		LoadAssemblies (313ms)
		RebuildTransferFunctionScriptingTraits (0ms)
		AnalyzeDomain (36ms)
			TypeCache.Refresh (24ms)
				TypeCache.ScanAssembly (1ms)
			ScanForSourceGeneratedMonoScriptInfo (5ms)
			ResolveRequiredComponents (6ms)
	FinalizeReload (1217ms)
		ReleaseScriptCaches (0ms)
		RebuildScriptCaches (0ms)
		SetupLoadedEditorAssemblies (408ms)
			LogAssemblyErrors (0ms)
			InitializePlatformSupportModulesInManaged (3ms)
			SetLoadedEditorAssemblies (2ms)
			RefreshPlugins (0ms)
			BeforeProcessingInitializeOnLoad (36ms)
			ProcessInitializeOnLoadAttributes (352ms)
			ProcessInitializeOnLoadMethodAttributes (13ms)
			AfterProcessingInitializeOnLoad (1ms)
			EditorAssembliesLoaded (0ms)
		ExecutionOrderSort2 (0ms)
		AwakeInstancesAfterBackupRestoration (2ms)
Refreshing native plugins compatible for Editor in 2.19 ms, found 3 plugins.
Preloading 0 native plugins for Editor in 0.00 ms.
Release of invalid GC handle. The handle is from a previous domain. The release operation is skipped.
Release of invalid GC handle native callstack: 
 #0 GetStacktrace(int)
 #1 ScriptingGCHandle::Release() const
 #2 ScriptingGCHandle::ReleaseAndClear()
 #3 UploadHandlerRaw::~UploadHandlerRaw()
 #4 UploadHandler::Release()
 #5 UnityWebRequestProto<UnityWebRequestTransport, AtomicRefCounter, RedirectHelper, ResponseHelper, DownloadHandler, UploadHandler, CertificateHandler, HeaderHelper, AsyncOperation>::~UnityWebRequestProto()
 #6 UnityWebRequestAsyncOperation::InvokeCoroutine()
 #7 UnityWebRequestProto<UnityWebRequestTransport, AtomicRefCounter, RedirectHelper, ResponseHelper, DownloadHandler, UploadHandler, CertificateHandler, HeaderHelper, AsyncOperation>::Job_InvokeCoroutine(AsyncOperation*)
 #8 BackgroundJobQueue::ExecuteMainThreadJobs()
 #9 PreloadManager::WaitForAllAsyncOperationsToComplete()
 #10 UnloadUnusedAssetsImmediate(bool, bool)
 #11 invocation function for block in AssetImportWorkerClient::HandleMessage(PrepareMessage const&)::$_4::operator()() const
 #12 _dispatch_client_callout
 #13 _dispatch_async_and_wait_invoke
 #14 _dispatch_client_callout
 #15 _dispatch_main_queue_drain.cold.6
 #16 _dispatch_main_queue_drain
 #17 _dispatch_main_queue_callback_4CF
 #18 __CFRUNLOOP_IS_SERVICING_THE_MAIN_DISPATCH_QUEUE__
 #19 __CFRunLoopRun
 #20 _CFRunLoopRunSpecificWithOptions
 #21 RunCurrentEventLoopInMode
 #22 ReceiveNextEventCommon
 #23 _BlockUntilNextEventMatchingListInMode
 #24 _DPSBlockUntilNextEventMatchingListInMode
 #25 _DPSNextEvent
 #26 -[NSApplication(NSEventRouting) _nextEventMatchingEventMask:untilDate:inMode:dequeue:]
 #27 -[NSApplication(NSEventRouting) nextEventMatchingMask:untilDate:inMode:dequeue:]
 #28 -[NSApplication run]
 #29 NSApplicationMain
 #30 EditorMain(int, char const**)
 #31 main
 #32 start
<HackaTime> Got response
{"id":2725603334,"user_id":61064,"branch":"main","category":"coding","dependencies":[],"editor":"unity","entity":"Unsaved Scene","language":"unity","machine":null,"operating_system":null,"project":"Duos","type":"file","user_agent":"unity-hackatime","line_additions":null,"line_deletions":null,"lineno":null,"lines":null,"cursorpos":null,"project_root_count":null,"time":1789704448.0,"is_write":false,"created_at":"2026-09-18T04:08:02.690Z","updated_at":"2026-09-18T04:08:02.690Z","fields_hash":"cd7bf5d848e1bee87d128dc9ef546a7c","source_type":"direct_entry","ip_address":"103.55.58.4","deleted_at":null,"ja4_id":211,"ai_model":null,"ai_session":null,"ai_subscription_plan":null,"ai_input_tokens":null,"ai_output_tokens":null,"ai_prompt_length":null,"ai_line_changes":null,"human_line_changes":null}
UnityEngine.StackTraceUtility:ExtractStackTrace () (at /Users/bokken/build/output/unity/unity/Runtime/Export/Scripting/StackTrace.cs:37)
UnityEngine.DebugLogHandler:LogFormat (UnityEngine.LogType,UnityEngine.Object,string,object[])
UnityEngine.Logger:Log (UnityEngine.LogType,object)
UnityEngine.Debug:Log (object)
WakaTime.Plugin/<SendHeartbeat>d__29:MoveNext () (at ./Library/PackageCache/com.daniel-geo.unityhackatime@5ac210a9a2/Editor/Plugin.cs:187)
System.Runtime.CompilerServices.AsyncMethodBuilderCore/MoveNextRunner:InvokeMoveNext (object)
System.Threading.ExecutionContext:RunInternal (System.Threading.ExecutionContext,System.Threading.ContextCallback,object,bool)
System.Threading.ExecutionContext:Run (System.Threading.ExecutionContext,System.Threading.ContextCallback,object,bool)
System.Runtime.CompilerServices.AsyncMethodBuilderCore/MoveNextRunner:Run ()
System.Threading.Tasks.AwaitTaskContinuation:InvokeAction (object)
System.Threading.Tasks.AwaitTaskContinuation:RunCallback (System.Threading.ContextCallback,object,System.Threading.Tasks.Task&)
System.Threading.Tasks.SynchronizationContextAwaitTaskContinuation:Run (System.Threading.Tasks.Task,bool)
System.Threading.Tasks.Task:FinishContinuations ()
System.Threading.Tasks.Task:FinishStageThree ()
System.Threading.Tasks.Task`1<bool>:TrySetResult (bool)
System.Threading.Tasks.TaskCompletionSource`1<bool>:TrySetResult (bool)
WakaTime.Plugin/<>c__DisplayClass29_0:<SendHeartbeat>b__0 (UnityEngine.AsyncOperation) (at ./Library/PackageCache/com.daniel-geo.unityhackatime@5ac210a9a2/Editor/Plugin.cs:176)
UnityEngine.AsyncOperation:InvokeCompletionEvent () (at /Users/bokken/build/output/unity/unity/Runtime/Export/Scripting/AsyncOperation.cs:21)

(Filename: ./Library/PackageCache/com.daniel-geo.unityhackatime@5ac210a9a2/Editor/Plugin.cs Line: 187)

<HackaTime> Sent heartbeat!
UnityEngine.StackTraceUtility:ExtractStackTrace () (at /Users/bokken/build/output/unity/unity/Runtime/Export/Scripting/StackTrace.cs:37)
UnityEngine.DebugLogHandler:LogFormat (UnityEngine.LogType,UnityEngine.Object,string,object[])
UnityEngine.Logger:Log (UnityEngine.LogType,object)
UnityEngine.Debug:Log (object)
WakaTime.Plugin/<SendHeartbeat>d__29:MoveNext () (at ./Library/PackageCache/com.daniel-geo.unityhackatime@5ac210a9a2/Editor/Plugin.cs:203)
System.Runtime.CompilerServices.AsyncMethodBuilderCore/MoveNextRunner:InvokeMoveNext (object)
System.Threading.ExecutionContext:RunInternal (System.Threading.ExecutionContext,System.Threading.ContextCallback,object,bool)
System.Threading.ExecutionContext:Run (System.Threading.ExecutionContext,System.Threading.ContextCallback,object,bool)
System.Runtime.CompilerServices.AsyncMethodBuilderCore/MoveNextRunner:Run ()
System.Threading.Tasks.AwaitTaskContinuation:InvokeAction (object)
System.Threading.Tasks.AwaitTaskContinuation:RunCallback (System.Threading.ContextCallback,object,System.Threading.Tasks.Task&)
System.Threading.Tasks.SynchronizationContextAwaitTaskContinuation:Run (System.Threading.Tasks.Task,bool)
System.Threading.Tasks.Task:FinishContinuations ()
System.Threading.Tasks.Task:FinishStageThree ()
System.Threading.Tasks.Task`1<bool>:TrySetResult (bool)
System.Threading.Tasks.TaskCompletionSource`1<bool>:TrySetResult (bool)
WakaTime.Plugin/<>c__DisplayClass29_0:<SendHeartbeat>b__0 (UnityEngine.AsyncOperation) (at ./Library/PackageCache/com.daniel-geo.unityhackatime@5ac210a9a2/Editor/Plugin.cs:176)
UnityEngine.AsyncOperation:InvokeCompletionEvent () (at /Users/bokken/build/output/unity/unity/Runtime/Export/Scripting/AsyncOperation.cs:21)

(Filename: ./Library/PackageCache/com.daniel-geo.unityhackatime@5ac210a9a2/Editor/Plugin.cs Line: 203)

Unloading 3682 Unused Serialized files (Serialized files now loaded: 0)
Unloading 47 unused Assets / (1.8 MB). Loaded Objects now: 4468.
Memory consumption went from 0.61 GB to 0.61 GB.
Total: 3.027042 ms (FindLiveObjects: 0.148291 ms CreateObjectMapping: 0.048334 ms MarkObjects: 2.618750 ms  DeleteObjects: 0.211250 ms)

Prepare: number of updated asset objects reloaded= 0
AssetImportParameters requested are different than current active one (requested -> active):
  custom:container-demuxer-ogg: 62fdf1f143b41e24485cea50d1cbac27 -> 
  custom:video-decoder-ogg-theora: a1e56fd34408186e4bbccfd4996cb3dc -> 
  custom:CustomObjectIndexerAttribute: 9a22284fe3817be447336de3de66b15e -> 
  custom:container-demuxer-webm: 4f35f7cbe854078d1ac9338744f61a02 -> 
  custom:container-muxer-webm: aa71ff27fc2769a1b78a27578f13a17b -> 
  custom:video-decoder-webm-vp8: 9c59270c3fd7afecdb556c50c9e8de78 -> 
  custom:SearchIndexIgnoredProperties: e643bd26f0fe6173181afceb89e7c659 -> 
  custom:AudioImporter_EditorPlatform: 3918e3fc78b5a79bad01e8451be0beb8 -> 
  custom:framework-osx-AVFoundation: e770b220cccbd017edd2c1fefb359320 -> 
  custom:video-encoder-webm-vp8: eb34c28f22e8b96e1ab97ce403110664 -> 
  custom:audio-decoder-ogg-vorbis: bf7c407c2cedff20999df2af8eb42d56 -> 
  custom:audio-encoder-webm-vorbis: bf7c407c2cedff20999df2af8eb42d56 -> 
========================================================================
Received Prepare
Begin MonoManager ReloadAssembly
Thread 0x16dfd7000 may have been prematurely finalized
- Loaded All Assemblies, in  0.568 seconds
Refreshing native plugins compatible for Editor in 2.22 ms, found 3 plugins.
Native extension for OSXStandalone target not found
<HackaTime> Initializing...
UnityEngine.StackTraceUtility:ExtractStackTrace () (at /Users/bokken/build/output/unity/unity/Runtime/Export/Scripting/StackTrace.cs:37)
UnityEngine.DebugLogHandler:LogFormat (UnityEngine.LogType,UnityEngine.Object,string,object[])
UnityEngine.Logger:Log (UnityEngine.LogType,object)
UnityEngine.Debug:Log (object)
WakaTime.Plugin:Initialize () (at ./Library/PackageCache/com.daniel-geo.unityhackatime@5ac210a9a2/Editor/Plugin.cs:76)
WakaTime.Plugin:.cctor () (at ./Library/PackageCache/com.daniel-geo.unityhackatime@5ac210a9a2/Editor/Plugin.cs:41)
System.Runtime.CompilerServices.RuntimeHelpers:RunClassConstructor (System.RuntimeTypeHandle)
UnityEditor.EditorAssemblies:ProcessInitializeOnLoadAttributes (System.Type[]) (at /Users/bokken/build/output/unity/unity/Editor/Mono/EditorAssemblies.cs:119)

(Filename: ./Library/PackageCache/com.daniel-geo.unityhackatime@5ac210a9a2/Editor/Plugin.cs Line: 76)

<HackaTime> Sending heartbeat...
UnityEngine.StackTraceUtility:ExtractStackTrace () (at /Users/bokken/build/output/unity/unity/Runtime/Export/Scripting/StackTrace.cs:37)
UnityEngine.DebugLogHandler:LogFormat (UnityEngine.LogType,UnityEngine.Object,string,object[])
UnityEngine.Logger:Log (UnityEngine.LogType,object)
UnityEngine.Debug:Log (object)
WakaTime.Plugin/<SendHeartbeat>d__29:MoveNext () (at ./Library/PackageCache/com.daniel-geo.unityhackatime@5ac210a9a2/Editor/Plugin.cs:144)
System.Runtime.CompilerServices.AsyncVoidMethodBuilder:Start<WakaTime.Plugin/<SendHeartbeat>d__29> (WakaTime.Plugin/<SendHeartbeat>d__29&)
WakaTime.Plugin:SendHeartbeat (bool)
WakaTime.Plugin:Initialize () (at ./Library/PackageCache/com.daniel-geo.unityhackatime@5ac210a9a2/Editor/Plugin.cs:78)
WakaTime.Plugin:.cctor () (at ./Library/PackageCache/com.daniel-geo.unityhackatime@5ac210a9a2/Editor/Plugin.cs:41)
System.Runtime.CompilerServices.RuntimeHelpers:RunClassConstructor (System.RuntimeTypeHandle)
UnityEditor.EditorAssemblies:ProcessInitializeOnLoadAttributes (System.Type[]) (at /Users/bokken/build/output/unity/unity/Editor/Mono/EditorAssemblies.cs:119)

(Filename: ./Library/PackageCache/com.daniel-geo.unityhackatime@5ac210a9a2/Editor/Plugin.cs Line: 144)

Mono: successfully reloaded assembly
- Finished resetting the current domain, in  0.750 seconds
Domain Reload Profiling: 1322ms
	BeginReloadAssembly (139ms)
		ExecutionOrderSort (0ms)
		DisableScriptedObjects (3ms)
		BackupInstance (0ms)
		ReleaseScriptingObjects (0ms)
		CreateAndSetChildDomain (38ms)
	RebuildCommonClasses (40ms)
	RebuildNativeTypeToScriptingClass (14ms)
	initialDomainReloadingComplete (59ms)
	LoadAllAssembliesAndSetupDomain (319ms)
		LoadAssemblies (359ms)
		RebuildTransferFunctionScriptingTraits (0ms)
		AnalyzeDomain (32ms)
			TypeCache.Refresh (24ms)
				TypeCache.ScanAssembly (0ms)
			ScanForSourceGeneratedMonoScriptInfo (0ms)
			ResolveRequiredComponents (7ms)
	FinalizeReload (751ms)
		ReleaseScriptCaches (0ms)
		RebuildScriptCaches (0ms)
		SetupLoadedEditorAssemblies (400ms)
			LogAssemblyErrors (0ms)
			InitializePlatformSupportModulesInManaged (3ms)
			SetLoadedEditorAssemblies (2ms)
			RefreshPlugins (0ms)
			BeforeProcessingInitializeOnLoad (37ms)
			ProcessInitializeOnLoadAttributes (344ms)
			ProcessInitializeOnLoadMethodAttributes (12ms)
			AfterProcessingInitializeOnLoad (1ms)
			EditorAssembliesLoaded (0ms)
		ExecutionOrderSort2 (0ms)
		AwakeInstancesAfterBackupRestoration (3ms)
Refreshing native plugins compatible for Editor in 2.78 ms, found 3 plugins.
Preloading 0 native plugins for Editor in 0.00 ms.
<HackaTime> Got response
{"id":2725603334,"user_id":61064,"branch":"main","category":"coding","dependencies":[],"editor":"unity","entity":"Unsaved Scene","language":"unity","machine":null,"operating_system":null,"project":"Duos","type":"file","user_agent":"unity-hackatime","line_additions":null,"line_deletions":null,"lineno":null,"lines":null,"cursorpos":null,"project_root_count":null,"time":1789704448.0,"is_write":false,"created_at":"2026-09-18T04:08:02.690Z","updated_at":"2026-09-18T04:08:02.690Z","fields_hash":"cd7bf5d848e1bee87d128dc9ef546a7c","source_type":"direct_entry","ip_address":"103.55.58.4","deleted_at":null,"ja4_id":211,"ai_model":null,"ai_session":null,"ai_subscription_plan":null,"ai_input_tokens":null,"ai_output_tokens":null,"ai_prompt_length":null,"ai_line_changes":null,"human_line_changes":null}
UnityEngine.StackTraceUtility:ExtractStackTrace () (at /Users/bokken/build/output/unity/unity/Runtime/Export/Scripting/StackTrace.cs:37)
UnityEngine.DebugLogHandler:LogFormat (UnityEngine.LogType,UnityEngine.Object,string,object[])
UnityEngine.Logger:Log (UnityEngine.LogType,object)
UnityEngine.Debug:Log (object)
WakaTime.Plugin/<SendHeartbeat>d__29:MoveNext () (at ./Library/PackageCache/com.daniel-geo.unityhackatime@5ac210a9a2/Editor/Plugin.cs:187)
System.Runtime.CompilerServices.AsyncMethodBuilderCore/MoveNextRunner:InvokeMoveNext (object)
System.Threading.ExecutionContext:RunInternal (System.Threading.ExecutionContext,System.Threading.ContextCallback,object,bool)
System.Threading.ExecutionContext:Run (System.Threading.ExecutionContext,System.Threading.ContextCallback,object,bool)
System.Runtime.CompilerServices.AsyncMethodBuilderCore/MoveNextRunner:Run ()
System.Threading.Tasks.AwaitTaskContinuation:InvokeAction (object)
System.Threading.Tasks.AwaitTaskContinuation:RunCallback (System.Threading.ContextCallback,object,System.Threading.Tasks.Task&)
System.Threading.Tasks.SynchronizationContextAwaitTaskContinuation:Run (System.Threading.Tasks.Task,bool)
System.Threading.Tasks.Task:FinishContinuations ()
System.Threading.Tasks.Task:FinishStageThree ()
System.Threading.Tasks.Task`1<bool>:TrySetResult (bool)
System.Threading.Tasks.TaskCompletionSource`1<bool>:TrySetResult (bool)
WakaTime.Plugin/<>c__DisplayClass29_0:<SendHeartbeat>b__0 (UnityEngine.AsyncOperation) (at ./Library/PackageCache/com.daniel-geo.unityhackatime@5ac210a9a2/Editor/Plugin.cs:176)
UnityEngine.AsyncOperation:InvokeCompletionEvent () (at /Users/bokken/build/output/unity/unity/Runtime/Export/Scripting/AsyncOperation.cs:21)

(Filename: ./Library/PackageCache/com.daniel-geo.unityhackatime@5ac210a9a2/Editor/Plugin.cs Line: 187)

<HackaTime> Sent heartbeat!
UnityEngine.StackTraceUtility:ExtractStackTrace () (at /Users/bokken/build/output/unity/unity/Runtime/Export/Scripting/StackTrace.cs:37)
UnityEngine.DebugLogHandler:LogFormat (UnityEngine.LogType,UnityEngine.Object,string,object[])
UnityEngine.Logger:Log (UnityEngine.LogType,object)
UnityEngine.Debug:Log (object)
WakaTime.Plugin/<SendHeartbeat>d__29:MoveNext () (at ./Library/PackageCache/com.daniel-geo.unityhackatime@5ac210a9a2/Editor/Plugin.cs:203)
System.Runtime.CompilerServices.AsyncMethodBuilderCore/MoveNextRunner:InvokeMoveNext (object)
System.Threading.ExecutionContext:RunInternal (System.Threading.ExecutionContext,System.Threading.ContextCallback,object,bool)
System.Threading.ExecutionContext:Run (System.Threading.ExecutionContext,System.Threading.ContextCallback,object,bool)
System.Runtime.CompilerServices.AsyncMethodBuilderCore/MoveNextRunner:Run ()
System.Threading.Tasks.AwaitTaskContinuation:InvokeAction (object)
System.Threading.Tasks.AwaitTaskContinuation:RunCallback (System.Threading.ContextCallback,object,System.Threading.Tasks.Task&)
System.Threading.Tasks.SynchronizationContextAwaitTaskContinuation:Run (System.Threading.Tasks.Task,bool)
System.Threading.Tasks.Task:FinishContinuations ()
System.Threading.Tasks.Task:FinishStageThree ()
System.Threading.Tasks.Task`1<bool>:TrySetResult (bool)
System.Threading.Tasks.TaskCompletionSource`1<bool>:TrySetResult (bool)
WakaTime.Plugin/<>c__DisplayClass29_0:<SendHeartbeat>b__0 (UnityEngine.AsyncOperation) (at ./Library/PackageCache/com.daniel-geo.unityhackatime@5ac210a9a2/Editor/Plugin.cs:176)
UnityEngine.AsyncOperation:InvokeCompletionEvent () (at /Users/bokken/build/output/unity/unity/Runtime/Export/Scripting/AsyncOperation.cs:21)

(Filename: ./Library/PackageCache/com.daniel-geo.unityhackatime@5ac210a9a2/Editor/Plugin.cs Line: 203)

Unloading 3682 Unused Serialized files (Serialized files now loaded: 0)
Unloading 47 unused Assets / (1.8 MB). Loaded Objects now: 4472.
Memory consumption went from 0.61 GB to 0.61 GB.
Total: 4.072709 ms (FindLiveObjects: 0.282292 ms CreateObjectMapping: 0.059792 ms MarkObjects: 3.387125 ms  DeleteObjects: 0.342750 ms)

Prepare: number of updated asset objects reloaded= 0
AssetImportParameters requested are different than current active one (requested -> active):
  custom:container-demuxer-ogg: 62fdf1f143b41e24485cea50d1cbac27 -> 
  custom:video-decoder-ogg-theora: a1e56fd34408186e4bbccfd4996cb3dc -> 
  custom:CustomObjectIndexerAttribute: 9a22284fe3817be447336de3de66b15e -> 
  custom:container-demuxer-webm: 4f35f7cbe854078d1ac9338744f61a02 -> 
  custom:container-muxer-webm: aa71ff27fc2769a1b78a27578f13a17b -> 
  custom:video-decoder-webm-vp8: 9c59270c3fd7afecdb556c50c9e8de78 -> 
  custom:SearchIndexIgnoredProperties: e643bd26f0fe6173181afceb89e7c659 -> 
  custom:AudioImporter_EditorPlatform: 3918e3fc78b5a79bad01e8451be0beb8 -> 
  custom:framework-osx-AVFoundation: e770b220cccbd017edd2c1fefb359320 -> 
  custom:video-encoder-webm-vp8: eb34c28f22e8b96e1ab97ce403110664 -> 
  custom:audio-decoder-ogg-vorbis: bf7c407c2cedff20999df2af8eb42d56 -> 
  custom:audio-encoder-webm-vorbis: bf7c407c2cedff20999df2af8eb42d56 -> 
========================================================================
Received Prepare
Begin MonoManager ReloadAssembly
Thread 0x16dfd7000 may have been prematurely finalized
- Loaded All Assemblies, in  0.643 seconds
Refreshing native plugins compatible for Editor in 2.02 ms, found 3 plugins.
Native extension for OSXStandalone target not found
<HackaTime> Initializing...
UnityEngine.StackTraceUtility:ExtractStackTrace () (at /Users/bokken/build/output/unity/unity/Runtime/Export/Scripting/StackTrace.cs:37)
UnityEngine.DebugLogHandler:LogFormat (UnityEngine.LogType,UnityEngine.Object,string,object[])
UnityEngine.Logger:Log (UnityEngine.LogType,object)
UnityEngine.Debug:Log (object)
WakaTime.Plugin:Initialize () (at ./Library/PackageCache/com.daniel-geo.unityhackatime@5ac210a9a2/Editor/Plugin.cs:76)
WakaTime.Plugin:.cctor () (at ./Library/PackageCache/com.daniel-geo.unityhackatime@5ac210a9a2/Editor/Plugin.cs:41)
System.Runtime.CompilerServices.RuntimeHelpers:RunClassConstructor (System.RuntimeTypeHandle)
UnityEditor.EditorAssemblies:ProcessInitializeOnLoadAttributes (System.Type[]) (at /Users/bokken/build/output/unity/unity/Editor/Mono/EditorAssemblies.cs:119)

(Filename: ./Library/PackageCache/com.daniel-geo.unityhackatime@5ac210a9a2/Editor/Plugin.cs Line: 76)

<HackaTime> Sending heartbeat...
UnityEngine.StackTraceUtility:ExtractStackTrace () (at /Users/bokken/build/output/unity/unity/Runtime/Export/Scripting/StackTrace.cs:37)
UnityEngine.DebugLogHandler:LogFormat (UnityEngine.LogType,UnityEngine.Object,string,object[])
UnityEngine.Logger:Log (UnityEngine.LogType,object)
UnityEngine.Debug:Log (object)
WakaTime.Plugin/<SendHeartbeat>d__29:MoveNext () (at ./Library/PackageCache/com.daniel-geo.unityhackatime@5ac210a9a2/Editor/Plugin.cs:144)
System.Runtime.CompilerServices.AsyncVoidMethodBuilder:Start<WakaTime.Plugin/<SendHeartbeat>d__29> (WakaTime.Plugin/<SendHeartbeat>d__29&)
WakaTime.Plugin:SendHeartbeat (bool)
WakaTime.Plugin:Initialize () (at ./Library/PackageCache/com.daniel-geo.unityhackatime@5ac210a9a2/Editor/Plugin.cs:78)
WakaTime.Plugin:.cctor () (at ./Library/PackageCache/com.daniel-geo.unityhackatime@5ac210a9a2/Editor/Plugin.cs:41)
System.Runtime.CompilerServices.RuntimeHelpers:RunClassConstructor (System.RuntimeTypeHandle)
UnityEditor.EditorAssemblies:ProcessInitializeOnLoadAttributes (System.Type[]) (at /Users/bokken/build/output/unity/unity/Editor/Mono/EditorAssemblies.cs:119)

(Filename: ./Library/PackageCache/com.daniel-geo.unityhackatime@5ac210a9a2/Editor/Plugin.cs Line: 144)

Mono: successfully reloaded assembly
- Finished resetting the current domain, in  1.648 seconds
Domain Reload Profiling: 2292ms
	BeginReloadAssembly (165ms)
		ExecutionOrderSort (0ms)
		DisableScriptedObjects (6ms)
		BackupInstance (0ms)
		ReleaseScriptingObjects (0ms)
		CreateAndSetChildDomain (54ms)
	RebuildCommonClasses (27ms)
	RebuildNativeTypeToScriptingClass (9ms)
	initialDomainReloadingComplete (18ms)
	LoadAllAssembliesAndSetupDomain (425ms)
		LoadAssemblies (456ms)
		RebuildTransferFunctionScriptingTraits (0ms)
		AnalyzeDomain (44ms)
			TypeCache.Refresh (26ms)
				TypeCache.ScanAssembly (1ms)
			ScanForSourceGeneratedMonoScriptInfo (12ms)
			ResolveRequiredComponents (6ms)
	FinalizeReload (1648ms)
		ReleaseScriptCaches (0ms)
		RebuildScriptCaches (0ms)
		SetupLoadedEditorAssemblies (386ms)
			LogAssemblyErrors (0ms)
			InitializePlatformSupportModulesInManaged (3ms)
			SetLoadedEditorAssemblies (3ms)
			RefreshPlugins (0ms)
			BeforeProcessingInitializeOnLoad (36ms)
			ProcessInitializeOnLoadAttributes (332ms)
			ProcessInitializeOnLoadMethodAttributes (12ms)
			AfterProcessingInitializeOnLoad (1ms)
			EditorAssembliesLoaded (0ms)
		ExecutionOrderSort2 (0ms)
		AwakeInstancesAfterBackupRestoration (2ms)
Refreshing native plugins compatible for Editor in 2.76 ms, found 3 plugins.
Preloading 0 native plugins for Editor in 0.00 ms.
<HackaTime> Got response
{"id":2725605022,"user_id":61064,"branch":"main","category":"coding","dependencies":[],"editor":"unity","entity":"Unsaved Scene","language":"unity","machine":null,"operating_system":null,"project":"Duos","type":"file","user_agent":"unity-hackatime","line_additions":null,"line_deletions":null,"lineno":null,"lines":null,"cursorpos":null,"project_root_count":null,"time":1789704704.0,"is_write":false,"created_at":"2026-09-18T04:11:41.863Z","updated_at":"2026-09-18T04:11:41.863Z","fields_hash":"1e7f7156675f2d221ed32026a534feda","source_type":"direct_entry","ip_address":"103.55.58.4","deleted_at":null,"ja4_id":211,"ai_model":null,"ai_session":null,"ai_subscription_plan":null,"ai_input_tokens":null,"ai_output_tokens":null,"ai_prompt_length":null,"ai_line_changes":null,"human_line_changes":null}
UnityEngine.StackTraceUtility:ExtractStackTrace () (at /Users/bokken/build/output/unity/unity/Runtime/Export/Scripting/StackTrace.cs:37)
UnityEngine.DebugLogHandler:LogFormat (UnityEngine.LogType,UnityEngine.Object,string,object[])
UnityEngine.Logger:Log (UnityEngine.LogType,object)
UnityEngine.Debug:Log (object)
WakaTime.Plugin/<SendHeartbeat>d__29:MoveNext () (at ./Library/PackageCache/com.daniel-geo.unityhackatime@5ac210a9a2/Editor/Plugin.cs:187)
System.Runtime.CompilerServices.AsyncMethodBuilderCore/MoveNextRunner:InvokeMoveNext (object)
System.Threading.ExecutionContext:RunInternal (System.Threading.ExecutionContext,System.Threading.ContextCallback,object,bool)
System.Threading.ExecutionContext:Run (System.Threading.ExecutionContext,System.Threading.ContextCallback,object,bool)
System.Runtime.CompilerServices.AsyncMethodBuilderCore/MoveNextRunner:Run ()
System.Threading.Tasks.AwaitTaskContinuation:InvokeAction (object)
System.Threading.Tasks.AwaitTaskContinuation:RunCallback (System.Threading.ContextCallback,object,System.Threading.Tasks.Task&)
System.Threading.Tasks.SynchronizationContextAwaitTaskContinuation:Run (System.Threading.Tasks.Task,bool)
System.Threading.Tasks.Task:FinishContinuations ()
System.Threading.Tasks.Task:FinishStageThree ()
System.Threading.Tasks.Task`1<bool>:TrySetResult (bool)
System.Threading.Tasks.TaskCompletionSource`1<bool>:TrySetResult (bool)
WakaTime.Plugin/<>c__DisplayClass29_0:<SendHeartbeat>b__0 (UnityEngine.AsyncOperation) (at ./Library/PackageCache/com.daniel-geo.unityhackatime@5ac210a9a2/Editor/Plugin.cs:176)
UnityEngine.AsyncOperation:InvokeCompletionEvent () (at /Users/bokken/build/output/unity/unity/Runtime/Export/Scripting/AsyncOperation.cs:21)

(Filename: ./Library/PackageCache/com.daniel-geo.unityhackatime@5ac210a9a2/Editor/Plugin.cs Line: 187)

<HackaTime> Sent heartbeat!
UnityEngine.StackTraceUtility:ExtractStackTrace () (at /Users/bokken/build/output/unity/unity/Runtime/Export/Scripting/StackTrace.cs:37)
UnityEngine.DebugLogHandler:LogFormat (UnityEngine.LogType,UnityEngine.Object,string,object[])
UnityEngine.Logger:Log (UnityEngine.LogType,object)
UnityEngine.Debug:Log (object)
WakaTime.Plugin/<SendHeartbeat>d__29:MoveNext () (at ./Library/PackageCache/com.daniel-geo.unityhackatime@5ac210a9a2/Editor/Plugin.cs:203)
System.Runtime.CompilerServices.AsyncMethodBuilderCore/MoveNextRunner:InvokeMoveNext (object)
System.Threading.ExecutionContext:RunInternal (System.Threading.ExecutionContext,System.Threading.ContextCallback,object,bool)
System.Threading.ExecutionContext:Run (System.Threading.ExecutionContext,System.Threading.ContextCallback,object,bool)
System.Runtime.CompilerServices.AsyncMethodBuilderCore/MoveNextRunner:Run ()
System.Threading.Tasks.AwaitTaskContinuation:InvokeAction (object)
System.Threading.Tasks.AwaitTaskContinuation:RunCallback (System.Threading.ContextCallback,object,System.Threading.Tasks.Task&)
System.Threading.Tasks.SynchronizationContextAwaitTaskContinuation:Run (System.Threading.Tasks.Task,bool)
System.Threading.Tasks.Task:FinishContinuations ()
System.Threading.Tasks.Task:FinishStageThree ()
System.Threading.Tasks.Task`1<bool>:TrySetResult (bool)
System.Threading.Tasks.TaskCompletionSource`1<bool>:TrySetResult (bool)
WakaTime.Plugin/<>c__DisplayClass29_0:<SendHeartbeat>b__0 (UnityEngine.AsyncOperation) (at ./Library/PackageCache/com.daniel-geo.unityhackatime@5ac210a9a2/Editor/Plugin.cs:176)
UnityEngine.AsyncOperation:InvokeCompletionEvent () (at /Users/bokken/build/output/unity/unity/Runtime/Export/Scripting/AsyncOperation.cs:21)

(Filename: ./Library/PackageCache/com.daniel-geo.unityhackatime@5ac210a9a2/Editor/Plugin.cs Line: 203)

Unloading 3682 Unused Serialized files (Serialized files now loaded: 0)
Unloading 47 unused Assets / (1.8 MB). Loaded Objects now: 4476.
Memory consumption went from 0.62 GB to 0.62 GB.
Total: 3.735458 ms (FindLiveObjects: 0.223042 ms CreateObjectMapping: 0.050584 ms MarkObjects: 3.227750 ms  DeleteObjects: 0.233583 ms)

Prepare: number of updated asset objects reloaded= 0
AssetImportParameters requested are different than current active one (requested -> active):
  custom:container-demuxer-ogg: 62fdf1f143b41e24485cea50d1cbac27 -> 
  custom:video-decoder-ogg-theora: a1e56fd34408186e4bbccfd4996cb3dc -> 
  custom:CustomObjectIndexerAttribute: 9a22284fe3817be447336de3de66b15e -> 
  custom:container-demuxer-webm: 4f35f7cbe854078d1ac9338744f61a02 -> 
  custom:container-muxer-webm: aa71ff27fc2769a1b78a27578f13a17b -> 
  custom:video-decoder-webm-vp8: 9c59270c3fd7afecdb556c50c9e8de78 -> 
  custom:SearchIndexIgnoredProperties: e643bd26f0fe6173181afceb89e7c659 -> 
  custom:AudioImporter_EditorPlatform: 3918e3fc78b5a79bad01e8451be0beb8 -> 
  custom:framework-osx-AVFoundation: e770b220cccbd017edd2c1fefb359320 -> 
  custom:video-encoder-webm-vp8: eb34c28f22e8b96e1ab97ce403110664 -> 
  custom:audio-decoder-ogg-vorbis: bf7c407c2cedff20999df2af8eb42d56 -> 
  custom:audio-encoder-webm-vorbis: bf7c407c2cedff20999df2af8eb42d56 -> 
========================================================================
Received Prepare
Begin MonoManager ReloadAssembly
Thread 0x16dfd7000 may have been prematurely finalized
- Loaded All Assemblies, in  0.609 seconds
Refreshing native plugins compatible for Editor in 2.75 ms, found 3 plugins.
Native extension for OSXStandalone target not found
<HackaTime> Initializing...
UnityEngine.StackTraceUtility:ExtractStackTrace () (at /Users/bokken/build/output/unity/unity/Runtime/Export/Scripting/StackTrace.cs:37)
UnityEngine.DebugLogHandler:LogFormat (UnityEngine.LogType,UnityEngine.Object,string,object[])
UnityEngine.Logger:Log (UnityEngine.LogType,object)
UnityEngine.Debug:Log (object)
WakaTime.Plugin:Initialize () (at ./Library/PackageCache/com.daniel-geo.unityhackatime@5ac210a9a2/Editor/Plugin.cs:76)
WakaTime.Plugin:.cctor () (at ./Library/PackageCache/com.daniel-geo.unityhackatime@5ac210a9a2/Editor/Plugin.cs:41)
System.Runtime.CompilerServices.RuntimeHelpers:RunClassConstructor (System.RuntimeTypeHandle)
UnityEditor.EditorAssemblies:ProcessInitializeOnLoadAttributes (System.Type[]) (at /Users/bokken/build/output/unity/unity/Editor/Mono/EditorAssemblies.cs:119)

(Filename: ./Library/PackageCache/com.daniel-geo.unityhackatime@5ac210a9a2/Editor/Plugin.cs Line: 76)

<HackaTime> Sending heartbeat...
UnityEngine.StackTraceUtility:ExtractStackTrace () (at /Users/bokken/build/output/unity/unity/Runtime/Export/Scripting/StackTrace.cs:37)
UnityEngine.DebugLogHandler:LogFormat (UnityEngine.LogType,UnityEngine.Object,string,object[])
UnityEngine.Logger:Log (UnityEngine.LogType,object)
UnityEngine.Debug:Log (object)
WakaTime.Plugin/<SendHeartbeat>d__29:MoveNext () (at ./Library/PackageCache/com.daniel-geo.unityhackatime@5ac210a9a2/Editor/Plugin.cs:144)
System.Runtime.CompilerServices.AsyncVoidMethodBuilder:Start<WakaTime.Plugin/<SendHeartbeat>d__29> (WakaTime.Plugin/<SendHeartbeat>d__29&)
WakaTime.Plugin:SendHeartbeat (bool)
WakaTime.Plugin:Initialize () (at ./Library/PackageCache/com.daniel-geo.unityhackatime@5ac210a9a2/Editor/Plugin.cs:78)
WakaTime.Plugin:.cctor () (at ./Library/PackageCache/com.daniel-geo.unityhackatime@5ac210a9a2/Editor/Plugin.cs:41)
System.Runtime.CompilerServices.RuntimeHelpers:RunClassConstructor (System.RuntimeTypeHandle)
UnityEditor.EditorAssemblies:ProcessInitializeOnLoadAttributes (System.Type[]) (at /Users/bokken/build/output/unity/unity/Editor/Mono/EditorAssemblies.cs:119)

(Filename: ./Library/PackageCache/com.daniel-geo.unityhackatime@5ac210a9a2/Editor/Plugin.cs Line: 144)

Mono: successfully reloaded assembly
- Finished resetting the current domain, in  0.952 seconds
Domain Reload Profiling: 1565ms
	BeginReloadAssembly (258ms)
		ExecutionOrderSort (0ms)
		DisableScriptedObjects (4ms)
		BackupInstance (0ms)
		ReleaseScriptingObjects (0ms)
		CreateAndSetChildDomain (110ms)
	RebuildCommonClasses (27ms)
	RebuildNativeTypeToScriptingClass (10ms)
	initialDomainReloadingComplete (24ms)
	LoadAllAssembliesAndSetupDomain (294ms)
		LoadAssemblies (385ms)
		RebuildTransferFunctionScriptingTraits (0ms)
		AnalyzeDomain (21ms)
			TypeCache.Refresh (13ms)
				TypeCache.ScanAssembly (0ms)
			ScanForSourceGeneratedMonoScriptInfo (0ms)
			ResolveRequiredComponents (6ms)
	FinalizeReload (952ms)
		ReleaseScriptCaches (0ms)
		RebuildScriptCaches (0ms)
		SetupLoadedEditorAssemblies (382ms)
			LogAssemblyErrors (0ms)
			InitializePlatformSupportModulesInManaged (3ms)
			SetLoadedEditorAssemblies (2ms)
			RefreshPlugins (0ms)
			BeforeProcessingInitializeOnLoad (36ms)
			ProcessInitializeOnLoadAttributes (327ms)
			ProcessInitializeOnLoadMethodAttributes (12ms)
			AfterProcessingInitializeOnLoad (1ms)
			EditorAssembliesLoaded (0ms)
		ExecutionOrderSort2 (0ms)
		AwakeInstancesAfterBackupRestoration (3ms)
Refreshing native plugins compatible for Editor in 2.08 ms, found 3 plugins.
Preloading 0 native plugins for Editor in 0.00 ms.
Unloading 3682 Unused Serialized files (Serialized files now loaded: 0)
Unloading 47 unused Assets / (1.8 MB). Loaded Objects now: 4480.
Memory consumption went from 0.63 GB to 0.63 GB.
Total: 3.866708 ms (FindLiveObjects: 0.245333 ms CreateObjectMapping: 0.058667 ms MarkObjects: 3.197375 ms  DeleteObjects: 0.364833 ms)

Prepare: number of updated asset objects reloaded= 0
AssetImportParameters requested are different than current active one (requested -> active):
  custom:container-demuxer-ogg: 62fdf1f143b41e24485cea50d1cbac27 -> 
  custom:video-decoder-ogg-theora: a1e56fd34408186e4bbccfd4996cb3dc -> 
  custom:CustomObjectIndexerAttribute: 9a22284fe3817be447336de3de66b15e -> 
  custom:container-demuxer-webm: 4f35f7cbe854078d1ac9338744f61a02 -> 
  custom:container-muxer-webm: aa71ff27fc2769a1b78a27578f13a17b -> 
  custom:video-decoder-webm-vp8: 9c59270c3fd7afecdb556c50c9e8de78 -> 
  custom:SearchIndexIgnoredProperties: e643bd26f0fe6173181afceb89e7c659 -> 
  custom:AudioImporter_EditorPlatform: 3918e3fc78b5a79bad01e8451be0beb8 -> 
  custom:framework-osx-AVFoundation: e770b220cccbd017edd2c1fefb359320 -> 
  custom:video-encoder-webm-vp8: eb34c28f22e8b96e1ab97ce403110664 -> 
  custom:audio-decoder-ogg-vorbis: bf7c407c2cedff20999df2af8eb42d56 -> 
  custom:audio-encoder-webm-vorbis: bf7c407c2cedff20999df2af8eb42d56 -> 
========================================================================
Received Prepare
Begin MonoManager ReloadAssembly
Thread 0x31b953000 may have been prematurely finalized
- Loaded All Assemblies, in  0.505 seconds
Refreshing native plugins compatible for Editor in 3.21 ms, found 3 plugins.
Native extension for OSXStandalone target not found
<HackaTime> Initializing...
UnityEngine.StackTraceUtility:ExtractStackTrace () (at /Users/bokken/build/output/unity/unity/Runtime/Export/Scripting/StackTrace.cs:37)
UnityEngine.DebugLogHandler:LogFormat (UnityEngine.LogType,UnityEngine.Object,string,object[])
UnityEngine.Logger:Log (UnityEngine.LogType,object)
UnityEngine.Debug:Log (object)
WakaTime.Plugin:Initialize () (at ./Library/PackageCache/com.daniel-geo.unityhackatime@5ac210a9a2/Editor/Plugin.cs:76)
WakaTime.Plugin:.cctor () (at ./Library/PackageCache/com.daniel-geo.unityhackatime@5ac210a9a2/Editor/Plugin.cs:41)
System.Runtime.CompilerServices.RuntimeHelpers:RunClassConstructor (System.RuntimeTypeHandle)
UnityEditor.EditorAssemblies:ProcessInitializeOnLoadAttributes (System.Type[]) (at /Users/bokken/build/output/unity/unity/Editor/Mono/EditorAssemblies.cs:119)

(Filename: ./Library/PackageCache/com.daniel-geo.unityhackatime@5ac210a9a2/Editor/Plugin.cs Line: 76)

<HackaTime> Sending heartbeat...
UnityEngine.StackTraceUtility:ExtractStackTrace () (at /Users/bokken/build/output/unity/unity/Runtime/Export/Scripting/StackTrace.cs:37)
UnityEngine.DebugLogHandler:LogFormat (UnityEngine.LogType,UnityEngine.Object,string,object[])
UnityEngine.Logger:Log (UnityEngine.LogType,object)
UnityEngine.Debug:Log (object)
WakaTime.Plugin/<SendHeartbeat>d__29:MoveNext () (at ./Library/PackageCache/com.daniel-geo.unityhackatime@5ac210a9a2/Editor/Plugin.cs:144)
System.Runtime.CompilerServices.AsyncVoidMethodBuilder:Start<WakaTime.Plugin/<SendHeartbeat>d__29> (WakaTime.Plugin/<SendHeartbeat>d__29&)
WakaTime.Plugin:SendHeartbeat (bool)
WakaTime.Plugin:Initialize () (at ./Library/PackageCache/com.daniel-geo.unityhackatime@5ac210a9a2/Editor/Plugin.cs:78)
WakaTime.Plugin:.cctor () (at ./Library/PackageCache/com.daniel-geo.unityhackatime@5ac210a9a2/Editor/Plugin.cs:41)
System.Runtime.CompilerServices.RuntimeHelpers:RunClassConstructor (System.RuntimeTypeHandle)
UnityEditor.EditorAssemblies:ProcessInitializeOnLoadAttributes (System.Type[]) (at /Users/bokken/build/output/unity/unity/Editor/Mono/EditorAssemblies.cs:119)

(Filename: ./Library/PackageCache/com.daniel-geo.unityhackatime@5ac210a9a2/Editor/Plugin.cs Line: 144)

Mono: successfully reloaded assembly
- Finished resetting the current domain, in  1.188 seconds
Domain Reload Profiling: 1694ms
	BeginReloadAssembly (176ms)
		ExecutionOrderSort (0ms)
		DisableScriptedObjects (4ms)
		BackupInstance (0ms)
		ReleaseScriptingObjects (0ms)
		CreateAndSetChildDomain (54ms)
	RebuildCommonClasses (41ms)
	RebuildNativeTypeToScriptingClass (10ms)
	initialDomainReloadingComplete (19ms)
	LoadAllAssembliesAndSetupDomain (260ms)
		LoadAssemblies (323ms)
		RebuildTransferFunctionScriptingTraits (0ms)
		AnalyzeDomain (30ms)
			TypeCache.Refresh (19ms)
				TypeCache.ScanAssembly (0ms)
			ScanForSourceGeneratedMonoScriptInfo (0ms)
			ResolveRequiredComponents (7ms)
	FinalizeReload (1188ms)
		ReleaseScriptCaches (0ms)
		RebuildScriptCaches (0ms)
		SetupLoadedEditorAssemblies (394ms)
			LogAssemblyErrors (0ms)
			InitializePlatformSupportModulesInManaged (3ms)
			SetLoadedEditorAssemblies (2ms)
			RefreshPlugins (0ms)
			BeforeProcessingInitializeOnLoad (37ms)
			ProcessInitializeOnLoadAttributes (339ms)
			ProcessInitializeOnLoadMethodAttributes (13ms)
			AfterProcessingInitializeOnLoad (1ms)
			EditorAssembliesLoaded (0ms)
		ExecutionOrderSort2 (0ms)
		AwakeInstancesAfterBackupRestoration (3ms)
Refreshing native plugins compatible for Editor in 2.27 ms, found 3 plugins.
Preloading 0 native plugins for Editor in 0.00 ms.
Release of invalid GC handle. The handle is from a previous domain. The release operation is skipped.
Release of invalid GC handle native callstack: 
 #0 GetStacktrace(int)
 #1 ScriptingGCHandle::Release() const
 #2 ScriptingGCHandle::ReleaseAndClear()
 #3 UploadHandlerRaw::~UploadHandlerRaw()
 #4 UploadHandler::Release()
 #5 UnityWebRequestProto<UnityWebRequestTransport, AtomicRefCounter, RedirectHelper, ResponseHelper, DownloadHandler, UploadHandler, CertificateHandler, HeaderHelper, AsyncOperation>::~UnityWebRequestProto()
 #6 UnityWebRequestAsyncOperation::InvokeCoroutine()
 #7 UnityWebRequestProto<UnityWebRequestTransport, AtomicRefCounter, RedirectHelper, ResponseHelper, DownloadHandler, UploadHandler, CertificateHandler, HeaderHelper, AsyncOperation>::Job_InvokeCoroutine(AsyncOperation*)
 #8 BackgroundJobQueue::ExecuteMainThreadJobs()
 #9 PreloadManager::WaitForAllAsyncOperationsToComplete()
 #10 UnloadUnusedAssetsImmediate(bool, bool)
 #11 invocation function for block in AssetImportWorkerClient::HandleMessage(PrepareMessage const&)::$_4::operator()() const
 #12 _dispatch_client_callout
 #13 _dispatch_async_and_wait_invoke
 #14 _dispatch_client_callout
 #15 _dispatch_main_queue_drain.cold.6
 #16 _dispatch_main_queue_drain
 #17 _dispatch_main_queue_callback_4CF
 #18 __CFRUNLOOP_IS_SERVICING_THE_MAIN_DISPATCH_QUEUE__
 #19 __CFRunLoopRun
 #20 _CFRunLoopRunSpecificWithOptions
 #21 RunCurrentEventLoopInMode
 #22 ReceiveNextEventCommon
 #23 _BlockUntilNextEventMatchingListInMode
 #24 _DPSBlockUntilNextEventMatchingListInMode
 #25 _DPSNextEvent
 #26 -[NSApplication(NSEventRouting) _nextEventMatchingEventMask:untilDate:inMode:dequeue:]
 #27 -[NSApplication(NSEventRouting) nextEventMatchingMask:untilDate:inMode:dequeue:]
 #28 -[NSApplication run]
 #29 NSApplicationMain
 #30 EditorMain(int, char const**)
 #31 main
 #32 start
<HackaTime> Got response
{"id":2725605649,"user_id":61064,"branch":"main","category":"coding","dependencies":[],"editor":"unity","entity":"Unsaved Scene","language":"unity","machine":null,"operating_system":null,"project":"Duos","type":"file","user_agent":"unity-hackatime","line_additions":null,"line_deletions":null,"lineno":null,"lines":null,"cursorpos":null,"project_root_count":null,"time":1789704832.0,"is_write":false,"created_at":"2026-09-18T04:13:18.117Z","updated_at":"2026-09-18T04:13:18.117Z","fields_hash":"03bbf47f9eadbacd36e3da5725aeaee2","source_type":"direct_entry","ip_address":"103.55.58.4","deleted_at":null,"ja4_id":211,"ai_model":null,"ai_session":null,"ai_subscription_plan":null,"ai_input_tokens":null,"ai_output_tokens":null,"ai_prompt_length":null,"ai_line_changes":null,"human_line_changes":null}
UnityEngine.StackTraceUtility:ExtractStackTrace () (at /Users/bokken/build/output/unity/unity/Runtime/Export/Scripting/StackTrace.cs:37)
UnityEngine.DebugLogHandler:LogFormat (UnityEngine.LogType,UnityEngine.Object,string,object[])
UnityEngine.Logger:Log (UnityEngine.LogType,object)
UnityEngine.Debug:Log (object)
WakaTime.Plugin/<SendHeartbeat>d__29:MoveNext () (at ./Library/PackageCache/com.daniel-geo.unityhackatime@5ac210a9a2/Editor/Plugin.cs:187)
System.Runtime.CompilerServices.AsyncMethodBuilderCore/MoveNextRunner:InvokeMoveNext (object)
System.Threading.ExecutionContext:RunInternal (System.Threading.ExecutionContext,System.Threading.ContextCallback,object,bool)
System.Threading.ExecutionContext:Run (System.Threading.ExecutionContext,System.Threading.ContextCallback,object,bool)
System.Runtime.CompilerServices.AsyncMethodBuilderCore/MoveNextRunner:Run ()
System.Threading.Tasks.AwaitTaskContinuation:InvokeAction (object)
System.Threading.Tasks.AwaitTaskContinuation:RunCallback (System.Threading.ContextCallback,object,System.Threading.Tasks.Task&)
System.Threading.Tasks.SynchronizationContextAwaitTaskContinuation:Run (System.Threading.Tasks.Task,bool)
System.Threading.Tasks.Task:FinishContinuations ()
System.Threading.Tasks.Task:FinishStageThree ()
System.Threading.Tasks.Task`1<bool>:TrySetResult (bool)
System.Threading.Tasks.TaskCompletionSource`1<bool>:TrySetResult (bool)
WakaTime.Plugin/<>c__DisplayClass29_0:<SendHeartbeat>b__0 (UnityEngine.AsyncOperation) (at ./Library/PackageCache/com.daniel-geo.unityhackatime@5ac210a9a2/Editor/Plugin.cs:176)
UnityEngine.AsyncOperation:InvokeCompletionEvent () (at /Users/bokken/build/output/unity/unity/Runtime/Export/Scripting/AsyncOperation.cs:21)

(Filename: ./Library/PackageCache/com.daniel-geo.unityhackatime@5ac210a9a2/Editor/Plugin.cs Line: 187)

<HackaTime> Sent heartbeat!
UnityEngine.StackTraceUtility:ExtractStackTrace () (at /Users/bokken/build/output/unity/unity/Runtime/Export/Scripting/StackTrace.cs:37)
UnityEngine.DebugLogHandler:LogFormat (UnityEngine.LogType,UnityEngine.Object,string,object[])
UnityEngine.Logger:Log (UnityEngine.LogType,object)
UnityEngine.Debug:Log (object)
WakaTime.Plugin/<SendHeartbeat>d__29:MoveNext () (at ./Library/PackageCache/com.daniel-geo.unityhackatime@5ac210a9a2/Editor/Plugin.cs:203)
System.Runtime.CompilerServices.AsyncMethodBuilderCore/MoveNextRunner:InvokeMoveNext (object)
System.Threading.ExecutionContext:RunInternal (System.Threading.ExecutionContext,System.Threading.ContextCallback,object,bool)
System.Threading.ExecutionContext:Run (System.Threading.ExecutionContext,System.Threading.ContextCallback,object,bool)
System.Runtime.CompilerServices.AsyncMethodBuilderCore/MoveNextRunner:Run ()
System.Threading.Tasks.AwaitTaskContinuation:InvokeAction (object)
System.Threading.Tasks.AwaitTaskContinuation:RunCallback (System.Threading.ContextCallback,object,System.Threading.Tasks.Task&)
System.Threading.Tasks.SynchronizationContextAwaitTaskContinuation:Run (System.Threading.Tasks.Task,bool)
System.Threading.Tasks.Task:FinishContinuations ()
System.Threading.Tasks.Task:FinishStageThree ()
System.Threading.Tasks.Task`1<bool>:TrySetResult (bool)
System.Threading.Tasks.TaskCompletionSource`1<bool>:TrySetResult (bool)
WakaTime.Plugin/<>c__DisplayClass29_0:<SendHeartbeat>b__0 (UnityEngine.AsyncOperation) (at ./Library/PackageCache/com.daniel-geo.unityhackatime@5ac210a9a2/Editor/Plugin.cs:176)
UnityEngine.AsyncOperation:InvokeCompletionEvent () (at /Users/bokken/build/output/unity/unity/Runtime/Export/Scripting/AsyncOperation.cs:21)

(Filename: ./Library/PackageCache/com.daniel-geo.unityhackatime@5ac210a9a2/Editor/Plugin.cs Line: 203)

Unloading 3682 Unused Serialized files (Serialized files now loaded: 0)
Unloading 47 unused Assets / (1.8 MB). Loaded Objects now: 4484.
Memory consumption went from 0.64 GB to 0.63 GB.
Total: 3.762417 ms (FindLiveObjects: 0.260333 ms CreateObjectMapping: 0.068334 ms MarkObjects: 3.102000 ms  DeleteObjects: 0.331334 ms)

Prepare: number of updated asset objects reloaded= 0
AssetImportParameters requested are different than current active one (requested -> active):
  custom:container-demuxer-ogg: 62fdf1f143b41e24485cea50d1cbac27 -> 
  custom:video-decoder-ogg-theora: a1e56fd34408186e4bbccfd4996cb3dc -> 
  custom:CustomObjectIndexerAttribute: 9a22284fe3817be447336de3de66b15e -> 
  custom:container-demuxer-webm: 4f35f7cbe854078d1ac9338744f61a02 -> 
  custom:container-muxer-webm: aa71ff27fc2769a1b78a27578f13a17b -> 
  custom:video-decoder-webm-vp8: 9c59270c3fd7afecdb556c50c9e8de78 -> 
  custom:SearchIndexIgnoredProperties: e643bd26f0fe6173181afceb89e7c659 -> 
  custom:AudioImporter_EditorPlatform: 3918e3fc78b5a79bad01e8451be0beb8 -> 
  custom:framework-osx-AVFoundation: e770b220cccbd017edd2c1fefb359320 -> 
  custom:video-encoder-webm-vp8: eb34c28f22e8b96e1ab97ce403110664 -> 
  custom:audio-decoder-ogg-vorbis: bf7c407c2cedff20999df2af8eb42d56 -> 
  custom:audio-encoder-webm-vorbis: bf7c407c2cedff20999df2af8eb42d56 -> 
========================================================================
Received Prepare
Begin MonoManager ReloadAssembly
Thread 0x31b993000 may have been prematurely finalized
- Loaded All Assemblies, in  0.530 seconds
Refreshing native plugins compatible for Editor in 2.90 ms, found 3 plugins.
Native extension for OSXStandalone target not found
<HackaTime> Initializing...
UnityEngine.StackTraceUtility:ExtractStackTrace () (at /Users/bokken/build/output/unity/unity/Runtime/Export/Scripting/StackTrace.cs:37)
UnityEngine.DebugLogHandler:LogFormat (UnityEngine.LogType,UnityEngine.Object,string,object[])
UnityEngine.Logger:Log (UnityEngine.LogType,object)
UnityEngine.Debug:Log (object)
WakaTime.Plugin:Initialize () (at ./Library/PackageCache/com.daniel-geo.unityhackatime@5ac210a9a2/Editor/Plugin.cs:76)
WakaTime.Plugin:.cctor () (at ./Library/PackageCache/com.daniel-geo.unityhackatime@5ac210a9a2/Editor/Plugin.cs:41)
System.Runtime.CompilerServices.RuntimeHelpers:RunClassConstructor (System.RuntimeTypeHandle)
UnityEditor.EditorAssemblies:ProcessInitializeOnLoadAttributes (System.Type[]) (at /Users/bokken/build/output/unity/unity/Editor/Mono/EditorAssemblies.cs:119)

(Filename: ./Library/PackageCache/com.daniel-geo.unityhackatime@5ac210a9a2/Editor/Plugin.cs Line: 76)

<HackaTime> Sending heartbeat...
UnityEngine.StackTraceUtility:ExtractStackTrace () (at /Users/bokken/build/output/unity/unity/Runtime/Export/Scripting/StackTrace.cs:37)
UnityEngine.DebugLogHandler:LogFormat (UnityEngine.LogType,UnityEngine.Object,string,object[])
UnityEngine.Logger:Log (UnityEngine.LogType,object)
UnityEngine.Debug:Log (object)
WakaTime.Plugin/<SendHeartbeat>d__29:MoveNext () (at ./Library/PackageCache/com.daniel-geo.unityhackatime@5ac210a9a2/Editor/Plugin.cs:144)
System.Runtime.CompilerServices.AsyncVoidMethodBuilder:Start<WakaTime.Plugin/<SendHeartbeat>d__29> (WakaTime.Plugin/<SendHeartbeat>d__29&)
WakaTime.Plugin:SendHeartbeat (bool)
WakaTime.Plugin:Initialize () (at ./Library/PackageCache/com.daniel-geo.unityhackatime@5ac210a9a2/Editor/Plugin.cs:78)
WakaTime.Plugin:.cctor () (at ./Library/PackageCache/com.daniel-geo.unityhackatime@5ac210a9a2/Editor/Plugin.cs:41)
System.Runtime.CompilerServices.RuntimeHelpers:RunClassConstructor (System.RuntimeTypeHandle)
UnityEditor.EditorAssemblies:ProcessInitializeOnLoadAttributes (System.Type[]) (at /Users/bokken/build/output/unity/unity/Editor/Mono/EditorAssemblies.cs:119)

(Filename: ./Library/PackageCache/com.daniel-geo.unityhackatime@5ac210a9a2/Editor/Plugin.cs Line: 144)

Mono: successfully reloaded assembly
- Finished resetting the current domain, in  1.159 seconds
Domain Reload Profiling: 1690ms
	BeginReloadAssembly (183ms)
		ExecutionOrderSort (0ms)
		DisableScriptedObjects (4ms)
		BackupInstance (0ms)
		ReleaseScriptingObjects (0ms)
		CreateAndSetChildDomain (60ms)
	RebuildCommonClasses (31ms)
	RebuildNativeTypeToScriptingClass (11ms)
	initialDomainReloadingComplete (22ms)
	LoadAllAssembliesAndSetupDomain (283ms)
		LoadAssemblies (346ms)
		RebuildTransferFunctionScriptingTraits (0ms)
		AnalyzeDomain (29ms)
			TypeCache.Refresh (22ms)
				TypeCache.ScanAssembly (0ms)
			ScanForSourceGeneratedMonoScriptInfo (0ms)
			ResolveRequiredComponents (6ms)
	FinalizeReload (1159ms)
		ReleaseScriptCaches (0ms)
		RebuildScriptCaches (0ms)
		SetupLoadedEditorAssemblies (397ms)
			LogAssemblyErrors (0ms)
			InitializePlatformSupportModulesInManaged (3ms)
			SetLoadedEditorAssemblies (2ms)
			RefreshPlugins (0ms)
			BeforeProcessingInitializeOnLoad (37ms)
			ProcessInitializeOnLoadAttributes (341ms)
			ProcessInitializeOnLoadMethodAttributes (13ms)
			AfterProcessingInitializeOnLoad (1ms)
			EditorAssembliesLoaded (0ms)
		ExecutionOrderSort2 (0ms)
		AwakeInstancesAfterBackupRestoration (3ms)
Refreshing native plugins compatible for Editor in 2.59 ms, found 3 plugins.
Preloading 0 native plugins for Editor in 0.00 ms.
<HackaTime> Got response
{"id":2725605649,"user_id":61064,"branch":"main","category":"coding","dependencies":[],"editor":"unity","entity":"Unsaved Scene","language":"unity","machine":null,"operating_system":null,"project":"Duos","type":"file","user_agent":"unity-hackatime","line_additions":null,"line_deletions":null,"lineno":null,"lines":null,"cursorpos":null,"project_root_count":null,"time":1789704832.0,"is_write":false,"created_at":"2026-09-18T04:13:18.117Z","updated_at":"2026-09-18T04:13:18.117Z","fields_hash":"03bbf47f9eadbacd36e3da5725aeaee2","source_type":"direct_entry","ip_address":"103.55.58.4","deleted_at":null,"ja4_id":211,"ai_model":null,"ai_session":null,"ai_subscription_plan":null,"ai_input_tokens":null,"ai_output_tokens":null,"ai_prompt_length":null,"ai_line_changes":null,"human_line_changes":null}
UnityEngine.StackTraceUtility:ExtractStackTrace () (at /Users/bokken/build/output/unity/unity/Runtime/Export/Scripting/StackTrace.cs:37)
UnityEngine.DebugLogHandler:LogFormat (UnityEngine.LogType,UnityEngine.Object,string,object[])
UnityEngine.Logger:Log (UnityEngine.LogType,object)
UnityEngine.Debug:Log (object)
WakaTime.Plugin/<SendHeartbeat>d__29:MoveNext () (at ./Library/PackageCache/com.daniel-geo.unityhackatime@5ac210a9a2/Editor/Plugin.cs:187)
System.Runtime.CompilerServices.AsyncMethodBuilderCore/MoveNextRunner:InvokeMoveNext (object)
System.Threading.ExecutionContext:RunInternal (System.Threading.ExecutionContext,System.Threading.ContextCallback,object,bool)
System.Threading.ExecutionContext:Run (System.Threading.ExecutionContext,System.Threading.ContextCallback,object,bool)
System.Runtime.CompilerServices.AsyncMethodBuilderCore/MoveNextRunner:Run ()
System.Threading.Tasks.AwaitTaskContinuation:InvokeAction (object)
System.Threading.Tasks.AwaitTaskContinuation:RunCallback (System.Threading.ContextCallback,object,System.Threading.Tasks.Task&)
System.Threading.Tasks.SynchronizationContextAwaitTaskContinuation:Run (System.Threading.Tasks.Task,bool)
System.Threading.Tasks.Task:FinishContinuations ()
System.Threading.Tasks.Task:FinishStageThree ()
System.Threading.Tasks.Task`1<bool>:TrySetResult (bool)
System.Threading.Tasks.TaskCompletionSource`1<bool>:TrySetResult (bool)
WakaTime.Plugin/<>c__DisplayClass29_0:<SendHeartbeat>b__0 (UnityEngine.AsyncOperation) (at ./Library/PackageCache/com.daniel-geo.unityhackatime@5ac210a9a2/Editor/Plugin.cs:176)
UnityEngine.AsyncOperation:InvokeCompletionEvent () (at /Users/bokken/build/output/unity/unity/Runtime/Export/Scripting/AsyncOperation.cs:21)

(Filename: ./Library/PackageCache/com.daniel-geo.unityhackatime@5ac210a9a2/Editor/Plugin.cs Line: 187)

<HackaTime> Sent heartbeat!
UnityEngine.StackTraceUtility:ExtractStackTrace () (at /Users/bokken/build/output/unity/unity/Runtime/Export/Scripting/StackTrace.cs:37)
UnityEngine.DebugLogHandler:LogFormat (UnityEngine.LogType,UnityEngine.Object,string,object[])
UnityEngine.Logger:Log (UnityEngine.LogType,object)
UnityEngine.Debug:Log (object)
WakaTime.Plugin/<SendHeartbeat>d__29:MoveNext () (at ./Library/PackageCache/com.daniel-geo.unityhackatime@5ac210a9a2/Editor/Plugin.cs:203)
System.Runtime.CompilerServices.AsyncMethodBuilderCore/MoveNextRunner:InvokeMoveNext (object)
System.Threading.ExecutionContext:RunInternal (System.Threading.ExecutionContext,System.Threading.ContextCallback,object,bool)
System.Threading.ExecutionContext:Run (System.Threading.ExecutionContext,System.Threading.ContextCallback,object,bool)
System.Runtime.CompilerServices.AsyncMethodBuilderCore/MoveNextRunner:Run ()
System.Threading.Tasks.AwaitTaskContinuation:InvokeAction (object)
System.Threading.Tasks.AwaitTaskContinuation:RunCallback (System.Threading.ContextCallback,object,System.Threading.Tasks.Task&)
System.Threading.Tasks.SynchronizationContextAwaitTaskContinuation:Run (System.Threading.Tasks.Task,bool)
System.Threading.Tasks.Task:FinishContinuations ()
System.Threading.Tasks.Task:FinishStageThree ()
System.Threading.Tasks.Task`1<bool>:TrySetResult (bool)
System.Threading.Tasks.TaskCompletionSource`1<bool>:TrySetResult (bool)
WakaTime.Plugin/<>c__DisplayClass29_0:<SendHeartbeat>b__0 (UnityEngine.AsyncOperation) (at ./Library/PackageCache/com.daniel-geo.unityhackatime@5ac210a9a2/Editor/Plugin.cs:176)
UnityEngine.AsyncOperation:InvokeCompletionEvent () (at /Users/bokken/build/output/unity/unity/Runtime/Export/Scripting/AsyncOperation.cs:21)

(Filename: ./Library/PackageCache/com.daniel-geo.unityhackatime@5ac210a9a2/Editor/Plugin.cs Line: 203)

Unloading 3682 Unused Serialized files (Serialized files now loaded: 0)
Unloading 47 unused Assets / (1.8 MB). Loaded Objects now: 4488.
Memory consumption went from 0.64 GB to 0.64 GB.
Total: 3.822125 ms (FindLiveObjects: 0.174584 ms CreateObjectMapping: 0.050541 ms MarkObjects: 3.321292 ms  DeleteObjects: 0.274916 ms)

Prepare: number of updated asset objects reloaded= 0
AssetImportParameters requested are different than current active one (requested -> active):
  custom:container-demuxer-ogg: 62fdf1f143b41e24485cea50d1cbac27 -> 
  custom:video-decoder-ogg-theora: a1e56fd34408186e4bbccfd4996cb3dc -> 
  custom:CustomObjectIndexerAttribute: 9a22284fe3817be447336de3de66b15e -> 
  custom:container-demuxer-webm: 4f35f7cbe854078d1ac9338744f61a02 -> 
  custom:container-muxer-webm: aa71ff27fc2769a1b78a27578f13a17b -> 
  custom:video-decoder-webm-vp8: 9c59270c3fd7afecdb556c50c9e8de78 -> 
  custom:SearchIndexIgnoredProperties: e643bd26f0fe6173181afceb89e7c659 -> 
  custom:AudioImporter_EditorPlatform: 3918e3fc78b5a79bad01e8451be0beb8 -> 
  custom:framework-osx-AVFoundation: e770b220cccbd017edd2c1fefb359320 -> 
  custom:video-encoder-webm-vp8: eb34c28f22e8b96e1ab97ce403110664 -> 
  custom:audio-decoder-ogg-vorbis: bf7c407c2cedff20999df2af8eb42d56 -> 
  custom:audio-encoder-webm-vorbis: bf7c407c2cedff20999df2af8eb42d56 -> 
