Unity Editor version:    2022.3.39f1 (4e1b0f82c39a)
Branch:                  2022.3/staging
Build type:              Release
Batch mode:              YES
macOS version:           Version 26.6.2 (Build 25G83)
Darwin version:          25.6.0
Architecture:            arm64
Running under Rosetta:   NO
Available memory:        8192 MB
Using pre-set license
Pro License: YES

COMMAND LINE ARGUMENTS:
/Applications/Unity/Hub/Editor/2022.3.39f1/Unity.app/Contents/MacOS/Unity
-adb2
-batchMode
-noUpm
-name
AssetImportWorker7
-projectPath
/Users/winston/Duos
-logFile
Logs/AssetImportWorker7.log
-srvPort
56238
Successfully changed project path to: /Users/winston/Duos
/Users/winston/Duos
[UnityMemory] Configuration Parameters - Can be set up in boot.config
    "memorysetup-bucket-allocator-granularity=16"
    "memorysetup-bucket-allocator-bucket-count=8"
    "memorysetup-bucket-allocator-block-size=33554432"
    "memorysetup-bucket-allocator-block-count=8"
    "memorysetup-main-allocator-block-size=16777216"
    "memorysetup-thread-allocator-block-size=16777216"
    "memorysetup-gfx-main-allocator-block-size=16777216"
    "memorysetup-gfx-thread-allocator-block-size=16777216"
    "memorysetup-cache-allocator-block-size=4194304"
    "memorysetup-typetree-allocator-block-size=2097152"
    "memorysetup-profiler-bucket-allocator-granularity=16"
    "memorysetup-profiler-bucket-allocator-bucket-count=8"
    "memorysetup-profiler-bucket-allocator-block-size=33554432"
    "memorysetup-profiler-bucket-allocator-block-count=8"
    "memorysetup-profiler-allocator-block-size=16777216"
    "memorysetup-profiler-editor-allocator-block-size=1048576"
    "memorysetup-temp-allocator-size-main=16777216"
    "memorysetup-job-temp-allocator-block-size=2097152"
    "memorysetup-job-temp-allocator-block-size-background=1048576"
    "memorysetup-job-temp-allocator-reduction-small-platforms=262144"
    "memorysetup-allocator-temp-initial-block-size-main=262144"
    "memorysetup-allocator-temp-initial-block-size-worker=262144"
    "memorysetup-temp-allocator-size-background-worker=32768"
    "memorysetup-temp-allocator-size-job-worker=262144"
    "memorysetup-temp-allocator-size-preload-manager=33554432"
    "memorysetup-temp-allocator-size-nav-mesh-worker=65536"
    "memorysetup-temp-allocator-size-audio-worker=65536"
    "memorysetup-temp-allocator-size-cloud-worker=32768"
    "memorysetup-temp-allocator-size-gi-baking-worker=262144"
    "memorysetup-temp-allocator-size-gfx=262144"
Player connection [8519541120]  Target information:

Player connection [8519541120]  * "[IP] 192.168.0.61 [Port] 0 [Flags] 2 [Guid] 2345255058 [EditorId] 2345255058 [Version] 1048832 [Id] OSXEditor(0,MacBookAir.modem) [Debug] 1 [PackageName] OSXEditor [ProjectName] Editor" 

Player connection [8519541120] Host joined multi-casting on [225.0.0.222:54997]...
Player connection [8519541120] Host joined alternative multi-casting on [225.0.0.222:34997]...
[PhysX] Initialized MultithreadedTaskDispatcher with 8 workers.
Refreshing native plugins compatible for Editor in 274.26 ms, found 3 plugins.
Preloading 0 native plugins for Editor in 0.00 ms.
Initialize engine version: 2022.3.39f1 (4e1b0f82c39a)
[Subsystems] Discovering subsystems at path /Applications/Unity/Hub/Editor/2022.3.39f1/Unity.app/Contents/Resources/UnitySubsystems
[Subsystems] Discovering subsystems at path /Users/winston/Duos/Assets
GfxDevice: creating device client; threaded=0; jobified=0
 preferred device: Apple M1 (high power)
Metal devices available: 1
0: Apple M1 (high power)
Using device Apple M1 (high power)
Initializing Metal device caps: Apple M1
Initialize mono
Mono path[0] = '/Applications/Unity/Hub/Editor/2022.3.39f1/Unity.app/Contents/Managed'
Mono path[1] = '/Applications/Unity/Hub/Editor/2022.3.39f1/Unity.app/Contents/MonoBleedingEdge/lib/mono/unityjit-macos'
Mono config path = '/Applications/Unity/Hub/Editor/2022.3.39f1/Unity.app/Contents/MonoBleedingEdge/etc'
Using monoOptions --debugger-agent=transport=dt_socket,embedding=1,server=y,suspend=n,address=127.0.0.1:56434
Begin MonoManager ReloadAssembly
Registering precompiled unity dll's ...
Register platform support module: /Applications/Unity/Hub/Editor/2022.3.39f1/Unity.app/Contents/PlaybackEngines/MacStandaloneSupport/UnityEditor.OSXStandalone.Extensions.dll
Registered in 0.002491 seconds.
- Loaded All Assemblies, in  0.500 seconds
Native extension for OSXStandalone target not found
Mono: successfully reloaded assembly
- Finished resetting the current domain, in  0.226 seconds
Domain Reload Profiling: 726ms
	BeginReloadAssembly (115ms)
		ExecutionOrderSort (0ms)
		DisableScriptedObjects (0ms)
		BackupInstance (0ms)
		ReleaseScriptingObjects (0ms)
		CreateAndSetChildDomain (1ms)
	RebuildCommonClasses (104ms)
	RebuildNativeTypeToScriptingClass (9ms)
	initialDomainReloadingComplete (42ms)
	LoadAllAssembliesAndSetupDomain (229ms)
		LoadAssemblies (116ms)
		RebuildTransferFunctionScriptingTraits (0ms)
		AnalyzeDomain (226ms)
			TypeCache.Refresh (225ms)
				TypeCache.ScanAssembly (185ms)
			ScanForSourceGeneratedMonoScriptInfo (0ms)
			ResolveRequiredComponents (0ms)
	FinalizeReload (226ms)
		ReleaseScriptCaches (0ms)
		RebuildScriptCaches (0ms)
		SetupLoadedEditorAssemblies (178ms)
			LogAssemblyErrors (0ms)
			InitializePlatformSupportModulesInManaged (7ms)
			SetLoadedEditorAssemblies (6ms)
			RefreshPlugins (0ms)
			BeforeProcessingInitializeOnLoad (1ms)
			ProcessInitializeOnLoadAttributes (119ms)
			ProcessInitializeOnLoadMethodAttributes (43ms)
			AfterProcessingInitializeOnLoad (0ms)
			EditorAssembliesLoaded (0ms)
		ExecutionOrderSort2 (0ms)
		AwakeInstancesAfterBackupRestoration (0ms)
========================================================================
Worker process is ready to serve import requests
Begin MonoManager ReloadAssembly
- Loaded All Assemblies, in  1.017 seconds
Refreshing native plugins compatible for Editor in 5.28 ms, found 3 plugins.
Native extension for OSXStandalone target not found
<HackaTime> Initializing...
UnityEngine.StackTraceUtility:ExtractStackTrace () (at /Users/bokken/build/output/unity/unity/Runtime/Export/Scripting/StackTrace.cs:37)
UnityEngine.DebugLogHandler:LogFormat (UnityEngine.LogType,UnityEngine.Object,string,object[])
UnityEngine.Logger:Log (UnityEngine.LogType,object)
UnityEngine.Debug:Log (object)
WakaTime.Plugin:Initialize () (at ./Library/PackageCache/com.daniel-geo.unityhackatime@5ac210a9a2/Editor/Plugin.cs:76)
WakaTime.Plugin:.cctor () (at ./Library/PackageCache/com.daniel-geo.unityhackatime@5ac210a9a2/Editor/Plugin.cs:41)
System.Runtime.CompilerServices.RuntimeHelpers:RunClassConstructor (System.RuntimeTypeHandle)
UnityEditor.EditorAssemblies:ProcessInitializeOnLoadAttributes (System.Type[]) (at /Users/bokken/build/output/unity/unity/Editor/Mono/EditorAssemblies.cs:119)

(Filename: ./Library/PackageCache/com.daniel-geo.unityhackatime@5ac210a9a2/Editor/Plugin.cs Line: 76)

<HackaTime> Sending heartbeat...
UnityEngine.StackTraceUtility:ExtractStackTrace () (at /Users/bokken/build/output/unity/unity/Runtime/Export/Scripting/StackTrace.cs:37)
UnityEngine.DebugLogHandler:LogFormat (UnityEngine.LogType,UnityEngine.Object,string,object[])
UnityEngine.Logger:Log (UnityEngine.LogType,object)
UnityEngine.Debug:Log (object)
WakaTime.Plugin/<SendHeartbeat>d__29:MoveNext () (at ./Library/PackageCache/com.daniel-geo.unityhackatime@5ac210a9a2/Editor/Plugin.cs:144)
System.Runtime.CompilerServices.AsyncVoidMethodBuilder:Start<WakaTime.Plugin/<SendHeartbeat>d__29> (WakaTime.Plugin/<SendHeartbeat>d__29&)
WakaTime.Plugin:SendHeartbeat (bool)
WakaTime.Plugin:Initialize () (at ./Library/PackageCache/com.daniel-geo.unityhackatime@5ac210a9a2/Editor/Plugin.cs:78)
WakaTime.Plugin:.cctor () (at ./Library/PackageCache/com.daniel-geo.unityhackatime@5ac210a9a2/Editor/Plugin.cs:41)
System.Runtime.CompilerServices.RuntimeHelpers:RunClassConstructor (System.RuntimeTypeHandle)
UnityEditor.EditorAssemblies:ProcessInitializeOnLoadAttributes (System.Type[]) (at /Users/bokken/build/output/unity/unity/Editor/Mono/EditorAssemblies.cs:119)

(Filename: ./Library/PackageCache/com.daniel-geo.unityhackatime@5ac210a9a2/Editor/Plugin.cs Line: 144)

Mono: successfully reloaded assembly
- Finished resetting the current domain, in  0.635 seconds
Domain Reload Profiling: 1654ms
	BeginReloadAssembly (150ms)
		ExecutionOrderSort (0ms)
		DisableScriptedObjects (4ms)
		BackupInstance (0ms)
		ReleaseScriptingObjects (0ms)
		CreateAndSetChildDomain (23ms)
	RebuildCommonClasses (32ms)
	RebuildNativeTypeToScriptingClass (10ms)
	initialDomainReloadingComplete (38ms)
	LoadAllAssembliesAndSetupDomain (788ms)
		LoadAssemblies (714ms)
		RebuildTransferFunctionScriptingTraits (0ms)
		AnalyzeDomain (169ms)
			TypeCache.Refresh (152ms)
				TypeCache.ScanAssembly (131ms)
			ScanForSourceGeneratedMonoScriptInfo (11ms)
			ResolveRequiredComponents (4ms)
	FinalizeReload (635ms)
		ReleaseScriptCaches (0ms)
		RebuildScriptCaches (0ms)
		SetupLoadedEditorAssemblies (522ms)
			LogAssemblyErrors (0ms)
			InitializePlatformSupportModulesInManaged (3ms)
			SetLoadedEditorAssemblies (3ms)
			RefreshPlugins (0ms)
			BeforeProcessingInitializeOnLoad (40ms)
			ProcessInitializeOnLoadAttributes (461ms)
			ProcessInitializeOnLoadMethodAttributes (14ms)
			AfterProcessingInitializeOnLoad (1ms)
			EditorAssembliesLoaded (0ms)
		ExecutionOrderSort2 (0ms)
		AwakeInstancesAfterBackupRestoration (3ms)
Launching external process: /Applications/Unity/Hub/Editor/2022.3.39f1/Unity.app/Contents/Tools/UnityShaderCompiler
Launched and connected shader compiler UnityShaderCompiler after 0.61 seconds
Refreshing native plugins compatible for Editor in 5.65 ms, found 3 plugins.
Preloading 0 native plugins for Editor in 0.00 ms.
<HackaTime> Got response
{"id":2740260161,"user_id":61064,"branch":"main","category":"coding","dependencies":[],"editor":"unity","entity":"Unsaved Scene","language":"unity","machine":null,"operating_system":null,"project":"Duos","type":"file","user_agent":"unity-hackatime","line_additions":null,"line_deletions":null,"lineno":null,"lines":null,"cursorpos":null,"project_root_count":null,"time":1790944896.0,"is_write":false,"created_at":"2026-10-02T12:41:02.161Z","updated_at":"2026-10-02T12:41:02.161Z","fields_hash":"be323f9b68607a922e5d7d1c5fbaa6c7","source_type":"direct_entry","ip_address":"2001:8003:cc20:b000:d019:d93e:3ea5:ef8b","deleted_at":null,"ja4_id":41,"ai_model":null,"ai_session":null,"ai_subscription_plan":null,"ai_input_tokens":null,"ai_output_tokens":null,"ai_prompt_length":null,"ai_line_changes":null,"human_line_changes":null}
UnityEngine.StackTraceUtility:ExtractStackTrace () (at /Users/bokken/build/output/unity/unity/Runtime/Export/Scripting/StackTrace.cs:37)
UnityEngine.DebugLogHandler:LogFormat (UnityEngine.LogType,UnityEngine.Object,string,object[])
UnityEngine.Logger:Log (UnityEngine.LogType,object)
UnityEngine.Debug:Log (object)
WakaTime.Plugin/<SendHeartbeat>d__29:MoveNext () (at ./Library/PackageCache/com.daniel-geo.unityhackatime@5ac210a9a2/Editor/Plugin.cs:187)
System.Runtime.CompilerServices.AsyncMethodBuilderCore/MoveNextRunner:InvokeMoveNext (object)
System.Threading.ExecutionContext:RunInternal (System.Threading.ExecutionContext,System.Threading.ContextCallback,object,bool)
System.Threading.ExecutionContext:Run (System.Threading.ExecutionContext,System.Threading.ContextCallback,object,bool)
System.Runtime.CompilerServices.AsyncMethodBuilderCore/MoveNextRunner:Run ()
System.Threading.Tasks.AwaitTaskContinuation:InvokeAction (object)
System.Threading.Tasks.AwaitTaskContinuation:RunCallback (System.Threading.ContextCallback,object,System.Threading.Tasks.Task&)
System.Threading.Tasks.SynchronizationContextAwaitTaskContinuation:Run (System.Threading.Tasks.Task,bool)
System.Threading.Tasks.Task:FinishContinuations ()
System.Threading.Tasks.Task:FinishStageThree ()
System.Threading.Tasks.Task`1<bool>:TrySetResult (bool)
System.Threading.Tasks.TaskCompletionSource`1<bool>:TrySetResult (bool)
WakaTime.Plugin/<>c__DisplayClass29_0:<SendHeartbeat>b__0 (UnityEngine.AsyncOperation) (at ./Library/PackageCache/com.daniel-geo.unityhackatime@5ac210a9a2/Editor/Plugin.cs:176)
UnityEngine.AsyncOperation:InvokeCompletionEvent () (at /Users/bokken/build/output/unity/unity/Runtime/Export/Scripting/AsyncOperation.cs:21)

(Filename: ./Library/PackageCache/com.daniel-geo.unityhackatime@5ac210a9a2/Editor/Plugin.cs Line: 187)

<HackaTime> Sent heartbeat!
UnityEngine.StackTraceUtility:ExtractStackTrace () (at /Users/bokken/build/output/unity/unity/Runtime/Export/Scripting/StackTrace.cs:37)
UnityEngine.DebugLogHandler:LogFormat (UnityEngine.LogType,UnityEngine.Object,string,object[])
UnityEngine.Logger:Log (UnityEngine.LogType,object)
UnityEngine.Debug:Log (object)
WakaTime.Plugin/<SendHeartbeat>d__29:MoveNext () (at ./Library/PackageCache/com.daniel-geo.unityhackatime@5ac210a9a2/Editor/Plugin.cs:203)
System.Runtime.CompilerServices.AsyncMethodBuilderCore/MoveNextRunner:InvokeMoveNext (object)
System.Threading.ExecutionContext:RunInternal (System.Threading.ExecutionContext,System.Threading.ContextCallback,object,bool)
System.Threading.ExecutionContext:Run (System.Threading.ExecutionContext,System.Threading.ContextCallback,object,bool)
System.Runtime.CompilerServices.AsyncMethodBuilderCore/MoveNextRunner:Run ()
System.Threading.Tasks.AwaitTaskContinuation:InvokeAction (object)
System.Threading.Tasks.AwaitTaskContinuation:RunCallback (System.Threading.ContextCallback,object,System.Threading.Tasks.Task&)
System.Threading.Tasks.SynchronizationContextAwaitTaskContinuation:Run (System.Threading.Tasks.Task,bool)
System.Threading.Tasks.Task:FinishContinuations ()
System.Threading.Tasks.Task:FinishStageThree ()
System.Threading.Tasks.Task`1<bool>:TrySetResult (bool)
System.Threading.Tasks.TaskCompletionSource`1<bool>:TrySetResult (bool)
WakaTime.Plugin/<>c__DisplayClass29_0:<SendHeartbeat>b__0 (UnityEngine.AsyncOperation) (at ./Library/PackageCache/com.daniel-geo.unityhackatime@5ac210a9a2/Editor/Plugin.cs:176)
UnityEngine.AsyncOperation:InvokeCompletionEvent () (at /Users/bokken/build/output/unity/unity/Runtime/Export/Scripting/AsyncOperation.cs:21)

(Filename: ./Library/PackageCache/com.daniel-geo.unityhackatime@5ac210a9a2/Editor/Plugin.cs Line: 203)

Unloading 3735 Unused Serialized files (Serialized files now loaded: 0)
Unloading 56 unused Assets / (1.8 MB). Loaded Objects now: 4204.
Memory consumption went from 165.3 MB to 163.5 MB.
Total: 11.023250 ms (FindLiveObjects: 0.446792 ms CreateObjectMapping: 0.076625 ms MarkObjects: 9.420750 ms  DeleteObjects: 1.078084 ms)

AssetImportParameters requested are different than current active one (requested -> active):
  custom:container-demuxer-ogg: 62fdf1f143b41e24485cea50d1cbac27 -> 
  custom:video-decoder-ogg-theora: a1e56fd34408186e4bbccfd4996cb3dc -> 
  custom:CustomObjectIndexerAttribute: 9a22284fe3817be447336de3de66b15e -> 
  custom:container-demuxer-webm: 4f35f7cbe854078d1ac9338744f61a02 -> 
  custom:container-muxer-webm: aa71ff27fc2769a1b78a27578f13a17b -> 
  custom:video-decoder-webm-vp8: 9c59270c3fd7afecdb556c50c9e8de78 -> 
  custom:SearchIndexIgnoredProperties: e643bd26f0fe6173181afceb89e7c659 -> 
  custom:AudioImporter_EditorPlatform: 3918e3fc78b5a79bad01e8451be0beb8 -> 
  custom:framework-osx-AVFoundation: e770b220cccbd017edd2c1fefb359320 -> 
  custom:video-encoder-webm-vp8: eb34c28f22e8b96e1ab97ce403110664 -> 
  custom:audio-decoder-ogg-vorbis: bf7c407c2cedff20999df2af8eb42d56 -> 
  custom:audio-encoder-webm-vorbis: bf7c407c2cedff20999df2af8eb42d56 -> 
========================================================================
Received Import Request.
  Time since last request: 940557.395001 seconds.
  path: Assets/Scenes/Volleyball.unity
  artifactKey: Guid(9fc0d4010bbf28b4594072e72b8655ab) Importer(815301076,1909f56bfc062723c751e8b465ee728b)
Start importing Assets/Scenes/Volleyball.unity using Guid(9fc0d4010bbf28b4594072e72b8655ab) Importer(815301076,1909f56bfc062723c751e8b465ee728b) [PhysX] Initialized MultithreadedTaskDispatcher with 8 workers.
 -> (artifact id: '15e7987b8ae15612dacca8847166cb3d') in 0.001806 seconds
Number of updated asset objects reloaded before import = 0
Number of asset objects unloaded after import = 0
========================================================================
Received Prepare
Begin MonoManager ReloadAssembly
Thread 0x3175c7000 may have been prematurely finalized
- Loaded All Assemblies, in  0.476 seconds
Refreshing native plugins compatible for Editor in 2.14 ms, found 3 plugins.
Native extension for OSXStandalone target not found
<HackaTime> Initializing...
UnityEngine.StackTraceUtility:ExtractStackTrace () (at /Users/bokken/build/output/unity/unity/Runtime/Export/Scripting/StackTrace.cs:37)
UnityEngine.DebugLogHandler:LogFormat (UnityEngine.LogType,UnityEngine.Object,string,object[])
UnityEngine.Logger:Log (UnityEngine.LogType,object)
UnityEngine.Debug:Log (object)
WakaTime.Plugin:Initialize () (at ./Library/PackageCache/com.daniel-geo.unityhackatime@5ac210a9a2/Editor/Plugin.cs:76)
WakaTime.Plugin:.cctor () (at ./Library/PackageCache/com.daniel-geo.unityhackatime@5ac210a9a2/Editor/Plugin.cs:41)
System.Runtime.CompilerServices.RuntimeHelpers:RunClassConstructor (System.RuntimeTypeHandle)
UnityEditor.EditorAssemblies:ProcessInitializeOnLoadAttributes (System.Type[]) (at /Users/bokken/build/output/unity/unity/Editor/Mono/EditorAssemblies.cs:119)

(Filename: ./Library/PackageCache/com.daniel-geo.unityhackatime@5ac210a9a2/Editor/Plugin.cs Line: 76)

<HackaTime> Sending heartbeat...
UnityEngine.StackTraceUtility:ExtractStackTrace () (at /Users/bokken/build/output/unity/unity/Runtime/Export/Scripting/StackTrace.cs:37)
UnityEngine.DebugLogHandler:LogFormat (UnityEngine.LogType,UnityEngine.Object,string,object[])
UnityEngine.Logger:Log (UnityEngine.LogType,object)
UnityEngine.Debug:Log (object)
WakaTime.Plugin/<SendHeartbeat>d__29:MoveNext () (at ./Library/PackageCache/com.daniel-geo.unityhackatime@5ac210a9a2/Editor/Plugin.cs:144)
System.Runtime.CompilerServices.AsyncVoidMethodBuilder:Start<WakaTime.Plugin/<SendHeartbeat>d__29> (WakaTime.Plugin/<SendHeartbeat>d__29&)
WakaTime.Plugin:SendHeartbeat (bool)
WakaTime.Plugin:Initialize () (at ./Library/PackageCache/com.daniel-geo.unityhackatime@5ac210a9a2/Editor/Plugin.cs:78)
WakaTime.Plugin:.cctor () (at ./Library/PackageCache/com.daniel-geo.unityhackatime@5ac210a9a2/Editor/Plugin.cs:41)
System.Runtime.CompilerServices.RuntimeHelpers:RunClassConstructor (System.RuntimeTypeHandle)
UnityEditor.EditorAssemblies:ProcessInitializeOnLoadAttributes (System.Type[]) (at /Users/bokken/build/output/unity/unity/Editor/Mono/EditorAssemblies.cs:119)

(Filename: ./Library/PackageCache/com.daniel-geo.unityhackatime@5ac210a9a2/Editor/Plugin.cs Line: 144)

Mono: successfully reloaded assembly
- Finished resetting the current domain, in  1.391 seconds
Domain Reload Profiling: 1867ms
	BeginReloadAssembly (162ms)
		ExecutionOrderSort (0ms)
		DisableScriptedObjects (5ms)
		BackupInstance (0ms)
		ReleaseScriptingObjects (0ms)
		CreateAndSetChildDomain (56ms)
	RebuildCommonClasses (26ms)
	RebuildNativeTypeToScriptingClass (8ms)
	initialDomainReloadingComplete (16ms)
	LoadAllAssembliesAndSetupDomain (264ms)
		LoadAssemblies (309ms)
		RebuildTransferFunctionScriptingTraits (0ms)
		AnalyzeDomain (30ms)
			TypeCache.Refresh (18ms)
				TypeCache.ScanAssembly (1ms)
			ScanForSourceGeneratedMonoScriptInfo (6ms)
			ResolveRequiredComponents (5ms)
	FinalizeReload (1391ms)
		ReleaseScriptCaches (0ms)
		RebuildScriptCaches (0ms)
		SetupLoadedEditorAssemblies (416ms)
			LogAssemblyErrors (0ms)
			InitializePlatformSupportModulesInManaged (3ms)
			SetLoadedEditorAssemblies (2ms)
			RefreshPlugins (0ms)
			BeforeProcessingInitializeOnLoad (38ms)
			ProcessInitializeOnLoadAttributes (357ms)
			ProcessInitializeOnLoadMethodAttributes (15ms)
			AfterProcessingInitializeOnLoad (1ms)
			EditorAssembliesLoaded (0ms)
		ExecutionOrderSort2 (0ms)
		AwakeInstancesAfterBackupRestoration (3ms)
Refreshing native plugins compatible for Editor in 2.53 ms, found 3 plugins.
Preloading 0 native plugins for Editor in 0.00 ms.
<HackaTime> Got response
{"id":2740260161,"user_id":61064,"branch":"main","category":"coding","dependencies":[],"editor":"unity","entity":"Unsaved Scene","language":"unity","machine":null,"operating_system":null,"project":"Duos","type":"file","user_agent":"unity-hackatime","line_additions":null,"line_deletions":null,"lineno":null,"lines":null,"cursorpos":null,"project_root_count":null,"time":1790944896.0,"is_write":false,"created_at":"2026-10-02T12:41:02.161Z","updated_at":"2026-10-02T12:41:02.161Z","fields_hash":"be323f9b68607a922e5d7d1c5fbaa6c7","source_type":"direct_entry","ip_address":"2001:8003:cc20:b000:d019:d93e:3ea5:ef8b","deleted_at":null,"ja4_id":41,"ai_model":null,"ai_session":null,"ai_subscription_plan":null,"ai_input_tokens":null,"ai_output_tokens":null,"ai_prompt_length":null,"ai_line_changes":null,"human_line_changes":null}
UnityEngine.StackTraceUtility:ExtractStackTrace () (at /Users/bokken/build/output/unity/unity/Runtime/Export/Scripting/StackTrace.cs:37)
UnityEngine.DebugLogHandler:LogFormat (UnityEngine.LogType,UnityEngine.Object,string,object[])
UnityEngine.Logger:Log (UnityEngine.LogType,object)
UnityEngine.Debug:Log (object)
WakaTime.Plugin/<SendHeartbeat>d__29:MoveNext () (at ./Library/PackageCache/com.daniel-geo.unityhackatime@5ac210a9a2/Editor/Plugin.cs:187)
System.Runtime.CompilerServices.AsyncMethodBuilderCore/MoveNextRunner:InvokeMoveNext (object)
System.Threading.ExecutionContext:RunInternal (System.Threading.ExecutionContext,System.Threading.ContextCallback,object,bool)
System.Threading.ExecutionContext:Run (System.Threading.ExecutionContext,System.Threading.ContextCallback,object,bool)
System.Runtime.CompilerServices.AsyncMethodBuilderCore/MoveNextRunner:Run ()
System.Threading.Tasks.AwaitTaskContinuation:InvokeAction (object)
System.Threading.Tasks.AwaitTaskContinuation:RunCallback (System.Threading.ContextCallback,object,System.Threading.Tasks.Task&)
System.Threading.Tasks.SynchronizationContextAwaitTaskContinuation:Run (System.Threading.Tasks.Task,bool)
System.Threading.Tasks.Task:FinishContinuations ()
System.Threading.Tasks.Task:FinishStageThree ()
System.Threading.Tasks.Task`1<bool>:TrySetResult (bool)
System.Threading.Tasks.TaskCompletionSource`1<bool>:TrySetResult (bool)
WakaTime.Plugin/<>c__DisplayClass29_0:<SendHeartbeat>b__0 (UnityEngine.AsyncOperation) (at ./Library/PackageCache/com.daniel-geo.unityhackatime@5ac210a9a2/Editor/Plugin.cs:176)
UnityEngine.AsyncOperation:InvokeCompletionEvent () (at /Users/bokken/build/output/unity/unity/Runtime/Export/Scripting/AsyncOperation.cs:21)

(Filename: ./Library/PackageCache/com.daniel-geo.unityhackatime@5ac210a9a2/Editor/Plugin.cs Line: 187)

<HackaTime> Sent heartbeat!
UnityEngine.StackTraceUtility:ExtractStackTrace () (at /Users/bokken/build/output/unity/unity/Runtime/Export/Scripting/StackTrace.cs:37)
UnityEngine.DebugLogHandler:LogFormat (UnityEngine.LogType,UnityEngine.Object,string,object[])
UnityEngine.Logger:Log (UnityEngine.LogType,object)
UnityEngine.Debug:Log (object)
WakaTime.Plugin/<SendHeartbeat>d__29:MoveNext () (at ./Library/PackageCache/com.daniel-geo.unityhackatime@5ac210a9a2/Editor/Plugin.cs:203)
System.Runtime.CompilerServices.AsyncMethodBuilderCore/MoveNextRunner:InvokeMoveNext (object)
System.Threading.ExecutionContext:RunInternal (System.Threading.ExecutionContext,System.Threading.ContextCallback,object,bool)
System.Threading.ExecutionContext:Run (System.Threading.ExecutionContext,System.Threading.ContextCallback,object,bool)
System.Runtime.CompilerServices.AsyncMethodBuilderCore/MoveNextRunner:Run ()
System.Threading.Tasks.AwaitTaskContinuation:InvokeAction (object)
System.Threading.Tasks.AwaitTaskContinuation:RunCallback (System.Threading.ContextCallback,object,System.Threading.Tasks.Task&)
System.Threading.Tasks.SynchronizationContextAwaitTaskContinuation:Run (System.Threading.Tasks.Task,bool)
System.Threading.Tasks.Task:FinishContinuations ()
System.Threading.Tasks.Task:FinishStageThree ()
System.Threading.Tasks.Task`1<bool>:TrySetResult (bool)
System.Threading.Tasks.TaskCompletionSource`1<bool>:TrySetResult (bool)
WakaTime.Plugin/<>c__DisplayClass29_0:<SendHeartbeat>b__0 (UnityEngine.AsyncOperation) (at ./Library/PackageCache/com.daniel-geo.unityhackatime@5ac210a9a2/Editor/Plugin.cs:176)
UnityEngine.AsyncOperation:InvokeCompletionEvent () (at /Users/bokken/build/output/unity/unity/Runtime/Export/Scripting/AsyncOperation.cs:21)

(Filename: ./Library/PackageCache/com.daniel-geo.unityhackatime@5ac210a9a2/Editor/Plugin.cs Line: 203)

Unloading 3685 Unused Serialized files (Serialized files now loaded: 0)
Unloading 47 unused Assets / (1.8 MB). Loaded Objects now: 4208.
Memory consumption went from 161.0 MB to 159.2 MB.
Total: 12.281083 ms (FindLiveObjects: 0.366292 ms CreateObjectMapping: 0.059292 ms MarkObjects: 11.420000 ms  DeleteObjects: 0.434209 ms)

Prepare: number of updated asset objects reloaded= 0
AssetImportParameters requested are different than current active one (requested -> active):
  custom:container-demuxer-ogg: 62fdf1f143b41e24485cea50d1cbac27 -> 
  custom:video-decoder-ogg-theora: a1e56fd34408186e4bbccfd4996cb3dc -> 
  custom:CustomObjectIndexerAttribute: 9a22284fe3817be447336de3de66b15e -> 
  custom:container-demuxer-webm: 4f35f7cbe854078d1ac9338744f61a02 -> 
  custom:container-muxer-webm: aa71ff27fc2769a1b78a27578f13a17b -> 
  custom:video-decoder-webm-vp8: 9c59270c3fd7afecdb556c50c9e8de78 -> 
  custom:SearchIndexIgnoredProperties: e643bd26f0fe6173181afceb89e7c659 -> 
  custom:AudioImporter_EditorPlatform: 3918e3fc78b5a79bad01e8451be0beb8 -> 
  custom:framework-osx-AVFoundation: e770b220cccbd017edd2c1fefb359320 -> 
  custom:video-encoder-webm-vp8: eb34c28f22e8b96e1ab97ce403110664 -> 
  custom:audio-decoder-ogg-vorbis: bf7c407c2cedff20999df2af8eb42d56 -> 
  custom:audio-encoder-webm-vorbis: bf7c407c2cedff20999df2af8eb42d56 -> 
========================================================================
Received Prepare
Begin MonoManager ReloadAssembly
Thread 0x16de3f000 may have been prematurely finalized
- Loaded All Assemblies, in  0.445 seconds
Refreshing native plugins compatible for Editor in 2.66 ms, found 3 plugins.
Native extension for OSXStandalone target not found
<HackaTime> Initializing...
UnityEngine.StackTraceUtility:ExtractStackTrace () (at /Users/bokken/build/output/unity/unity/Runtime/Export/Scripting/StackTrace.cs:37)
UnityEngine.DebugLogHandler:LogFormat (UnityEngine.LogType,UnityEngine.Object,string,object[])
UnityEngine.Logger:Log (UnityEngine.LogType,object)
UnityEngine.Debug:Log (object)
WakaTime.Plugin:Initialize () (at ./Library/PackageCache/com.daniel-geo.unityhackatime@5ac210a9a2/Editor/Plugin.cs:76)
WakaTime.Plugin:.cctor () (at ./Library/PackageCache/com.daniel-geo.unityhackatime@5ac210a9a2/Editor/Plugin.cs:41)
System.Runtime.CompilerServices.RuntimeHelpers:RunClassConstructor (System.RuntimeTypeHandle)
UnityEditor.EditorAssemblies:ProcessInitializeOnLoadAttributes (System.Type[]) (at /Users/bokken/build/output/unity/unity/Editor/Mono/EditorAssemblies.cs:119)

(Filename: ./Library/PackageCache/com.daniel-geo.unityhackatime@5ac210a9a2/Editor/Plugin.cs Line: 76)

<HackaTime> Sending heartbeat...
UnityEngine.StackTraceUtility:ExtractStackTrace () (at /Users/bokken/build/output/unity/unity/Runtime/Export/Scripting/StackTrace.cs:37)
UnityEngine.DebugLogHandler:LogFormat (UnityEngine.LogType,UnityEngine.Object,string,object[])
UnityEngine.Logger:Log (UnityEngine.LogType,object)
UnityEngine.Debug:Log (object)
WakaTime.Plugin/<SendHeartbeat>d__29:MoveNext () (at ./Library/PackageCache/com.daniel-geo.unityhackatime@5ac210a9a2/Editor/Plugin.cs:144)
System.Runtime.CompilerServices.AsyncVoidMethodBuilder:Start<WakaTime.Plugin/<SendHeartbeat>d__29> (WakaTime.Plugin/<SendHeartbeat>d__29&)
WakaTime.Plugin:SendHeartbeat (bool)
WakaTime.Plugin:Initialize () (at ./Library/PackageCache/com.daniel-geo.unityhackatime@5ac210a9a2/Editor/Plugin.cs:78)
WakaTime.Plugin:.cctor () (at ./Library/PackageCache/com.daniel-geo.unityhackatime@5ac210a9a2/Editor/Plugin.cs:41)
System.Runtime.CompilerServices.RuntimeHelpers:RunClassConstructor (System.RuntimeTypeHandle)
UnityEditor.EditorAssemblies:ProcessInitializeOnLoadAttributes (System.Type[]) (at /Users/bokken/build/output/unity/unity/Editor/Mono/EditorAssemblies.cs:119)

(Filename: ./Library/PackageCache/com.daniel-geo.unityhackatime@5ac210a9a2/Editor/Plugin.cs Line: 144)

Mono: successfully reloaded assembly
- Finished resetting the current domain, in  1.384 seconds
Domain Reload Profiling: 1830ms
	BeginReloadAssembly (168ms)
		ExecutionOrderSort (0ms)
		DisableScriptedObjects (4ms)
		BackupInstance (0ms)
		ReleaseScriptingObjects (0ms)
		CreateAndSetChildDomain (42ms)
	RebuildCommonClasses (27ms)
	RebuildNativeTypeToScriptingClass (8ms)
	initialDomainReloadingComplete (20ms)
	LoadAllAssembliesAndSetupDomain (223ms)
		LoadAssemblies (304ms)
		RebuildTransferFunctionScriptingTraits (0ms)
		AnalyzeDomain (14ms)
			TypeCache.Refresh (9ms)
				TypeCache.ScanAssembly (0ms)
			ScanForSourceGeneratedMonoScriptInfo (0ms)
			ResolveRequiredComponents (4ms)
	FinalizeReload (1384ms)
		ReleaseScriptCaches (0ms)
		RebuildScriptCaches (0ms)
		SetupLoadedEditorAssemblies (398ms)
			LogAssemblyErrors (0ms)
			InitializePlatformSupportModulesInManaged (3ms)
			SetLoadedEditorAssemblies (3ms)
			RefreshPlugins (0ms)
			BeforeProcessingInitializeOnLoad (42ms)
			ProcessInitializeOnLoadAttributes (338ms)
			ProcessInitializeOnLoadMethodAttributes (12ms)
			AfterProcessingInitializeOnLoad (1ms)
			EditorAssembliesLoaded (0ms)
		ExecutionOrderSort2 (0ms)
		AwakeInstancesAfterBackupRestoration (2ms)
Refreshing native plugins compatible for Editor in 2.51 ms, found 3 plugins.
Preloading 0 native plugins for Editor in 0.00 ms.
<HackaTime> Got response
{"id":2740260161,"user_id":61064,"branch":"main","category":"coding","dependencies":[],"editor":"unity","entity":"Unsaved Scene","language":"unity","machine":null,"operating_system":null,"project":"Duos","type":"file","user_agent":"unity-hackatime","line_additions":null,"line_deletions":null,"lineno":null,"lines":null,"cursorpos":null,"project_root_count":null,"time":1790944896.0,"is_write":false,"created_at":"2026-10-02T12:41:02.161Z","updated_at":"2026-10-02T12:41:02.161Z","fields_hash":"be323f9b68607a922e5d7d1c5fbaa6c7","source_type":"direct_entry","ip_address":"2001:8003:cc20:b000:d019:d93e:3ea5:ef8b","deleted_at":null,"ja4_id":41,"ai_model":null,"ai_session":null,"ai_subscription_plan":null,"ai_input_tokens":null,"ai_output_tokens":null,"ai_prompt_length":null,"ai_line_changes":null,"human_line_changes":null}
UnityEngine.StackTraceUtility:ExtractStackTrace () (at /Users/bokken/build/output/unity/unity/Runtime/Export/Scripting/StackTrace.cs:37)
UnityEngine.DebugLogHandler:LogFormat (UnityEngine.LogType,UnityEngine.Object,string,object[])
UnityEngine.Logger:Log (UnityEngine.LogType,object)
UnityEngine.Debug:Log (object)
WakaTime.Plugin/<SendHeartbeat>d__29:MoveNext () (at ./Library/PackageCache/com.daniel-geo.unityhackatime@5ac210a9a2/Editor/Plugin.cs:187)
System.Runtime.CompilerServices.AsyncMethodBuilderCore/MoveNextRunner:InvokeMoveNext (object)
System.Threading.ExecutionContext:RunInternal (System.Threading.ExecutionContext,System.Threading.ContextCallback,object,bool)
System.Threading.ExecutionContext:Run (System.Threading.ExecutionContext,System.Threading.ContextCallback,object,bool)
System.Runtime.CompilerServices.AsyncMethodBuilderCore/MoveNextRunner:Run ()
System.Threading.Tasks.AwaitTaskContinuation:InvokeAction (object)
System.Threading.Tasks.AwaitTaskContinuation:RunCallback (System.Threading.ContextCallback,object,System.Threading.Tasks.Task&)
System.Threading.Tasks.SynchronizationContextAwaitTaskContinuation:Run (System.Threading.Tasks.Task,bool)
System.Threading.Tasks.Task:FinishContinuations ()
System.Threading.Tasks.Task:FinishStageThree ()
System.Threading.Tasks.Task`1<bool>:TrySetResult (bool)
System.Threading.Tasks.TaskCompletionSource`1<bool>:TrySetResult (bool)
WakaTime.Plugin/<>c__DisplayClass29_0:<SendHeartbeat>b__0 (UnityEngine.AsyncOperation) (at ./Library/PackageCache/com.daniel-geo.unityhackatime@5ac210a9a2/Editor/Plugin.cs:176)
UnityEngine.AsyncOperation:InvokeCompletionEvent () (at /Users/bokken/build/output/unity/unity/Runtime/Export/Scripting/AsyncOperation.cs:21)

(Filename: ./Library/PackageCache/com.daniel-geo.unityhackatime@5ac210a9a2/Editor/Plugin.cs Line: 187)

<HackaTime> Sent heartbeat!
UnityEngine.StackTraceUtility:ExtractStackTrace () (at /Users/bokken/build/output/unity/unity/Runtime/Export/Scripting/StackTrace.cs:37)
UnityEngine.DebugLogHandler:LogFormat (UnityEngine.LogType,UnityEngine.Object,string,object[])
UnityEngine.Logger:Log (UnityEngine.LogType,object)
UnityEngine.Debug:Log (object)
WakaTime.Plugin/<SendHeartbeat>d__29:MoveNext () (at ./Library/PackageCache/com.daniel-geo.unityhackatime@5ac210a9a2/Editor/Plugin.cs:203)
System.Runtime.CompilerServices.AsyncMethodBuilderCore/MoveNextRunner:InvokeMoveNext (object)
System.Threading.ExecutionContext:RunInternal (System.Threading.ExecutionContext,System.Threading.ContextCallback,object,bool)
System.Threading.ExecutionContext:Run (System.Threading.ExecutionContext,System.Threading.ContextCallback,object,bool)
System.Runtime.CompilerServices.AsyncMethodBuilderCore/MoveNextRunner:Run ()
System.Threading.Tasks.AwaitTaskContinuation:InvokeAction (object)
System.Threading.Tasks.AwaitTaskContinuation:RunCallback (System.Threading.ContextCallback,object,System.Threading.Tasks.Task&)
System.Threading.Tasks.SynchronizationContextAwaitTaskContinuation:Run (System.Threading.Tasks.Task,bool)
System.Threading.Tasks.Task:FinishContinuations ()
System.Threading.Tasks.Task:FinishStageThree ()
System.Threading.Tasks.Task`1<bool>:TrySetResult (bool)
System.Threading.Tasks.TaskCompletionSource`1<bool>:TrySetResult (bool)
WakaTime.Plugin/<>c__DisplayClass29_0:<SendHeartbeat>b__0 (UnityEngine.AsyncOperation) (at ./Library/PackageCache/com.daniel-geo.unityhackatime@5ac210a9a2/Editor/Plugin.cs:176)
UnityEngine.AsyncOperation:InvokeCompletionEvent () (at /Users/bokken/build/output/unity/unity/Runtime/Export/Scripting/AsyncOperation.cs:21)

(Filename: ./Library/PackageCache/com.daniel-geo.unityhackatime@5ac210a9a2/Editor/Plugin.cs Line: 203)

Unloading 3686 Unused Serialized files (Serialized files now loaded: 0)
Unloading 47 unused Assets / (1.8 MB). Loaded Objects now: 4212.
Memory consumption went from 168.4 MB to 166.7 MB.
Total: 3.489291 ms (FindLiveObjects: 0.219500 ms CreateObjectMapping: 0.067875 ms MarkObjects: 2.967125 ms  DeleteObjects: 0.234334 ms)

Prepare: number of updated asset objects reloaded= 0
AssetImportParameters requested are different than current active one (requested -> active):
  custom:container-demuxer-ogg: 62fdf1f143b41e24485cea50d1cbac27 -> 
  custom:video-decoder-ogg-theora: a1e56fd34408186e4bbccfd4996cb3dc -> 
  custom:CustomObjectIndexerAttribute: 9a22284fe3817be447336de3de66b15e -> 
  custom:container-demuxer-webm: 4f35f7cbe854078d1ac9338744f61a02 -> 
  custom:container-muxer-webm: aa71ff27fc2769a1b78a27578f13a17b -> 
  custom:video-decoder-webm-vp8: 9c59270c3fd7afecdb556c50c9e8de78 -> 
  custom:SearchIndexIgnoredProperties: e643bd26f0fe6173181afceb89e7c659 -> 
  custom:AudioImporter_EditorPlatform: 3918e3fc78b5a79bad01e8451be0beb8 -> 
  custom:framework-osx-AVFoundation: e770b220cccbd017edd2c1fefb359320 -> 
  custom:video-encoder-webm-vp8: eb34c28f22e8b96e1ab97ce403110664 -> 
  custom:audio-decoder-ogg-vorbis: bf7c407c2cedff20999df2af8eb42d56 -> 
  custom:audio-encoder-webm-vorbis: bf7c407c2cedff20999df2af8eb42d56 -> 
========================================================================
Received Prepare
Begin MonoManager ReloadAssembly
Thread 0x16de3f000 may have been prematurely finalized
- Loaded All Assemblies, in  0.425 seconds
Refreshing native plugins compatible for Editor in 7.89 ms, found 3 plugins.
Native extension for OSXStandalone target not found
<HackaTime> Initializing...
UnityEngine.StackTraceUtility:ExtractStackTrace () (at /Users/bokken/build/output/unity/unity/Runtime/Export/Scripting/StackTrace.cs:37)
UnityEngine.DebugLogHandler:LogFormat (UnityEngine.LogType,UnityEngine.Object,string,object[])
UnityEngine.Logger:Log (UnityEngine.LogType,object)
UnityEngine.Debug:Log (object)
WakaTime.Plugin:Initialize () (at ./Library/PackageCache/com.daniel-geo.unityhackatime@5ac210a9a2/Editor/Plugin.cs:76)
WakaTime.Plugin:.cctor () (at ./Library/PackageCache/com.daniel-geo.unityhackatime@5ac210a9a2/Editor/Plugin.cs:41)
System.Runtime.CompilerServices.RuntimeHelpers:RunClassConstructor (System.RuntimeTypeHandle)
UnityEditor.EditorAssemblies:ProcessInitializeOnLoadAttributes (System.Type[]) (at /Users/bokken/build/output/unity/unity/Editor/Mono/EditorAssemblies.cs:119)

(Filename: ./Library/PackageCache/com.daniel-geo.unityhackatime@5ac210a9a2/Editor/Plugin.cs Line: 76)

<HackaTime> Sending heartbeat...
UnityEngine.StackTraceUtility:ExtractStackTrace () (at /Users/bokken/build/output/unity/unity/Runtime/Export/Scripting/StackTrace.cs:37)
UnityEngine.DebugLogHandler:LogFormat (UnityEngine.LogType,UnityEngine.Object,string,object[])
UnityEngine.Logger:Log (UnityEngine.LogType,object)
UnityEngine.Debug:Log (object)
WakaTime.Plugin/<SendHeartbeat>d__29:MoveNext () (at ./Library/PackageCache/com.daniel-geo.unityhackatime@5ac210a9a2/Editor/Plugin.cs:144)
System.Runtime.CompilerServices.AsyncVoidMethodBuilder:Start<WakaTime.Plugin/<SendHeartbeat>d__29> (WakaTime.Plugin/<SendHeartbeat>d__29&)
WakaTime.Plugin:SendHeartbeat (bool)
WakaTime.Plugin:Initialize () (at ./Library/PackageCache/com.daniel-geo.unityhackatime@5ac210a9a2/Editor/Plugin.cs:78)
WakaTime.Plugin:.cctor () (at ./Library/PackageCache/com.daniel-geo.unityhackatime@5ac210a9a2/Editor/Plugin.cs:41)
System.Runtime.CompilerServices.RuntimeHelpers:RunClassConstructor (System.RuntimeTypeHandle)
UnityEditor.EditorAssemblies:ProcessInitializeOnLoadAttributes (System.Type[]) (at /Users/bokken/build/output/unity/unity/Editor/Mono/EditorAssemblies.cs:119)

(Filename: ./Library/PackageCache/com.daniel-geo.unityhackatime@5ac210a9a2/Editor/Plugin.cs Line: 144)

Mono: successfully reloaded assembly
- Finished resetting the current domain, in  1.312 seconds
Domain Reload Profiling: 1738ms
	BeginReloadAssembly (133ms)
		ExecutionOrderSort (0ms)
		DisableScriptedObjects (4ms)
		BackupInstance (0ms)
		ReleaseScriptingObjects (0ms)
		CreateAndSetChildDomain (53ms)
	RebuildCommonClasses (24ms)
	RebuildNativeTypeToScriptingClass (8ms)
	initialDomainReloadingComplete (19ms)
	LoadAllAssembliesAndSetupDomain (241ms)
		LoadAssemblies (257ms)
		RebuildTransferFunctionScriptingTraits (0ms)
		AnalyzeDomain (37ms)
			TypeCache.Refresh (29ms)
				TypeCache.ScanAssembly (0ms)
			ScanForSourceGeneratedMonoScriptInfo (0ms)
			ResolveRequiredComponents (7ms)
	FinalizeReload (1313ms)
		ReleaseScriptCaches (0ms)
		RebuildScriptCaches (0ms)
		SetupLoadedEditorAssemblies (459ms)
			LogAssemblyErrors (0ms)
			InitializePlatformSupportModulesInManaged (3ms)
			SetLoadedEditorAssemblies (2ms)
			RefreshPlugins (0ms)
			BeforeProcessingInitializeOnLoad (39ms)
			ProcessInitializeOnLoadAttributes (400ms)
			ProcessInitializeOnLoadMethodAttributes (13ms)
			AfterProcessingInitializeOnLoad (1ms)
			EditorAssembliesLoaded (0ms)
		ExecutionOrderSort2 (0ms)
		AwakeInstancesAfterBackupRestoration (3ms)
Refreshing native plugins compatible for Editor in 3.16 ms, found 3 plugins.
Preloading 0 native plugins for Editor in 0.00 ms.
<HackaTime> Got response
{"id":2740261344,"user_id":61064,"branch":"main","category":"coding","dependencies":[],"editor":"unity","entity":"Unsaved Scene","language":"unity","machine":null,"operating_system":null,"project":"Duos","type":"file","user_agent":"unity-hackatime","line_additions":null,"line_deletions":null,"lineno":null,"lines":null,"cursorpos":null,"project_root_count":null,"time":1790945024.0,"is_write":false,"created_at":"2026-10-02T12:42:44.114Z","updated_at":"2026-10-02T12:42:44.114Z","fields_hash":"aa271ab45768efe433272240ea297bc3","source_type":"direct_entry","ip_address":"2001:8003:cc20:b000:d019:d93e:3ea5:ef8b","deleted_at":null,"ja4_id":41,"ai_model":null,"ai_session":null,"ai_subscription_plan":null,"ai_input_tokens":null,"ai_output_tokens":null,"ai_prompt_length":null,"ai_line_changes":null,"human_line_changes":null}
UnityEngine.StackTraceUtility:ExtractStackTrace () (at /Users/bokken/build/output/unity/unity/Runtime/Export/Scripting/StackTrace.cs:37)
UnityEngine.DebugLogHandler:LogFormat (UnityEngine.LogType,UnityEngine.Object,string,object[])
UnityEngine.Logger:Log (UnityEngine.LogType,object)
UnityEngine.Debug:Log (object)
WakaTime.Plugin/<SendHeartbeat>d__29:MoveNext () (at ./Library/PackageCache/com.daniel-geo.unityhackatime@5ac210a9a2/Editor/Plugin.cs:187)
System.Runtime.CompilerServices.AsyncMethodBuilderCore/MoveNextRunner:InvokeMoveNext (object)
System.Threading.ExecutionContext:RunInternal (System.Threading.ExecutionContext,System.Threading.ContextCallback,object,bool)
System.Threading.ExecutionContext:Run (System.Threading.ExecutionContext,System.Threading.ContextCallback,object,bool)
System.Runtime.CompilerServices.AsyncMethodBuilderCore/MoveNextRunner:Run ()
System.Threading.Tasks.AwaitTaskContinuation:InvokeAction (object)
System.Threading.Tasks.AwaitTaskContinuation:RunCallback (System.Threading.ContextCallback,object,System.Threading.Tasks.Task&)
System.Threading.Tasks.SynchronizationContextAwaitTaskContinuation:Run (System.Threading.Tasks.Task,bool)
System.Threading.Tasks.Task:FinishContinuations ()
System.Threading.Tasks.Task:FinishStageThree ()
System.Threading.Tasks.Task`1<bool>:TrySetResult (bool)
System.Threading.Tasks.TaskCompletionSource`1<bool>:TrySetResult (bool)
WakaTime.Plugin/<>c__DisplayClass29_0:<SendHeartbeat>b__0 (UnityEngine.AsyncOperation) (at ./Library/PackageCache/com.daniel-geo.unityhackatime@5ac210a9a2/Editor/Plugin.cs:176)
UnityEngine.AsyncOperation:InvokeCompletionEvent () (at /Users/bokken/build/output/unity/unity/Runtime/Export/Scripting/AsyncOperation.cs:21)

(Filename: ./Library/PackageCache/com.daniel-geo.unityhackatime@5ac210a9a2/Editor/Plugin.cs Line: 187)

<HackaTime> Sent heartbeat!
UnityEngine.StackTraceUtility:ExtractStackTrace () (at /Users/bokken/build/output/unity/unity/Runtime/Export/Scripting/StackTrace.cs:37)
UnityEngine.DebugLogHandler:LogFormat (UnityEngine.LogType,UnityEngine.Object,string,object[])
UnityEngine.Logger:Log (UnityEngine.LogType,object)
UnityEngine.Debug:Log (object)
WakaTime.Plugin/<SendHeartbeat>d__29:MoveNext () (at ./Library/PackageCache/com.daniel-geo.unityhackatime@5ac210a9a2/Editor/Plugin.cs:203)
System.Runtime.CompilerServices.AsyncMethodBuilderCore/MoveNextRunner:InvokeMoveNext (object)
System.Threading.ExecutionContext:RunInternal (System.Threading.ExecutionContext,System.Threading.ContextCallback,object,bool)
System.Threading.ExecutionContext:Run (System.Threading.ExecutionContext,System.Threading.ContextCallback,object,bool)
System.Runtime.CompilerServices.AsyncMethodBuilderCore/MoveNextRunner:Run ()
System.Threading.Tasks.AwaitTaskContinuation:InvokeAction (object)
System.Threading.Tasks.AwaitTaskContinuation:RunCallback (System.Threading.ContextCallback,object,System.Threading.Tasks.Task&)
System.Threading.Tasks.SynchronizationContextAwaitTaskContinuation:Run (System.Threading.Tasks.Task,bool)
System.Threading.Tasks.Task:FinishContinuations ()
System.Threading.Tasks.Task:FinishStageThree ()
System.Threading.Tasks.Task`1<bool>:TrySetResult (bool)
System.Threading.Tasks.TaskCompletionSource`1<bool>:TrySetResult (bool)
WakaTime.Plugin/<>c__DisplayClass29_0:<SendHeartbeat>b__0 (UnityEngine.AsyncOperation) (at ./Library/PackageCache/com.daniel-geo.unityhackatime@5ac210a9a2/Editor/Plugin.cs:176)
UnityEngine.AsyncOperation:InvokeCompletionEvent () (at /Users/bokken/build/output/unity/unity/Runtime/Export/Scripting/AsyncOperation.cs:21)

(Filename: ./Library/PackageCache/com.daniel-geo.unityhackatime@5ac210a9a2/Editor/Plugin.cs Line: 203)

Unloading 3686 Unused Serialized files (Serialized files now loaded: 0)
Unloading 47 unused Assets / (1.8 MB). Loaded Objects now: 4216.
Memory consumption went from 175.6 MB to 173.8 MB.
Total: 16.556417 ms (FindLiveObjects: 0.477833 ms CreateObjectMapping: 0.058417 ms MarkObjects: 15.583667 ms  DeleteObjects: 0.435917 ms)

Prepare: number of updated asset objects reloaded= 0
AssetImportParameters requested are different than current active one (requested -> active):
  custom:container-demuxer-ogg: 62fdf1f143b41e24485cea50d1cbac27 -> 
  custom:video-decoder-ogg-theora: a1e56fd34408186e4bbccfd4996cb3dc -> 
  custom:CustomObjectIndexerAttribute: 9a22284fe3817be447336de3de66b15e -> 
  custom:container-demuxer-webm: 4f35f7cbe854078d1ac9338744f61a02 -> 
  custom:container-muxer-webm: aa71ff27fc2769a1b78a27578f13a17b -> 
  custom:video-decoder-webm-vp8: 9c59270c3fd7afecdb556c50c9e8de78 -> 
  custom:SearchIndexIgnoredProperties: e643bd26f0fe6173181afceb89e7c659 -> 
  custom:AudioImporter_EditorPlatform: 3918e3fc78b5a79bad01e8451be0beb8 -> 
  custom:framework-osx-AVFoundation: e770b220cccbd017edd2c1fefb359320 -> 
  custom:video-encoder-webm-vp8: eb34c28f22e8b96e1ab97ce403110664 -> 
  custom:audio-decoder-ogg-vorbis: bf7c407c2cedff20999df2af8eb42d56 -> 
  custom:audio-encoder-webm-vorbis: bf7c407c2cedff20999df2af8eb42d56 -> 
========================================================================
Received Prepare
Begin MonoManager ReloadAssembly
Thread 0x16de3f000 may have been prematurely finalized
- Loaded All Assemblies, in  0.434 seconds
Refreshing native plugins compatible for Editor in 2.21 ms, found 3 plugins.
Native extension for OSXStandalone target not found
<HackaTime> Initializing...
UnityEngine.StackTraceUtility:ExtractStackTrace () (at /Users/bokken/build/output/unity/unity/Runtime/Export/Scripting/StackTrace.cs:37)
UnityEngine.DebugLogHandler:LogFormat (UnityEngine.LogType,UnityEngine.Object,string,object[])
UnityEngine.Logger:Log (UnityEngine.LogType,object)
UnityEngine.Debug:Log (object)
WakaTime.Plugin:Initialize () (at ./Library/PackageCache/com.daniel-geo.unityhackatime@5ac210a9a2/Editor/Plugin.cs:76)
WakaTime.Plugin:.cctor () (at ./Library/PackageCache/com.daniel-geo.unityhackatime@5ac210a9a2/Editor/Plugin.cs:41)
System.Runtime.CompilerServices.RuntimeHelpers:RunClassConstructor (System.RuntimeTypeHandle)
UnityEditor.EditorAssemblies:ProcessInitializeOnLoadAttributes (System.Type[]) (at /Users/bokken/build/output/unity/unity/Editor/Mono/EditorAssemblies.cs:119)

(Filename: ./Library/PackageCache/com.daniel-geo.unityhackatime@5ac210a9a2/Editor/Plugin.cs Line: 76)

<HackaTime> Sending heartbeat...
UnityEngine.StackTraceUtility:ExtractStackTrace () (at /Users/bokken/build/output/unity/unity/Runtime/Export/Scripting/StackTrace.cs:37)
UnityEngine.DebugLogHandler:LogFormat (UnityEngine.LogType,UnityEngine.Object,string,object[])
UnityEngine.Logger:Log (UnityEngine.LogType,object)
UnityEngine.Debug:Log (object)
WakaTime.Plugin/<SendHeartbeat>d__29:MoveNext () (at ./Library/PackageCache/com.daniel-geo.unityhackatime@5ac210a9a2/Editor/Plugin.cs:144)
System.Runtime.CompilerServices.AsyncVoidMethodBuilder:Start<WakaTime.Plugin/<SendHeartbeat>d__29> (WakaTime.Plugin/<SendHeartbeat>d__29&)
WakaTime.Plugin:SendHeartbeat (bool)
WakaTime.Plugin:Initialize () (at ./Library/PackageCache/com.daniel-geo.unityhackatime@5ac210a9a2/Editor/Plugin.cs:78)
WakaTime.Plugin:.cctor () (at ./Library/PackageCache/com.daniel-geo.unityhackatime@5ac210a9a2/Editor/Plugin.cs:41)
System.Runtime.CompilerServices.RuntimeHelpers:RunClassConstructor (System.RuntimeTypeHandle)
UnityEditor.EditorAssemblies:ProcessInitializeOnLoadAttributes (System.Type[]) (at /Users/bokken/build/output/unity/unity/Editor/Mono/EditorAssemblies.cs:119)

(Filename: ./Library/PackageCache/com.daniel-geo.unityhackatime@5ac210a9a2/Editor/Plugin.cs Line: 144)

Mono: successfully reloaded assembly
- Finished resetting the current domain, in  1.307 seconds
Domain Reload Profiling: 1743ms
	BeginReloadAssembly (144ms)
		ExecutionOrderSort (0ms)
		DisableScriptedObjects (4ms)
		BackupInstance (0ms)
		ReleaseScriptingObjects (0ms)
		CreateAndSetChildDomain (51ms)
	RebuildCommonClasses (24ms)
	RebuildNativeTypeToScriptingClass (8ms)
	initialDomainReloadingComplete (19ms)
	LoadAllAssembliesAndSetupDomain (240ms)
		LoadAssemblies (281ms)
		RebuildTransferFunctionScriptingTraits (0ms)
		AnalyzeDomain (23ms)
			TypeCache.Refresh (10ms)
				TypeCache.ScanAssembly (1ms)
			ScanForSourceGeneratedMonoScriptInfo (5ms)
			ResolveRequiredComponents (6ms)
	FinalizeReload (1307ms)
		ReleaseScriptCaches (0ms)
		RebuildScriptCaches (0ms)
		SetupLoadedEditorAssemblies (415ms)
			LogAssemblyErrors (0ms)
			InitializePlatformSupportModulesInManaged (3ms)
			SetLoadedEditorAssemblies (2ms)
			RefreshPlugins (0ms)
			BeforeProcessingInitializeOnLoad (35ms)
			ProcessInitializeOnLoadAttributes (361ms)
			ProcessInitializeOnLoadMethodAttributes (13ms)
			AfterProcessingInitializeOnLoad (1ms)
			EditorAssembliesLoaded (0ms)
		ExecutionOrderSort2 (0ms)
		AwakeInstancesAfterBackupRestoration (2ms)
Refreshing native plugins compatible for Editor in 2.14 ms, found 3 plugins.
Preloading 0 native plugins for Editor in 0.00 ms.
<HackaTime> Got response
{"id":2740261344,"user_id":61064,"branch":"main","category":"coding","dependencies":[],"editor":"unity","entity":"Unsaved Scene","language":"unity","machine":null,"operating_system":null,"project":"Duos","type":"file","user_agent":"unity-hackatime","line_additions":null,"line_deletions":null,"lineno":null,"lines":null,"cursorpos":null,"project_root_count":null,"time":1790945024.0,"is_write":false,"created_at":"2026-10-02T12:42:44.114Z","updated_at":"2026-10-02T12:42:44.114Z","fields_hash":"aa271ab45768efe433272240ea297bc3","source_type":"direct_entry","ip_address":"2001:8003:cc20:b000:d019:d93e:3ea5:ef8b","deleted_at":null,"ja4_id":41,"ai_model":null,"ai_session":null,"ai_subscription_plan":null,"ai_input_tokens":null,"ai_output_tokens":null,"ai_prompt_length":null,"ai_line_changes":null,"human_line_changes":null}
UnityEngine.StackTraceUtility:ExtractStackTrace () (at /Users/bokken/build/output/unity/unity/Runtime/Export/Scripting/StackTrace.cs:37)
UnityEngine.DebugLogHandler:LogFormat (UnityEngine.LogType,UnityEngine.Object,string,object[])
UnityEngine.Logger:Log (UnityEngine.LogType,object)
UnityEngine.Debug:Log (object)
WakaTime.Plugin/<SendHeartbeat>d__29:MoveNext () (at ./Library/PackageCache/com.daniel-geo.unityhackatime@5ac210a9a2/Editor/Plugin.cs:187)
System.Runtime.CompilerServices.AsyncMethodBuilderCore/MoveNextRunner:InvokeMoveNext (object)
System.Threading.ExecutionContext:RunInternal (System.Threading.ExecutionContext,System.Threading.ContextCallback,object,bool)
System.Threading.ExecutionContext:Run (System.Threading.ExecutionContext,System.Threading.ContextCallback,object,bool)
System.Runtime.CompilerServices.AsyncMethodBuilderCore/MoveNextRunner:Run ()
System.Threading.Tasks.AwaitTaskContinuation:InvokeAction (object)
System.Threading.Tasks.AwaitTaskContinuation:RunCallback (System.Threading.ContextCallback,object,System.Threading.Tasks.Task&)
System.Threading.Tasks.SynchronizationContextAwaitTaskContinuation:Run (System.Threading.Tasks.Task,bool)
System.Threading.Tasks.Task:FinishContinuations ()
System.Threading.Tasks.Task:FinishStageThree ()
System.Threading.Tasks.Task`1<bool>:TrySetResult (bool)
System.Threading.Tasks.TaskCompletionSource`1<bool>:TrySetResult (bool)
WakaTime.Plugin/<>c__DisplayClass29_0:<SendHeartbeat>b__0 (UnityEngine.AsyncOperation) (at ./Library/PackageCache/com.daniel-geo.unityhackatime@5ac210a9a2/Editor/Plugin.cs:176)
UnityEngine.AsyncOperation:InvokeCompletionEvent () (at /Users/bokken/build/output/unity/unity/Runtime/Export/Scripting/AsyncOperation.cs:21)

(Filename: ./Library/PackageCache/com.daniel-geo.unityhackatime@5ac210a9a2/Editor/Plugin.cs Line: 187)

<HackaTime> Sent heartbeat!
UnityEngine.StackTraceUtility:ExtractStackTrace () (at /Users/bokken/build/output/unity/unity/Runtime/Export/Scripting/StackTrace.cs:37)
UnityEngine.DebugLogHandler:LogFormat (UnityEngine.LogType,UnityEngine.Object,string,object[])
UnityEngine.Logger:Log (UnityEngine.LogType,object)
UnityEngine.Debug:Log (object)
WakaTime.Plugin/<SendHeartbeat>d__29:MoveNext () (at ./Library/PackageCache/com.daniel-geo.unityhackatime@5ac210a9a2/Editor/Plugin.cs:203)
System.Runtime.CompilerServices.AsyncMethodBuilderCore/MoveNextRunner:InvokeMoveNext (object)
System.Threading.ExecutionContext:RunInternal (System.Threading.ExecutionContext,System.Threading.ContextCallback,object,bool)
System.Threading.ExecutionContext:Run (System.Threading.ExecutionContext,System.Threading.ContextCallback,object,bool)
System.Runtime.CompilerServices.AsyncMethodBuilderCore/MoveNextRunner:Run ()
System.Threading.Tasks.AwaitTaskContinuation:InvokeAction (object)
System.Threading.Tasks.AwaitTaskContinuation:RunCallback (System.Threading.ContextCallback,object,System.Threading.Tasks.Task&)
System.Threading.Tasks.SynchronizationContextAwaitTaskContinuation:Run (System.Threading.Tasks.Task,bool)
System.Threading.Tasks.Task:FinishContinuations ()
System.Threading.Tasks.Task:FinishStageThree ()
System.Threading.Tasks.Task`1<bool>:TrySetResult (bool)
System.Threading.Tasks.TaskCompletionSource`1<bool>:TrySetResult (bool)
WakaTime.Plugin/<>c__DisplayClass29_0:<SendHeartbeat>b__0 (UnityEngine.AsyncOperation) (at ./Library/PackageCache/com.daniel-geo.unityhackatime@5ac210a9a2/Editor/Plugin.cs:176)
UnityEngine.AsyncOperation:InvokeCompletionEvent () (at /Users/bokken/build/output/unity/unity/Runtime/Export/Scripting/AsyncOperation.cs:21)

(Filename: ./Library/PackageCache/com.daniel-geo.unityhackatime@5ac210a9a2/Editor/Plugin.cs Line: 203)

Unloading 3686 Unused Serialized files (Serialized files now loaded: 0)
Unloading 47 unused Assets / (1.8 MB). Loaded Objects now: 4220.
Memory consumption went from 182.8 MB to 181.0 MB.
Total: 5.145792 ms (FindLiveObjects: 0.180459 ms CreateObjectMapping: 0.047708 ms MarkObjects: 4.644708 ms  DeleteObjects: 0.272250 ms)

Prepare: number of updated asset objects reloaded= 0
AssetImportParameters requested are different than current active one (requested -> active):
  custom:container-demuxer-ogg: 62fdf1f143b41e24485cea50d1cbac27 -> 
  custom:video-decoder-ogg-theora: a1e56fd34408186e4bbccfd4996cb3dc -> 
  custom:CustomObjectIndexerAttribute: 9a22284fe3817be447336de3de66b15e -> 
  custom:container-demuxer-webm: 4f35f7cbe854078d1ac9338744f61a02 -> 
  custom:container-muxer-webm: aa71ff27fc2769a1b78a27578f13a17b -> 
  custom:video-decoder-webm-vp8: 9c59270c3fd7afecdb556c50c9e8de78 -> 
  custom:SearchIndexIgnoredProperties: e643bd26f0fe6173181afceb89e7c659 -> 
  custom:AudioImporter_EditorPlatform: 3918e3fc78b5a79bad01e8451be0beb8 -> 
  custom:framework-osx-AVFoundation: e770b220cccbd017edd2c1fefb359320 -> 
  custom:video-encoder-webm-vp8: eb34c28f22e8b96e1ab97ce403110664 -> 
  custom:audio-decoder-ogg-vorbis: bf7c407c2cedff20999df2af8eb42d56 -> 
  custom:audio-encoder-webm-vorbis: bf7c407c2cedff20999df2af8eb42d56 -> 
========================================================================
Received Prepare
Begin MonoManager ReloadAssembly
Thread 0x16d83b000 may have been prematurely finalized
- Loaded All Assemblies, in  0.358 seconds
Refreshing native plugins compatible for Editor in 1.93 ms, found 3 plugins.
Native extension for OSXStandalone target not found
<HackaTime> Initializing...
UnityEngine.StackTraceUtility:ExtractStackTrace () (at /Users/bokken/build/output/unity/unity/Runtime/Export/Scripting/StackTrace.cs:37)
UnityEngine.DebugLogHandler:LogFormat (UnityEngine.LogType,UnityEngine.Object,string,object[])
UnityEngine.Logger:Log (UnityEngine.LogType,object)
UnityEngine.Debug:Log (object)
WakaTime.Plugin:Initialize () (at ./Library/PackageCache/com.daniel-geo.unityhackatime@5ac210a9a2/Editor/Plugin.cs:76)
WakaTime.Plugin:.cctor () (at ./Library/PackageCache/com.daniel-geo.unityhackatime@5ac210a9a2/Editor/Plugin.cs:41)
System.Runtime.CompilerServices.RuntimeHelpers:RunClassConstructor (System.RuntimeTypeHandle)
UnityEditor.EditorAssemblies:ProcessInitializeOnLoadAttributes (System.Type[]) (at /Users/bokken/build/output/unity/unity/Editor/Mono/EditorAssemblies.cs:119)

(Filename: ./Library/PackageCache/com.daniel-geo.unityhackatime@5ac210a9a2/Editor/Plugin.cs Line: 76)

<HackaTime> Sending heartbeat...
UnityEngine.StackTraceUtility:ExtractStackTrace () (at /Users/bokken/build/output/unity/unity/Runtime/Export/Scripting/StackTrace.cs:37)
UnityEngine.DebugLogHandler:LogFormat (UnityEngine.LogType,UnityEngine.Object,string,object[])
UnityEngine.Logger:Log (UnityEngine.LogType,object)
UnityEngine.Debug:Log (object)
WakaTime.Plugin/<SendHeartbeat>d__29:MoveNext () (at ./Library/PackageCache/com.daniel-geo.unityhackatime@5ac210a9a2/Editor/Plugin.cs:144)
System.Runtime.CompilerServices.AsyncVoidMethodBuilder:Start<WakaTime.Plugin/<SendHeartbeat>d__29> (WakaTime.Plugin/<SendHeartbeat>d__29&)
WakaTime.Plugin:SendHeartbeat (bool)
WakaTime.Plugin:Initialize () (at ./Library/PackageCache/com.daniel-geo.unityhackatime@5ac210a9a2/Editor/Plugin.cs:78)
WakaTime.Plugin:.cctor () (at ./Library/PackageCache/com.daniel-geo.unityhackatime@5ac210a9a2/Editor/Plugin.cs:41)
System.Runtime.CompilerServices.RuntimeHelpers:RunClassConstructor (System.RuntimeTypeHandle)
UnityEditor.EditorAssemblies:ProcessInitializeOnLoadAttributes (System.Type[]) (at /Users/bokken/build/output/unity/unity/Editor/Mono/EditorAssemblies.cs:119)

(Filename: ./Library/PackageCache/com.daniel-geo.unityhackatime@5ac210a9a2/Editor/Plugin.cs Line: 144)

Mono: successfully reloaded assembly
- Finished resetting the current domain, in  0.658 seconds
Domain Reload Profiling: 1016ms
	BeginReloadAssembly (117ms)
		ExecutionOrderSort (0ms)
		DisableScriptedObjects (4ms)
		BackupInstance (0ms)
		ReleaseScriptingObjects (0ms)
		CreateAndSetChildDomain (36ms)
	RebuildCommonClasses (24ms)
	RebuildNativeTypeToScriptingClass (8ms)
	initialDomainReloadingComplete (23ms)
	LoadAllAssembliesAndSetupDomain (186ms)
		LoadAssemblies (226ms)
		RebuildTransferFunctionScriptingTraits (0ms)
		AnalyzeDomain (14ms)
			TypeCache.Refresh (8ms)
				TypeCache.ScanAssembly (0ms)
			ScanForSourceGeneratedMonoScriptInfo (0ms)
			ResolveRequiredComponents (4ms)
	FinalizeReload (658ms)
		ReleaseScriptCaches (0ms)
		RebuildScriptCaches (0ms)
		SetupLoadedEditorAssemblies (406ms)
			LogAssemblyErrors (0ms)
			InitializePlatformSupportModulesInManaged (3ms)
			SetLoadedEditorAssemblies (2ms)
			RefreshPlugins (0ms)
			BeforeProcessingInitializeOnLoad (35ms)
			ProcessInitializeOnLoadAttributes (354ms)
			ProcessInitializeOnLoadMethodAttributes (11ms)
			AfterProcessingInitializeOnLoad (1ms)
			EditorAssembliesLoaded (0ms)
		ExecutionOrderSort2 (0ms)
		AwakeInstancesAfterBackupRestoration (2ms)
Refreshing native plugins compatible for Editor in 1.70 ms, found 3 plugins.
Preloading 0 native plugins for Editor in 0.00 ms.
Unloading 3686 Unused Serialized files (Serialized files now loaded: 0)
Unloading 47 unused Assets / (1.8 MB). Loaded Objects now: 4224.
Memory consumption went from 189.9 MB to 188.1 MB.
Total: 3.373459 ms (FindLiveObjects: 0.157875 ms CreateObjectMapping: 0.047375 ms MarkObjects: 2.942916 ms  DeleteObjects: 0.224625 ms)

Prepare: number of updated asset objects reloaded= 0
AssetImportParameters requested are different than current active one (requested -> active):
  custom:container-demuxer-ogg: 62fdf1f143b41e24485cea50d1cbac27 -> 
  custom:video-decoder-ogg-theora: a1e56fd34408186e4bbccfd4996cb3dc -> 
  custom:CustomObjectIndexerAttribute: 9a22284fe3817be447336de3de66b15e -> 
  custom:container-demuxer-webm: 4f35f7cbe854078d1ac9338744f61a02 -> 
  custom:container-muxer-webm: aa71ff27fc2769a1b78a27578f13a17b -> 
  custom:video-decoder-webm-vp8: 9c59270c3fd7afecdb556c50c9e8de78 -> 
  custom:SearchIndexIgnoredProperties: e643bd26f0fe6173181afceb89e7c659 -> 
  custom:AudioImporter_EditorPlatform: 3918e3fc78b5a79bad01e8451be0beb8 -> 
  custom:framework-osx-AVFoundation: e770b220cccbd017edd2c1fefb359320 -> 
  custom:video-encoder-webm-vp8: eb34c28f22e8b96e1ab97ce403110664 -> 
  custom:audio-decoder-ogg-vorbis: bf7c407c2cedff20999df2af8eb42d56 -> 
  custom:audio-encoder-webm-vorbis: bf7c407c2cedff20999df2af8eb42d56 -> 
========================================================================
Received Prepare
Begin MonoManager ReloadAssembly
Thread 0x16d83b000 may have been prematurely finalized
- Loaded All Assemblies, in  0.495 seconds
Refreshing native plugins compatible for Editor in 3.58 ms, found 3 plugins.
Native extension for OSXStandalone target not found
<HackaTime> Initializing...
UnityEngine.StackTraceUtility:ExtractStackTrace () (at /Users/bokken/build/output/unity/unity/Runtime/Export/Scripting/StackTrace.cs:37)
UnityEngine.DebugLogHandler:LogFormat (UnityEngine.LogType,UnityEngine.Object,string,object[])
UnityEngine.Logger:Log (UnityEngine.LogType,object)
UnityEngine.Debug:Log (object)
WakaTime.Plugin:Initialize () (at ./Library/PackageCache/com.daniel-geo.unityhackatime@5ac210a9a2/Editor/Plugin.cs:76)
WakaTime.Plugin:.cctor () (at ./Library/PackageCache/com.daniel-geo.unityhackatime@5ac210a9a2/Editor/Plugin.cs:41)
System.Runtime.CompilerServices.RuntimeHelpers:RunClassConstructor (System.RuntimeTypeHandle)
UnityEditor.EditorAssemblies:ProcessInitializeOnLoadAttributes (System.Type[]) (at /Users/bokken/build/output/unity/unity/Editor/Mono/EditorAssemblies.cs:119)

(Filename: ./Library/PackageCache/com.daniel-geo.unityhackatime@5ac210a9a2/Editor/Plugin.cs Line: 76)

<HackaTime> Sending heartbeat...
UnityEngine.StackTraceUtility:ExtractStackTrace () (at /Users/bokken/build/output/unity/unity/Runtime/Export/Scripting/StackTrace.cs:37)
UnityEngine.DebugLogHandler:LogFormat (UnityEngine.LogType,UnityEngine.Object,string,object[])
UnityEngine.Logger:Log (UnityEngine.LogType,object)
UnityEngine.Debug:Log (object)
WakaTime.Plugin/<SendHeartbeat>d__29:MoveNext () (at ./Library/PackageCache/com.daniel-geo.unityhackatime@5ac210a9a2/Editor/Plugin.cs:144)
System.Runtime.CompilerServices.AsyncVoidMethodBuilder:Start<WakaTime.Plugin/<SendHeartbeat>d__29> (WakaTime.Plugin/<SendHeartbeat>d__29&)
WakaTime.Plugin:SendHeartbeat (bool)
WakaTime.Plugin:Initialize () (at ./Library/PackageCache/com.daniel-geo.unityhackatime@5ac210a9a2/Editor/Plugin.cs:78)
WakaTime.Plugin:.cctor () (at ./Library/PackageCache/com.daniel-geo.unityhackatime@5ac210a9a2/Editor/Plugin.cs:41)
System.Runtime.CompilerServices.RuntimeHelpers:RunClassConstructor (System.RuntimeTypeHandle)
UnityEditor.EditorAssemblies:ProcessInitializeOnLoadAttributes (System.Type[]) (at /Users/bokken/build/output/unity/unity/Editor/Mono/EditorAssemblies.cs:119)

(Filename: ./Library/PackageCache/com.daniel-geo.unityhackatime@5ac210a9a2/Editor/Plugin.cs Line: 144)

Mono: successfully reloaded assembly
- Finished resetting the current domain, in  1.747 seconds
Domain Reload Profiling: 2242ms
	BeginReloadAssembly (145ms)
		ExecutionOrderSort (0ms)
		DisableScriptedObjects (4ms)
		BackupInstance (0ms)
		ReleaseScriptingObjects (0ms)
		CreateAndSetChildDomain (51ms)
	RebuildCommonClasses (25ms)
	RebuildNativeTypeToScriptingClass (9ms)
	initialDomainReloadingComplete (29ms)
	LoadAllAssembliesAndSetupDomain (287ms)
		LoadAssemblies (325ms)
		RebuildTransferFunctionScriptingTraits (0ms)
		AnalyzeDomain (27ms)
			TypeCache.Refresh (18ms)
				TypeCache.ScanAssembly (1ms)
			ScanForSourceGeneratedMonoScriptInfo (5ms)
			ResolveRequiredComponents (4ms)
	FinalizeReload (1747ms)
		ReleaseScriptCaches (0ms)
		RebuildScriptCaches (0ms)
		SetupLoadedEditorAssemblies (401ms)
			LogAssemblyErrors (0ms)
			InitializePlatformSupportModulesInManaged (3ms)
			SetLoadedEditorAssemblies (2ms)
			RefreshPlugins (0ms)
			BeforeProcessingInitializeOnLoad (41ms)
			ProcessInitializeOnLoadAttributes (342ms)
			ProcessInitializeOnLoadMethodAttributes (12ms)
			AfterProcessingInitializeOnLoad (1ms)
			EditorAssembliesLoaded (0ms)
		ExecutionOrderSort2 (0ms)
		AwakeInstancesAfterBackupRestoration (3ms)
Refreshing native plugins compatible for Editor in 7.71 ms, found 3 plugins.
Preloading 0 native plugins for Editor in 0.00 ms.
Release of invalid GC handle. The handle is from a previous domain. The release operation is skipped.
Release of invalid GC handle native callstack: 
 #0 GetStacktrace(int)
 #1 ScriptingGCHandle::Release() const
 #2 ScriptingGCHandle::ReleaseAndClear()
 #3 UploadHandlerRaw::~UploadHandlerRaw()
 #4 UploadHandler::Release()
 #5 UnityWebRequestProto<UnityWebRequestTransport, AtomicRefCounter, RedirectHelper, ResponseHelper, DownloadHandler, UploadHandler, CertificateHandler, HeaderHelper, AsyncOperation>::~UnityWebRequestProto()
 #6 UnityWebRequestAsyncOperation::InvokeCoroutine()
 #7 UnityWebRequestProto<UnityWebRequestTransport, AtomicRefCounter, RedirectHelper, ResponseHelper, DownloadHandler, UploadHandler, CertificateHandler, HeaderHelper, AsyncOperation>::Job_InvokeCoroutine(AsyncOperation*)
 #8 BackgroundJobQueue::ExecuteMainThreadJobs()
 #9 PreloadManager::WaitForAllAsyncOperationsToComplete()
 #10 UnloadUnusedAssetsImmediate(bool, bool)
 #11 invocation function for block in AssetImportWorkerClient::HandleMessage(PrepareMessage const&)::$_4::operator()() const
 #12 _dispatch_client_callout
 #13 _dispatch_async_and_wait_invoke
 #14 _dispatch_client_callout
 #15 _dispatch_main_queue_drain.cold.6
 #16 _dispatch_main_queue_drain
 #17 _dispatch_main_queue_callback_4CF
 #18 __CFRUNLOOP_IS_SERVICING_THE_MAIN_DISPATCH_QUEUE__
 #19 __CFRunLoopRun
 #20 _CFRunLoopRunSpecificWithOptions
 #21 RunCurrentEventLoopInMode
 #22 ReceiveNextEventCommon
 #23 _BlockUntilNextEventMatchingListInMode
 #24 _DPSBlockUntilNextEventMatchingListInMode
 #25 _DPSNextEvent
 #26 -[NSApplication(NSEventRouting) _nextEventMatchingEventMask:untilDate:inMode:dequeue:]
 #27 -[NSApplication(NSEventRouting) nextEventMatchingMask:untilDate:inMode:dequeue:]
 #28 -[NSApplication run]
 #29 NSApplicationMain
 #30 EditorMain(int, char const**)
 #31 main
 #32 start
<HackaTime> Got response
{"id":2740266149,"user_id":61064,"branch":"main","category":"coding","dependencies":[],"editor":"unity","entity":"Unsaved Scene","language":"unity","machine":null,"operating_system":null,"project":"Duos","type":"file","user_agent":"unity-hackatime","line_additions":null,"line_deletions":null,"lineno":null,"lines":null,"cursorpos":null,"project_root_count":null,"time":1790945408.0,"is_write":false,"created_at":"2026-10-02T12:49:33.907Z","updated_at":"2026-10-02T12:49:33.907Z","fields_hash":"530a0d5100ae5ed0fad5f4fa9bad5cd8","source_type":"direct_entry","ip_address":"2001:8003:cc20:b000:d019:d93e:3ea5:ef8b","deleted_at":null,"ja4_id":41,"ai_model":null,"ai_session":null,"ai_subscription_plan":null,"ai_input_tokens":null,"ai_output_tokens":null,"ai_prompt_length":null,"ai_line_changes":null,"human_line_changes":null}
UnityEngine.StackTraceUtility:ExtractStackTrace () (at /Users/bokken/build/output/unity/unity/Runtime/Export/Scripting/StackTrace.cs:37)
UnityEngine.DebugLogHandler:LogFormat (UnityEngine.LogType,UnityEngine.Object,string,object[])
UnityEngine.Logger:Log (UnityEngine.LogType,object)
UnityEngine.Debug:Log (object)
WakaTime.Plugin/<SendHeartbeat>d__29:MoveNext () (at ./Library/PackageCache/com.daniel-geo.unityhackatime@5ac210a9a2/Editor/Plugin.cs:187)
System.Runtime.CompilerServices.AsyncMethodBuilderCore/MoveNextRunner:InvokeMoveNext (object)
System.Threading.ExecutionContext:RunInternal (System.Threading.ExecutionContext,System.Threading.ContextCallback,object,bool)
System.Threading.ExecutionContext:Run (System.Threading.ExecutionContext,System.Threading.ContextCallback,object,bool)
System.Runtime.CompilerServices.AsyncMethodBuilderCore/MoveNextRunner:Run ()
System.Threading.Tasks.AwaitTaskContinuation:InvokeAction (object)
System.Threading.Tasks.AwaitTaskContinuation:RunCallback (System.Threading.ContextCallback,object,System.Threading.Tasks.Task&)
System.Threading.Tasks.SynchronizationContextAwaitTaskContinuation:Run (System.Threading.Tasks.Task,bool)
System.Threading.Tasks.Task:FinishContinuations ()
System.Threading.Tasks.Task:FinishStageThree ()
System.Threading.Tasks.Task`1<bool>:TrySetResult (bool)
System.Threading.Tasks.TaskCompletionSource`1<bool>:TrySetResult (bool)
WakaTime.Plugin/<>c__DisplayClass29_0:<SendHeartbeat>b__0 (UnityEngine.AsyncOperation) (at ./Library/PackageCache/com.daniel-geo.unityhackatime@5ac210a9a2/Editor/Plugin.cs:176)
UnityEngine.AsyncOperation:InvokeCompletionEvent () (at /Users/bokken/build/output/unity/unity/Runtime/Export/Scripting/AsyncOperation.cs:21)

(Filename: ./Library/PackageCache/com.daniel-geo.unityhackatime@5ac210a9a2/Editor/Plugin.cs Line: 187)

<HackaTime> Sent heartbeat!
UnityEngine.StackTraceUtility:ExtractStackTrace () (at /Users/bokken/build/output/unity/unity/Runtime/Export/Scripting/StackTrace.cs:37)
UnityEngine.DebugLogHandler:LogFormat (UnityEngine.LogType,UnityEngine.Object,string,object[])
UnityEngine.Logger:Log (UnityEngine.LogType,object)
UnityEngine.Debug:Log (object)
WakaTime.Plugin/<SendHeartbeat>d__29:MoveNext () (at ./Library/PackageCache/com.daniel-geo.unityhackatime@5ac210a9a2/Editor/Plugin.cs:203)
System.Runtime.CompilerServices.AsyncMethodBuilderCore/MoveNextRunner:InvokeMoveNext (object)
System.Threading.ExecutionContext:RunInternal (System.Threading.ExecutionContext,System.Threading.ContextCallback,object,bool)
System.Threading.ExecutionContext:Run (System.Threading.ExecutionContext,System.Threading.ContextCallback,object,bool)
System.Runtime.CompilerServices.AsyncMethodBuilderCore/MoveNextRunner:Run ()
System.Threading.Tasks.AwaitTaskContinuation:InvokeAction (object)
System.Threading.Tasks.AwaitTaskContinuation:RunCallback (System.Threading.ContextCallback,object,System.Threading.Tasks.Task&)
System.Threading.Tasks.SynchronizationContextAwaitTaskContinuation:Run (System.Threading.Tasks.Task,bool)
System.Threading.Tasks.Task:FinishContinuations ()
System.Threading.Tasks.Task:FinishStageThree ()
System.Threading.Tasks.Task`1<bool>:TrySetResult (bool)
System.Threading.Tasks.TaskCompletionSource`1<bool>:TrySetResult (bool)
WakaTime.Plugin/<>c__DisplayClass29_0:<SendHeartbeat>b__0 (UnityEngine.AsyncOperation) (at ./Library/PackageCache/com.daniel-geo.unityhackatime@5ac210a9a2/Editor/Plugin.cs:176)
UnityEngine.AsyncOperation:InvokeCompletionEvent () (at /Users/bokken/build/output/unity/unity/Runtime/Export/Scripting/AsyncOperation.cs:21)

(Filename: ./Library/PackageCache/com.daniel-geo.unityhackatime@5ac210a9a2/Editor/Plugin.cs Line: 203)

Unloading 3686 Unused Serialized files (Serialized files now loaded: 0)
Unloading 47 unused Assets / (1.8 MB). Loaded Objects now: 4228.
Memory consumption went from 197.0 MB to 195.3 MB.
Total: 3.667041 ms (FindLiveObjects: 0.156542 ms CreateObjectMapping: 0.046208 ms MarkObjects: 3.261542 ms  DeleteObjects: 0.202125 ms)

Prepare: number of updated asset objects reloaded= 0
AssetImportParameters requested are different than current active one (requested -> active):
  custom:container-demuxer-ogg: 62fdf1f143b41e24485cea50d1cbac27 -> 
  custom:video-decoder-ogg-theora: a1e56fd34408186e4bbccfd4996cb3dc -> 
  custom:CustomObjectIndexerAttribute: 9a22284fe3817be447336de3de66b15e -> 
  custom:container-demuxer-webm: 4f35f7cbe854078d1ac9338744f61a02 -> 
  custom:container-muxer-webm: aa71ff27fc2769a1b78a27578f13a17b -> 
  custom:video-decoder-webm-vp8: 9c59270c3fd7afecdb556c50c9e8de78 -> 
  custom:SearchIndexIgnoredProperties: e643bd26f0fe6173181afceb89e7c659 -> 
  custom:AudioImporter_EditorPlatform: 3918e3fc78b5a79bad01e8451be0beb8 -> 
  custom:framework-osx-AVFoundation: e770b220cccbd017edd2c1fefb359320 -> 
  custom:video-encoder-webm-vp8: eb34c28f22e8b96e1ab97ce403110664 -> 
  custom:audio-decoder-ogg-vorbis: bf7c407c2cedff20999df2af8eb42d56 -> 
  custom:audio-encoder-webm-vorbis: bf7c407c2cedff20999df2af8eb42d56 -> 
========================================================================
Received Prepare
Begin MonoManager ReloadAssembly
Thread 0x16d83b000 may have been prematurely finalized
- Loaded All Assemblies, in  0.363 seconds
Refreshing native plugins compatible for Editor in 1.73 ms, found 3 plugins.
Native extension for OSXStandalone target not found
<HackaTime> Initializing...
UnityEngine.StackTraceUtility:ExtractStackTrace () (at /Users/bokken/build/output/unity/unity/Runtime/Export/Scripting/StackTrace.cs:37)
UnityEngine.DebugLogHandler:LogFormat (UnityEngine.LogType,UnityEngine.Object,string,object[])
UnityEngine.Logger:Log (UnityEngine.LogType,object)
UnityEngine.Debug:Log (object)
WakaTime.Plugin:Initialize () (at ./Library/PackageCache/com.daniel-geo.unityhackatime@5ac210a9a2/Editor/Plugin.cs:76)
WakaTime.Plugin:.cctor () (at ./Library/PackageCache/com.daniel-geo.unityhackatime@5ac210a9a2/Editor/Plugin.cs:41)
System.Runtime.CompilerServices.RuntimeHelpers:RunClassConstructor (System.RuntimeTypeHandle)
UnityEditor.EditorAssemblies:ProcessInitializeOnLoadAttributes (System.Type[]) (at /Users/bokken/build/output/unity/unity/Editor/Mono/EditorAssemblies.cs:119)

(Filename: ./Library/PackageCache/com.daniel-geo.unityhackatime@5ac210a9a2/Editor/Plugin.cs Line: 76)

<HackaTime> Sending heartbeat...
UnityEngine.StackTraceUtility:ExtractStackTrace () (at /Users/bokken/build/output/unity/unity/Runtime/Export/Scripting/StackTrace.cs:37)
UnityEngine.DebugLogHandler:LogFormat (UnityEngine.LogType,UnityEngine.Object,string,object[])
UnityEngine.Logger:Log (UnityEngine.LogType,object)
UnityEngine.Debug:Log (object)
WakaTime.Plugin/<SendHeartbeat>d__29:MoveNext () (at ./Library/PackageCache/com.daniel-geo.unityhackatime@5ac210a9a2/Editor/Plugin.cs:144)
System.Runtime.CompilerServices.AsyncVoidMethodBuilder:Start<WakaTime.Plugin/<SendHeartbeat>d__29> (WakaTime.Plugin/<SendHeartbeat>d__29&)
WakaTime.Plugin:SendHeartbeat (bool)
WakaTime.Plugin:Initialize () (at ./Library/PackageCache/com.daniel-geo.unityhackatime@5ac210a9a2/Editor/Plugin.cs:78)
WakaTime.Plugin:.cctor () (at ./Library/PackageCache/com.daniel-geo.unityhackatime@5ac210a9a2/Editor/Plugin.cs:41)
System.Runtime.CompilerServices.RuntimeHelpers:RunClassConstructor (System.RuntimeTypeHandle)
UnityEditor.EditorAssemblies:ProcessInitializeOnLoadAttributes (System.Type[]) (at /Users/bokken/build/output/unity/unity/Editor/Mono/EditorAssemblies.cs:119)

(Filename: ./Library/PackageCache/com.daniel-geo.unityhackatime@5ac210a9a2/Editor/Plugin.cs Line: 144)

Mono: successfully reloaded assembly
- Finished resetting the current domain, in  0.703 seconds
Domain Reload Profiling: 1067ms
	BeginReloadAssembly (120ms)
		ExecutionOrderSort (0ms)
		DisableScriptedObjects (4ms)
		BackupInstance (0ms)
		ReleaseScriptingObjects (0ms)
		CreateAndSetChildDomain (37ms)
	RebuildCommonClasses (24ms)
	RebuildNativeTypeToScriptingClass (8ms)
	initialDomainReloadingComplete (24ms)
	LoadAllAssembliesAndSetupDomain (187ms)
		LoadAssemblies (224ms)
		RebuildTransferFunctionScriptingTraits (0ms)
		AnalyzeDomain (16ms)
			TypeCache.Refresh (11ms)
				TypeCache.ScanAssembly (0ms)
			ScanForSourceGeneratedMonoScriptInfo (0ms)
			ResolveRequiredComponents (4ms)
	FinalizeReload (704ms)
		ReleaseScriptCaches (0ms)
		RebuildScriptCaches (0ms)
		SetupLoadedEditorAssemblies (450ms)
			LogAssemblyErrors (0ms)
			InitializePlatformSupportModulesInManaged (3ms)
			SetLoadedEditorAssemblies (2ms)
			RefreshPlugins (0ms)
			BeforeProcessingInitializeOnLoad (36ms)
			ProcessInitializeOnLoadAttributes (395ms)
			ProcessInitializeOnLoadMethodAttributes (12ms)
			AfterProcessingInitializeOnLoad (2ms)
			EditorAssembliesLoaded (0ms)
		ExecutionOrderSort2 (0ms)
		AwakeInstancesAfterBackupRestoration (3ms)
Refreshing native plugins compatible for Editor in 1.58 ms, found 3 plugins.
Preloading 0 native plugins for Editor in 0.00 ms.
Unloading 3686 Unused Serialized files (Serialized files now loaded: 0)
Unloading 47 unused Assets / (1.8 MB). Loaded Objects now: 4232.
Memory consumption went from 204.1 MB to 202.4 MB.
Total: 3.212375 ms (FindLiveObjects: 0.149667 ms CreateObjectMapping: 0.047000 ms MarkObjects: 2.825583 ms  DeleteObjects: 0.189500 ms)

Prepare: number of updated asset objects reloaded= 0
AssetImportParameters requested are different than current active one (requested -> active):
  custom:container-demuxer-ogg: 62fdf1f143b41e24485cea50d1cbac27 -> 
  custom:video-decoder-ogg-theora: a1e56fd34408186e4bbccfd4996cb3dc -> 
  custom:CustomObjectIndexerAttribute: 9a22284fe3817be447336de3de66b15e -> 
  custom:container-demuxer-webm: 4f35f7cbe854078d1ac9338744f61a02 -> 
  custom:container-muxer-webm: aa71ff27fc2769a1b78a27578f13a17b -> 
  custom:video-decoder-webm-vp8: 9c59270c3fd7afecdb556c50c9e8de78 -> 
  custom:SearchIndexIgnoredProperties: e643bd26f0fe6173181afceb89e7c659 -> 
  custom:AudioImporter_EditorPlatform: 3918e3fc78b5a79bad01e8451be0beb8 -> 
  custom:framework-osx-AVFoundation: e770b220cccbd017edd2c1fefb359320 -> 
  custom:video-encoder-webm-vp8: eb34c28f22e8b96e1ab97ce403110664 -> 
  custom:audio-decoder-ogg-vorbis: bf7c407c2cedff20999df2af8eb42d56 -> 
  custom:audio-encoder-webm-vorbis: bf7c407c2cedff20999df2af8eb42d56 -> 
========================================================================
Received Prepare
Begin MonoManager ReloadAssembly
Thread 0x16d83b000 may have been prematurely finalized
- Loaded All Assemblies, in  0.385 seconds
Refreshing native plugins compatible for Editor in 1.76 ms, found 3 plugins.
Native extension for OSXStandalone target not found
<HackaTime> Initializing...
UnityEngine.StackTraceUtility:ExtractStackTrace () (at /Users/bokken/build/output/unity/unity/Runtime/Export/Scripting/StackTrace.cs:37)
UnityEngine.DebugLogHandler:LogFormat (UnityEngine.LogType,UnityEngine.Object,string,object[])
UnityEngine.Logger:Log (UnityEngine.LogType,object)
UnityEngine.Debug:Log (object)
WakaTime.Plugin:Initialize () (at ./Library/PackageCache/com.daniel-geo.unityhackatime@5ac210a9a2/Editor/Plugin.cs:76)
WakaTime.Plugin:.cctor () (at ./Library/PackageCache/com.daniel-geo.unityhackatime@5ac210a9a2/Editor/Plugin.cs:41)
System.Runtime.CompilerServices.RuntimeHelpers:RunClassConstructor (System.RuntimeTypeHandle)
UnityEditor.EditorAssemblies:ProcessInitializeOnLoadAttributes (System.Type[]) (at /Users/bokken/build/output/unity/unity/Editor/Mono/EditorAssemblies.cs:119)

(Filename: ./Library/PackageCache/com.daniel-geo.unityhackatime@5ac210a9a2/Editor/Plugin.cs Line: 76)

<HackaTime> Sending heartbeat...
UnityEngine.StackTraceUtility:ExtractStackTrace () (at /Users/bokken/build/output/unity/unity/Runtime/Export/Scripting/StackTrace.cs:37)
UnityEngine.DebugLogHandler:LogFormat (UnityEngine.LogType,UnityEngine.Object,string,object[])
UnityEngine.Logger:Log (UnityEngine.LogType,object)
UnityEngine.Debug:Log (object)
WakaTime.Plugin/<SendHeartbeat>d__29:MoveNext () (at ./Library/PackageCache/com.daniel-geo.unityhackatime@5ac210a9a2/Editor/Plugin.cs:144)
System.Runtime.CompilerServices.AsyncVoidMethodBuilder:Start<WakaTime.Plugin/<SendHeartbeat>d__29> (WakaTime.Plugin/<SendHeartbeat>d__29&)
WakaTime.Plugin:SendHeartbeat (bool)
WakaTime.Plugin:Initialize () (at ./Library/PackageCache/com.daniel-geo.unityhackatime@5ac210a9a2/Editor/Plugin.cs:78)
WakaTime.Plugin:.cctor () (at ./Library/PackageCache/com.daniel-geo.unityhackatime@5ac210a9a2/Editor/Plugin.cs:41)
System.Runtime.CompilerServices.RuntimeHelpers:RunClassConstructor (System.RuntimeTypeHandle)
UnityEditor.EditorAssemblies:ProcessInitializeOnLoadAttributes (System.Type[]) (at /Users/bokken/build/output/unity/unity/Editor/Mono/EditorAssemblies.cs:119)

(Filename: ./Library/PackageCache/com.daniel-geo.unityhackatime@5ac210a9a2/Editor/Plugin.cs Line: 144)

Mono: successfully reloaded assembly
- Finished resetting the current domain, in  1.307 seconds
Domain Reload Profiling: 1693ms
	BeginReloadAssembly (136ms)
		ExecutionOrderSort (0ms)
		DisableScriptedObjects (4ms)
		BackupInstance (0ms)
		ReleaseScriptingObjects (0ms)
		CreateAndSetChildDomain (50ms)
	RebuildCommonClasses (25ms)
	RebuildNativeTypeToScriptingClass (8ms)
	initialDomainReloadingComplete (16ms)
	LoadAllAssembliesAndSetupDomain (201ms)
		LoadAssemblies (235ms)
		RebuildTransferFunctionScriptingTraits (0ms)
		AnalyzeDomain (20ms)
			TypeCache.Refresh (10ms)
				TypeCache.ScanAssembly (1ms)
			ScanForSourceGeneratedMonoScriptInfo (5ms)
			ResolveRequiredComponents (4ms)
	FinalizeReload (1308ms)
		ReleaseScriptCaches (0ms)
		RebuildScriptCaches (0ms)
		SetupLoadedEditorAssemblies (434ms)
			LogAssemblyErrors (0ms)
			InitializePlatformSupportModulesInManaged (6ms)
			SetLoadedEditorAssemblies (3ms)
			RefreshPlugins (0ms)
			BeforeProcessingInitializeOnLoad (48ms)
			ProcessInitializeOnLoadAttributes (361ms)
			ProcessInitializeOnLoadMethodAttributes (13ms)
			AfterProcessingInitializeOnLoad (1ms)
			EditorAssembliesLoaded (0ms)
		ExecutionOrderSort2 (0ms)
		AwakeInstancesAfterBackupRestoration (2ms)
Refreshing native plugins compatible for Editor in 4.63 ms, found 3 plugins.
Preloading 0 native plugins for Editor in 0.00 ms.
Release of invalid GC handle. The handle is from a previous domain. The release operation is skipped.
Release of invalid GC handle native callstack: 
 #0 GetStacktrace(int)
 #1 ScriptingGCHandle::Release() const
 #2 ScriptingGCHandle::ReleaseAndClear()
 #3 UploadHandlerRaw::~UploadHandlerRaw()
 #4 UploadHandler::Release()
 #5 UnityWebRequestProto<UnityWebRequestTransport, AtomicRefCounter, RedirectHelper, ResponseHelper, DownloadHandler, UploadHandler, CertificateHandler, HeaderHelper, AsyncOperation>::~UnityWebRequestProto()
 #6 UnityWebRequestAsyncOperation::InvokeCoroutine()
 #7 UnityWebRequestProto<UnityWebRequestTransport, AtomicRefCounter, RedirectHelper, ResponseHelper, DownloadHandler, UploadHandler, CertificateHandler, HeaderHelper, AsyncOperation>::Job_InvokeCoroutine(AsyncOperation*)
 #8 BackgroundJobQueue::ExecuteMainThreadJobs()
 #9 PreloadManager::WaitForAllAsyncOperationsToComplete()
 #10 UnloadUnusedAssetsImmediate(bool, bool)
 #11 invocation function for block in AssetImportWorkerClient::HandleMessage(PrepareMessage const&)::$_4::operator()() const
 #12 _dispatch_client_callout
 #13 _dispatch_async_and_wait_invoke
 #14 _dispatch_client_callout
 #15 _dispatch_main_queue_drain.cold.6
 #16 _dispatch_main_queue_drain
 #17 _dispatch_main_queue_callback_4CF
 #18 __CFRUNLOOP_IS_SERVICING_THE_MAIN_DISPATCH_QUEUE__
 #19 __CFRunLoopRun
 #20 _CFRunLoopRunSpecificWithOptions
 #21 RunCurrentEventLoopInMode
 #22 ReceiveNextEventCommon
 #23 _BlockUntilNextEventMatchingListInMode
 #24 _DPSBlockUntilNextEventMatchingListInMode
 #25 _DPSNextEvent
 #26 -[NSApplication(NSEventRouting) _nextEventMatchingEventMask:untilDate:inMode:dequeue:]
 #27 -[NSApplication(NSEventRouting) nextEventMatchingMask:untilDate:inMode:dequeue:]
 #28 -[NSApplication run]
 #29 NSApplicationMain
 #30 EditorMain(int, char const**)
 #31 main
 #32 start
<HackaTime> Got response
{"id":2740266149,"user_id":61064,"branch":"main","category":"coding","dependencies":[],"editor":"unity","entity":"Unsaved Scene","language":"unity","machine":null,"operating_system":null,"project":"Duos","type":"file","user_agent":"unity-hackatime","line_additions":null,"line_deletions":null,"lineno":null,"lines":null,"cursorpos":null,"project_root_count":null,"time":1790945408.0,"is_write":false,"created_at":"2026-10-02T12:49:33.907Z","updated_at":"2026-10-02T12:49:33.907Z","fields_hash":"530a0d5100ae5ed0fad5f4fa9bad5cd8","source_type":"direct_entry","ip_address":"2001:8003:cc20:b000:d019:d93e:3ea5:ef8b","deleted_at":null,"ja4_id":41,"ai_model":null,"ai_session":null,"ai_subscription_plan":null,"ai_input_tokens":null,"ai_output_tokens":null,"ai_prompt_length":null,"ai_line_changes":null,"human_line_changes":null}
UnityEngine.StackTraceUtility:ExtractStackTrace () (at /Users/bokken/build/output/unity/unity/Runtime/Export/Scripting/StackTrace.cs:37)
UnityEngine.DebugLogHandler:LogFormat (UnityEngine.LogType,UnityEngine.Object,string,object[])
UnityEngine.Logger:Log (UnityEngine.LogType,object)
UnityEngine.Debug:Log (object)
WakaTime.Plugin/<SendHeartbeat>d__29:MoveNext () (at ./Library/PackageCache/com.daniel-geo.unityhackatime@5ac210a9a2/Editor/Plugin.cs:187)
System.Runtime.CompilerServices.AsyncMethodBuilderCore/MoveNextRunner:InvokeMoveNext (object)
System.Threading.ExecutionContext:RunInternal (System.Threading.ExecutionContext,System.Threading.ContextCallback,object,bool)
System.Threading.ExecutionContext:Run (System.Threading.ExecutionContext,System.Threading.ContextCallback,object,bool)
System.Runtime.CompilerServices.AsyncMethodBuilderCore/MoveNextRunner:Run ()
System.Threading.Tasks.AwaitTaskContinuation:InvokeAction (object)
System.Threading.Tasks.AwaitTaskContinuation:RunCallback (System.Threading.ContextCallback,object,System.Threading.Tasks.Task&)
System.Threading.Tasks.SynchronizationContextAwaitTaskContinuation:Run (System.Threading.Tasks.Task,bool)
System.Threading.Tasks.Task:FinishContinuations ()
System.Threading.Tasks.Task:FinishStageThree ()
System.Threading.Tasks.Task`1<bool>:TrySetResult (bool)
System.Threading.Tasks.TaskCompletionSource`1<bool>:TrySetResult (bool)
WakaTime.Plugin/<>c__DisplayClass29_0:<SendHeartbeat>b__0 (UnityEngine.AsyncOperation) (at ./Library/PackageCache/com.daniel-geo.unityhackatime@5ac210a9a2/Editor/Plugin.cs:176)
UnityEngine.AsyncOperation:InvokeCompletionEvent () (at /Users/bokken/build/output/unity/unity/Runtime/Export/Scripting/AsyncOperation.cs:21)

(Filename: ./Library/PackageCache/com.daniel-geo.unityhackatime@5ac210a9a2/Editor/Plugin.cs Line: 187)

<HackaTime> Sent heartbeat!
UnityEngine.StackTraceUtility:ExtractStackTrace () (at /Users/bokken/build/output/unity/unity/Runtime/Export/Scripting/StackTrace.cs:37)
UnityEngine.DebugLogHandler:LogFormat (UnityEngine.LogType,UnityEngine.Object,string,object[])
UnityEngine.Logger:Log (UnityEngine.LogType,object)
UnityEngine.Debug:Log (object)
WakaTime.Plugin/<SendHeartbeat>d__29:MoveNext () (at ./Library/PackageCache/com.daniel-geo.unityhackatime@5ac210a9a2/Editor/Plugin.cs:203)
System.Runtime.CompilerServices.AsyncMethodBuilderCore/MoveNextRunner:InvokeMoveNext (object)
System.Threading.ExecutionContext:RunInternal (System.Threading.ExecutionContext,System.Threading.ContextCallback,object,bool)
System.Threading.ExecutionContext:Run (System.Threading.ExecutionContext,System.Threading.ContextCallback,object,bool)
System.Runtime.CompilerServices.AsyncMethodBuilderCore/MoveNextRunner:Run ()
System.Threading.Tasks.AwaitTaskContinuation:InvokeAction (object)
System.Threading.Tasks.AwaitTaskContinuation:RunCallback (System.Threading.ContextCallback,object,System.Threading.Tasks.Task&)
System.Threading.Tasks.SynchronizationContextAwaitTaskContinuation:Run (System.Threading.Tasks.Task,bool)
System.Threading.Tasks.Task:FinishContinuations ()
System.Threading.Tasks.Task:FinishStageThree ()
System.Threading.Tasks.Task`1<bool>:TrySetResult (bool)
System.Threading.Tasks.TaskCompletionSource`1<bool>:TrySetResult (bool)
WakaTime.Plugin/<>c__DisplayClass29_0:<SendHeartbeat>b__0 (UnityEngine.AsyncOperation) (at ./Library/PackageCache/com.daniel-geo.unityhackatime@5ac210a9a2/Editor/Plugin.cs:176)
UnityEngine.AsyncOperation:InvokeCompletionEvent () (at /Users/bokken/build/output/unity/unity/Runtime/Export/Scripting/AsyncOperation.cs:21)

(Filename: ./Library/PackageCache/com.daniel-geo.unityhackatime@5ac210a9a2/Editor/Plugin.cs Line: 203)

Unloading 3686 Unused Serialized files (Serialized files now loaded: 0)
Unloading 47 unused Assets / (1.8 MB). Loaded Objects now: 4236.
Memory consumption went from 211.3 MB to 209.5 MB.
Total: 6.966541 ms (FindLiveObjects: 0.151708 ms CreateObjectMapping: 0.046250 ms MarkObjects: 6.437375 ms  DeleteObjects: 0.330500 ms)

Prepare: number of updated asset objects reloaded= 0
AssetImportParameters requested are different than current active one (requested -> active):
  custom:container-demuxer-ogg: 62fdf1f143b41e24485cea50d1cbac27 -> 
  custom:video-decoder-ogg-theora: a1e56fd34408186e4bbccfd4996cb3dc -> 
  custom:CustomObjectIndexerAttribute: 9a22284fe3817be447336de3de66b15e -> 
  custom:container-demuxer-webm: 4f35f7cbe854078d1ac9338744f61a02 -> 
  custom:container-muxer-webm: aa71ff27fc2769a1b78a27578f13a17b -> 
  custom:video-decoder-webm-vp8: 9c59270c3fd7afecdb556c50c9e8de78 -> 
  custom:SearchIndexIgnoredProperties: e643bd26f0fe6173181afceb89e7c659 -> 
  custom:AudioImporter_EditorPlatform: 3918e3fc78b5a79bad01e8451be0beb8 -> 
  custom:framework-osx-AVFoundation: e770b220cccbd017edd2c1fefb359320 -> 
  custom:video-encoder-webm-vp8: eb34c28f22e8b96e1ab97ce403110664 -> 
  custom:audio-decoder-ogg-vorbis: bf7c407c2cedff20999df2af8eb42d56 -> 
  custom:audio-encoder-webm-vorbis: bf7c407c2cedff20999df2af8eb42d56 -> 
========================================================================
Received Prepare
Begin MonoManager ReloadAssembly
Thread 0x16d83b000 may have been prematurely finalized
- Loaded All Assemblies, in  0.355 seconds
Refreshing native plugins compatible for Editor in 1.83 ms, found 3 plugins.
Native extension for OSXStandalone target not found
<HackaTime> Initializing...
UnityEngine.StackTraceUtility:ExtractStackTrace () (at /Users/bokken/build/output/unity/unity/Runtime/Export/Scripting/StackTrace.cs:37)
UnityEngine.DebugLogHandler:LogFormat (UnityEngine.LogType,UnityEngine.Object,string,object[])
UnityEngine.Logger:Log (UnityEngine.LogType,object)
UnityEngine.Debug:Log (object)
WakaTime.Plugin:Initialize () (at ./Library/PackageCache/com.daniel-geo.unityhackatime@5ac210a9a2/Editor/Plugin.cs:76)
WakaTime.Plugin:.cctor () (at ./Library/PackageCache/com.daniel-geo.unityhackatime@5ac210a9a2/Editor/Plugin.cs:41)
System.Runtime.CompilerServices.RuntimeHelpers:RunClassConstructor (System.RuntimeTypeHandle)
UnityEditor.EditorAssemblies:ProcessInitializeOnLoadAttributes (System.Type[]) (at /Users/bokken/build/output/unity/unity/Editor/Mono/EditorAssemblies.cs:119)

(Filename: ./Library/PackageCache/com.daniel-geo.unityhackatime@5ac210a9a2/Editor/Plugin.cs Line: 76)

<HackaTime> Sending heartbeat...
UnityEngine.StackTraceUtility:ExtractStackTrace () (at /Users/bokken/build/output/unity/unity/Runtime/Export/Scripting/StackTrace.cs:37)
UnityEngine.DebugLogHandler:LogFormat (UnityEngine.LogType,UnityEngine.Object,string,object[])
UnityEngine.Logger:Log (UnityEngine.LogType,object)
UnityEngine.Debug:Log (object)
WakaTime.Plugin/<SendHeartbeat>d__29:MoveNext () (at ./Library/PackageCache/com.daniel-geo.unityhackatime@5ac210a9a2/Editor/Plugin.cs:144)
System.Runtime.CompilerServices.AsyncVoidMethodBuilder:Start<WakaTime.Plugin/<SendHeartbeat>d__29> (WakaTime.Plugin/<SendHeartbeat>d__29&)
WakaTime.Plugin:SendHeartbeat (bool)
WakaTime.Plugin:Initialize () (at ./Library/PackageCache/com.daniel-geo.unityhackatime@5ac210a9a2/Editor/Plugin.cs:78)
WakaTime.Plugin:.cctor () (at ./Library/PackageCache/com.daniel-geo.unityhackatime@5ac210a9a2/Editor/Plugin.cs:41)
System.Runtime.CompilerServices.RuntimeHelpers:RunClassConstructor (System.RuntimeTypeHandle)
UnityEditor.EditorAssemblies:ProcessInitializeOnLoadAttributes (System.Type[]) (at /Users/bokken/build/output/unity/unity/Editor/Mono/EditorAssemblies.cs:119)

(Filename: ./Library/PackageCache/com.daniel-geo.unityhackatime@5ac210a9a2/Editor/Plugin.cs Line: 144)

Mono: successfully reloaded assembly
- Finished resetting the current domain, in  0.670 seconds
Domain Reload Profiling: 1026ms
	BeginReloadAssembly (122ms)
		ExecutionOrderSort (0ms)
		DisableScriptedObjects (4ms)
		BackupInstance (0ms)
		ReleaseScriptingObjects (0ms)
		CreateAndSetChildDomain (40ms)
	RebuildCommonClasses (24ms)
	RebuildNativeTypeToScriptingClass (8ms)
	initialDomainReloadingComplete (20ms)
	LoadAllAssembliesAndSetupDomain (181ms)
		LoadAssemblies (220ms)
		RebuildTransferFunctionScriptingTraits (0ms)
		AnalyzeDomain (14ms)
			TypeCache.Refresh (9ms)
				TypeCache.ScanAssembly (0ms)
			ScanForSourceGeneratedMonoScriptInfo (0ms)
			ResolveRequiredComponents (4ms)
	FinalizeReload (670ms)
		ReleaseScriptCaches (0ms)
		RebuildScriptCaches (0ms)
		SetupLoadedEditorAssemblies (416ms)
			LogAssemblyErrors (0ms)
			InitializePlatformSupportModulesInManaged (3ms)
			SetLoadedEditorAssemblies (2ms)
			RefreshPlugins (0ms)
			BeforeProcessingInitializeOnLoad (36ms)
			ProcessInitializeOnLoadAttributes (363ms)
			ProcessInitializeOnLoadMethodAttributes (10ms)
			AfterProcessingInitializeOnLoad (1ms)
			EditorAssembliesLoaded (0ms)
		ExecutionOrderSort2 (0ms)
		AwakeInstancesAfterBackupRestoration (2ms)
Refreshing native plugins compatible for Editor in 2.87 ms, found 3 plugins.
Preloading 0 native plugins for Editor in 0.00 ms.
<HackaTime> Got response
{"id":2740266149,"user_id":61064,"branch":"main","category":"coding","dependencies":[],"editor":"unity","entity":"Unsaved Scene","language":"unity","machine":null,"operating_system":null,"project":"Duos","type":"file","user_agent":"unity-hackatime","line_additions":null,"line_deletions":null,"lineno":null,"lines":null,"cursorpos":null,"project_root_count":null,"time":1790945408.0,"is_write":false,"created_at":"2026-10-02T12:49:33.907Z","updated_at":"2026-10-02T12:49:33.907Z","fields_hash":"530a0d5100ae5ed0fad5f4fa9bad5cd8","source_type":"direct_entry","ip_address":"2001:8003:cc20:b000:d019:d93e:3ea5:ef8b","deleted_at":null,"ja4_id":41,"ai_model":null,"ai_session":null,"ai_subscription_plan":null,"ai_input_tokens":null,"ai_output_tokens":null,"ai_prompt_length":null,"ai_line_changes":null,"human_line_changes":null}
UnityEngine.StackTraceUtility:ExtractStackTrace () (at /Users/bokken/build/output/unity/unity/Runtime/Export/Scripting/StackTrace.cs:37)
UnityEngine.DebugLogHandler:LogFormat (UnityEngine.LogType,UnityEngine.Object,string,object[])
UnityEngine.Logger:Log (UnityEngine.LogType,object)
UnityEngine.Debug:Log (object)
WakaTime.Plugin/<SendHeartbeat>d__29:MoveNext () (at ./Library/PackageCache/com.daniel-geo.unityhackatime@5ac210a9a2/Editor/Plugin.cs:187)
System.Runtime.CompilerServices.AsyncMethodBuilderCore/MoveNextRunner:InvokeMoveNext (object)
System.Threading.ExecutionContext:RunInternal (System.Threading.ExecutionContext,System.Threading.ContextCallback,object,bool)
System.Threading.ExecutionContext:Run (System.Threading.ExecutionContext,System.Threading.ContextCallback,object,bool)
System.Runtime.CompilerServices.AsyncMethodBuilderCore/MoveNextRunner:Run ()
System.Threading.Tasks.AwaitTaskContinuation:InvokeAction (object)
System.Threading.Tasks.AwaitTaskContinuation:RunCallback (System.Threading.ContextCallback,object,System.Threading.Tasks.Task&)
System.Threading.Tasks.SynchronizationContextAwaitTaskContinuation:Run (System.Threading.Tasks.Task,bool)
System.Threading.Tasks.Task:FinishContinuations ()
System.Threading.Tasks.Task:FinishStageThree ()
System.Threading.Tasks.Task`1<bool>:TrySetResult (bool)
System.Threading.Tasks.TaskCompletionSource`1<bool>:TrySetResult (bool)
WakaTime.Plugin/<>c__DisplayClass29_0:<SendHeartbeat>b__0 (UnityEngine.AsyncOperation) (at ./Library/PackageCache/com.daniel-geo.unityhackatime@5ac210a9a2/Editor/Plugin.cs:176)
UnityEngine.AsyncOperation:InvokeCompletionEvent () (at /Users/bokken/build/output/unity/unity/Runtime/Export/Scripting/AsyncOperation.cs:21)

(Filename: ./Library/PackageCache/com.daniel-geo.unityhackatime@5ac210a9a2/Editor/Plugin.cs Line: 187)

<HackaTime> Sent heartbeat!
UnityEngine.StackTraceUtility:ExtractStackTrace () (at /Users/bokken/build/output/unity/unity/Runtime/Export/Scripting/StackTrace.cs:37)
UnityEngine.DebugLogHandler:LogFormat (UnityEngine.LogType,UnityEngine.Object,string,object[])
UnityEngine.Logger:Log (UnityEngine.LogType,object)
UnityEngine.Debug:Log (object)
WakaTime.Plugin/<SendHeartbeat>d__29:MoveNext () (at ./Library/PackageCache/com.daniel-geo.unityhackatime@5ac210a9a2/Editor/Plugin.cs:203)
System.Runtime.CompilerServices.AsyncMethodBuilderCore/MoveNextRunner:InvokeMoveNext (object)
System.Threading.ExecutionContext:RunInternal (System.Threading.ExecutionContext,System.Threading.ContextCallback,object,bool)
System.Threading.ExecutionContext:Run (System.Threading.ExecutionContext,System.Threading.ContextCallback,object,bool)
System.Runtime.CompilerServices.AsyncMethodBuilderCore/MoveNextRunner:Run ()
System.Threading.Tasks.AwaitTaskContinuation:InvokeAction (object)
System.Threading.Tasks.AwaitTaskContinuation:RunCallback (System.Threading.ContextCallback,object,System.Threading.Tasks.Task&)
System.Threading.Tasks.SynchronizationContextAwaitTaskContinuation:Run (System.Threading.Tasks.Task,bool)
System.Threading.Tasks.Task:FinishContinuations ()
System.Threading.Tasks.Task:FinishStageThree ()
System.Threading.Tasks.Task`1<bool>:TrySetResult (bool)
System.Threading.Tasks.TaskCompletionSource`1<bool>:TrySetResult (bool)
WakaTime.Plugin/<>c__DisplayClass29_0:<SendHeartbeat>b__0 (UnityEngine.AsyncOperation) (at ./Library/PackageCache/com.daniel-geo.unityhackatime@5ac210a9a2/Editor/Plugin.cs:176)
UnityEngine.AsyncOperation:InvokeCompletionEvent () (at /Users/bokken/build/output/unity/unity/Runtime/Export/Scripting/AsyncOperation.cs:21)

(Filename: ./Library/PackageCache/com.daniel-geo.unityhackatime@5ac210a9a2/Editor/Plugin.cs Line: 203)

Unloading 3686 Unused Serialized files (Serialized files now loaded: 0)
Unloading 47 unused Assets / (1.8 MB). Loaded Objects now: 4240.
Memory consumption went from 218.5 MB to 216.7 MB.
Total: 4.319666 ms (FindLiveObjects: 0.199833 ms CreateObjectMapping: 0.045958 ms MarkObjects: 3.842834 ms  DeleteObjects: 0.230666 ms)

Prepare: number of updated asset objects reloaded= 0
AssetImportParameters requested are different than current active one (requested -> active):
  custom:container-demuxer-ogg: 62fdf1f143b41e24485cea50d1cbac27 -> 
  custom:video-decoder-ogg-theora: a1e56fd34408186e4bbccfd4996cb3dc -> 
  custom:CustomObjectIndexerAttribute: 9a22284fe3817be447336de3de66b15e -> 
  custom:container-demuxer-webm: 4f35f7cbe854078d1ac9338744f61a02 -> 
  custom:container-muxer-webm: aa71ff27fc2769a1b78a27578f13a17b -> 
  custom:video-decoder-webm-vp8: 9c59270c3fd7afecdb556c50c9e8de78 -> 
  custom:SearchIndexIgnoredProperties: e643bd26f0fe6173181afceb89e7c659 -> 
  custom:AudioImporter_EditorPlatform: 3918e3fc78b5a79bad01e8451be0beb8 -> 
  custom:framework-osx-AVFoundation: e770b220cccbd017edd2c1fefb359320 -> 
  custom:video-encoder-webm-vp8: eb34c28f22e8b96e1ab97ce403110664 -> 
  custom:audio-decoder-ogg-vorbis: bf7c407c2cedff20999df2af8eb42d56 -> 
  custom:audio-encoder-webm-vorbis: bf7c407c2cedff20999df2af8eb42d56 -> 
========================================================================
Received Prepare
Begin MonoManager ReloadAssembly
Thread 0x16d83b000 may have been prematurely finalized
- Loaded All Assemblies, in  1.374 seconds
Refreshing native plugins compatible for Editor in 5.70 ms, found 3 plugins.
Native extension for OSXStandalone target not found
<HackaTime> Initializing...
UnityEngine.StackTraceUtility:ExtractStackTrace () (at /Users/bokken/build/output/unity/unity/Runtime/Export/Scripting/StackTrace.cs:37)
UnityEngine.DebugLogHandler:LogFormat (UnityEngine.LogType,UnityEngine.Object,string,object[])
UnityEngine.Logger:Log (UnityEngine.LogType,object)
UnityEngine.Debug:Log (object)
WakaTime.Plugin:Initialize () (at ./Library/PackageCache/com.daniel-geo.unityhackatime@5ac210a9a2/Editor/Plugin.cs:76)
WakaTime.Plugin:.cctor () (at ./Library/PackageCache/com.daniel-geo.unityhackatime@5ac210a9a2/Editor/Plugin.cs:41)
System.Runtime.CompilerServices.RuntimeHelpers:RunClassConstructor (System.RuntimeTypeHandle)
UnityEditor.EditorAssemblies:ProcessInitializeOnLoadAttributes (System.Type[]) (at /Users/bokken/build/output/unity/unity/Editor/Mono/EditorAssemblies.cs:119)

(Filename: ./Library/PackageCache/com.daniel-geo.unityhackatime@5ac210a9a2/Editor/Plugin.cs Line: 76)

<HackaTime> Sending heartbeat...
UnityEngine.StackTraceUtility:ExtractStackTrace () (at /Users/bokken/build/output/unity/unity/Runtime/Export/Scripting/StackTrace.cs:37)
UnityEngine.DebugLogHandler:LogFormat (UnityEngine.LogType,UnityEngine.Object,string,object[])
UnityEngine.Logger:Log (UnityEngine.LogType,object)
UnityEngine.Debug:Log (object)
WakaTime.Plugin/<SendHeartbeat>d__29:MoveNext () (at ./Library/PackageCache/com.daniel-geo.unityhackatime@5ac210a9a2/Editor/Plugin.cs:144)
System.Runtime.CompilerServices.AsyncVoidMethodBuilder:Start<WakaTime.Plugin/<SendHeartbeat>d__29> (WakaTime.Plugin/<SendHeartbeat>d__29&)
WakaTime.Plugin:SendHeartbeat (bool)
WakaTime.Plugin:Initialize () (at ./Library/PackageCache/com.daniel-geo.unityhackatime@5ac210a9a2/Editor/Plugin.cs:78)
WakaTime.Plugin:.cctor () (at ./Library/PackageCache/com.daniel-geo.unityhackatime@5ac210a9a2/Editor/Plugin.cs:41)
System.Runtime.CompilerServices.RuntimeHelpers:RunClassConstructor (System.RuntimeTypeHandle)
UnityEditor.EditorAssemblies:ProcessInitializeOnLoadAttributes (System.Type[]) (at /Users/bokken/build/output/unity/unity/Editor/Mono/EditorAssemblies.cs:119)

(Filename: ./Library/PackageCache/com.daniel-geo.unityhackatime@5ac210a9a2/Editor/Plugin.cs Line: 144)

Mono: successfully reloaded assembly
- Finished resetting the current domain, in  3.200 seconds
Domain Reload Profiling: 4576ms
	BeginReloadAssembly (829ms)
		ExecutionOrderSort (0ms)
		DisableScriptedObjects (43ms)
		BackupInstance (0ms)
		ReleaseScriptingObjects (1ms)
		CreateAndSetChildDomain (206ms)
	RebuildCommonClasses (28ms)
	RebuildNativeTypeToScriptingClass (9ms)
	initialDomainReloadingComplete (25ms)
	LoadAllAssembliesAndSetupDomain (484ms)
		LoadAssemblies (878ms)
		RebuildTransferFunctionScriptingTraits (0ms)
		AnalyzeDomain (68ms)
			TypeCache.Refresh (29ms)
				TypeCache.ScanAssembly (4ms)
			ScanForSourceGeneratedMonoScriptInfo (27ms)
			ResolveRequiredComponents (10ms)
	FinalizeReload (3200ms)
		ReleaseScriptCaches (0ms)
		RebuildScriptCaches (0ms)
		SetupLoadedEditorAssemblies (412ms)
			LogAssemblyErrors (0ms)
			InitializePlatformSupportModulesInManaged (5ms)
			SetLoadedEditorAssemblies (3ms)
			RefreshPlugins (0ms)
			BeforeProcessingInitializeOnLoad (42ms)
			ProcessInitializeOnLoadAttributes (347ms)
			ProcessInitializeOnLoadMethodAttributes (14ms)
			AfterProcessingInitializeOnLoad (1ms)
			EditorAssembliesLoaded (0ms)
		ExecutionOrderSort2 (0ms)
		AwakeInstancesAfterBackupRestoration (3ms)
Refreshing native plugins compatible for Editor in 3.03 ms, found 3 plugins.
Preloading 0 native plugins for Editor in 0.00 ms.
<HackaTime> Got response
{"id":2740775124,"user_id":61064,"branch":"main","category":"coding","dependencies":[],"editor":"unity","entity":"Unsaved Scene","language":"unity","machine":null,"operating_system":null,"project":"Duos","type":"file","user_agent":"unity-hackatime","line_additions":null,"line_deletions":null,"lineno":null,"lines":null,"cursorpos":null,"project_root_count":null,"time":1790985216.0,"is_write":false,"created_at":"2026-10-02T23:52:44.842Z","updated_at":"2026-10-02T23:52:44.842Z","fields_hash":"f871abc13cda2e4ef4df0780649d6645","source_type":"direct_entry","ip_address":"2001:8003:cc20:b000:d019:d93e:3ea5:ef8b","deleted_at":null,"ja4_id":41,"ai_model":null,"ai_session":null,"ai_subscription_plan":null,"ai_input_tokens":null,"ai_output_tokens":null,"ai_prompt_length":null,"ai_line_changes":null,"human_line_changes":null}
UnityEngine.StackTraceUtility:ExtractStackTrace () (at /Users/bokken/build/output/unity/unity/Runtime/Export/Scripting/StackTrace.cs:37)
UnityEngine.DebugLogHandler:LogFormat (UnityEngine.LogType,UnityEngine.Object,string,object[])
UnityEngine.Logger:Log (UnityEngine.LogType,object)
UnityEngine.Debug:Log (object)
WakaTime.Plugin/<SendHeartbeat>d__29:MoveNext () (at ./Library/PackageCache/com.daniel-geo.unityhackatime@5ac210a9a2/Editor/Plugin.cs:187)
System.Runtime.CompilerServices.AsyncMethodBuilderCore/MoveNextRunner:InvokeMoveNext (object)
System.Threading.ExecutionContext:RunInternal (System.Threading.ExecutionContext,System.Threading.ContextCallback,object,bool)
System.Threading.ExecutionContext:Run (System.Threading.ExecutionContext,System.Threading.ContextCallback,object,bool)
System.Runtime.CompilerServices.AsyncMethodBuilderCore/MoveNextRunner:Run ()
System.Threading.Tasks.AwaitTaskContinuation:InvokeAction (object)
System.Threading.Tasks.AwaitTaskContinuation:RunCallback (System.Threading.ContextCallback,object,System.Threading.Tasks.Task&)
System.Threading.Tasks.SynchronizationContextAwaitTaskContinuation:Run (System.Threading.Tasks.Task,bool)
System.Threading.Tasks.Task:FinishContinuations ()
System.Threading.Tasks.Task:FinishStageThree ()
System.Threading.Tasks.Task`1<bool>:TrySetResult (bool)
System.Threading.Tasks.TaskCompletionSource`1<bool>:TrySetResult (bool)
WakaTime.Plugin/<>c__DisplayClass29_0:<SendHeartbeat>b__0 (UnityEngine.AsyncOperation) (at ./Library/PackageCache/com.daniel-geo.unityhackatime@5ac210a9a2/Editor/Plugin.cs:176)
UnityEngine.AsyncOperation:InvokeCompletionEvent () (at /Users/bokken/build/output/unity/unity/Runtime/Export/Scripting/AsyncOperation.cs:21)

(Filename: ./Library/PackageCache/com.daniel-geo.unityhackatime@5ac210a9a2/Editor/Plugin.cs Line: 187)

<HackaTime> Sent heartbeat!
UnityEngine.StackTraceUtility:ExtractStackTrace () (at /Users/bokken/build/output/unity/unity/Runtime/Export/Scripting/StackTrace.cs:37)
UnityEngine.DebugLogHandler:LogFormat (UnityEngine.LogType,UnityEngine.Object,string,object[])
UnityEngine.Logger:Log (UnityEngine.LogType,object)
UnityEngine.Debug:Log (object)
WakaTime.Plugin/<SendHeartbeat>d__29:MoveNext () (at ./Library/PackageCache/com.daniel-geo.unityhackatime@5ac210a9a2/Editor/Plugin.cs:203)
System.Runtime.CompilerServices.AsyncMethodBuilderCore/MoveNextRunner:InvokeMoveNext (object)
System.Threading.ExecutionContext:RunInternal (System.Threading.ExecutionContext,System.Threading.ContextCallback,object,bool)
System.Threading.ExecutionContext:Run (System.Threading.ExecutionContext,System.Threading.ContextCallback,object,bool)
System.Runtime.CompilerServices.AsyncMethodBuilderCore/MoveNextRunner:Run ()
System.Threading.Tasks.AwaitTaskContinuation:InvokeAction (object)
System.Threading.Tasks.AwaitTaskContinuation:RunCallback (System.Threading.ContextCallback,object,System.Threading.Tasks.Task&)
System.Threading.Tasks.SynchronizationContextAwaitTaskContinuation:Run (System.Threading.Tasks.Task,bool)
System.Threading.Tasks.Task:FinishContinuations ()
System.Threading.Tasks.Task:FinishStageThree ()
System.Threading.Tasks.Task`1<bool>:TrySetResult (bool)
System.Threading.Tasks.TaskCompletionSource`1<bool>:TrySetResult (bool)
WakaTime.Plugin/<>c__DisplayClass29_0:<SendHeartbeat>b__0 (UnityEngine.AsyncOperation) (at ./Library/PackageCache/com.daniel-geo.unityhackatime@5ac210a9a2/Editor/Plugin.cs:176)
UnityEngine.AsyncOperation:InvokeCompletionEvent () (at /Users/bokken/build/output/unity/unity/Runtime/Export/Scripting/AsyncOperation.cs:21)

(Filename: ./Library/PackageCache/com.daniel-geo.unityhackatime@5ac210a9a2/Editor/Plugin.cs Line: 203)

Unloading 3686 Unused Serialized files (Serialized files now loaded: 0)
Unloading 47 unused Assets / (1.8 MB). Loaded Objects now: 4244.
Memory consumption went from 224.7 MB to 222.9 MB.
Total: 5.318208 ms (FindLiveObjects: 0.150875 ms CreateObjectMapping: 0.046333 ms MarkObjects: 4.793500 ms  DeleteObjects: 0.326542 ms)

Prepare: number of updated asset objects reloaded= 0
AssetImportParameters requested are different than current active one (requested -> active):
  custom:container-demuxer-ogg: 62fdf1f143b41e24485cea50d1cbac27 -> 
  custom:video-decoder-ogg-theora: a1e56fd34408186e4bbccfd4996cb3dc -> 
  custom:CustomObjectIndexerAttribute: 9a22284fe3817be447336de3de66b15e -> 
  custom:container-demuxer-webm: 4f35f7cbe854078d1ac9338744f61a02 -> 
  custom:container-muxer-webm: aa71ff27fc2769a1b78a27578f13a17b -> 
  custom:video-decoder-webm-vp8: 9c59270c3fd7afecdb556c50c9e8de78 -> 
  custom:SearchIndexIgnoredProperties: e643bd26f0fe6173181afceb89e7c659 -> 
  custom:AudioImporter_EditorPlatform: 3918e3fc78b5a79bad01e8451be0beb8 -> 
  custom:framework-osx-AVFoundation: e770b220cccbd017edd2c1fefb359320 -> 
  custom:video-encoder-webm-vp8: eb34c28f22e8b96e1ab97ce403110664 -> 
  custom:audio-decoder-ogg-vorbis: bf7c407c2cedff20999df2af8eb42d56 -> 
  custom:audio-encoder-webm-vorbis: bf7c407c2cedff20999df2af8eb42d56 -> 
========================================================================
Received Prepare
Begin MonoManager ReloadAssembly
Thread 0x16d83b000 may have been prematurely finalized
- Loaded All Assemblies, in  0.594 seconds
Refreshing native plugins compatible for Editor in 8.45 ms, found 3 plugins.
Native extension for OSXStandalone target not found
<HackaTime> Initializing...
UnityEngine.StackTraceUtility:ExtractStackTrace () (at /Users/bokken/build/output/unity/unity/Runtime/Export/Scripting/StackTrace.cs:37)
UnityEngine.DebugLogHandler:LogFormat (UnityEngine.LogType,UnityEngine.Object,string,object[])
UnityEngine.Logger:Log (UnityEngine.LogType,object)
UnityEngine.Debug:Log (object)
WakaTime.Plugin:Initialize () (at ./Library/PackageCache/com.daniel-geo.unityhackatime@5ac210a9a2/Editor/Plugin.cs:76)
WakaTime.Plugin:.cctor () (at ./Library/PackageCache/com.daniel-geo.unityhackatime@5ac210a9a2/Editor/Plugin.cs:41)
System.Runtime.CompilerServices.RuntimeHelpers:RunClassConstructor (System.RuntimeTypeHandle)
UnityEditor.EditorAssemblies:ProcessInitializeOnLoadAttributes (System.Type[]) (at /Users/bokken/build/output/unity/unity/Editor/Mono/EditorAssemblies.cs:119)

(Filename: ./Library/PackageCache/com.daniel-geo.unityhackatime@5ac210a9a2/Editor/Plugin.cs Line: 76)

<HackaTime> Sending heartbeat...
UnityEngine.StackTraceUtility:ExtractStackTrace () (at /Users/bokken/build/output/unity/unity/Runtime/Export/Scripting/StackTrace.cs:37)
UnityEngine.DebugLogHandler:LogFormat (UnityEngine.LogType,UnityEngine.Object,string,object[])
UnityEngine.Logger:Log (UnityEngine.LogType,object)
UnityEngine.Debug:Log (object)
WakaTime.Plugin/<SendHeartbeat>d__29:MoveNext () (at ./Library/PackageCache/com.daniel-geo.unityhackatime@5ac210a9a2/Editor/Plugin.cs:144)
System.Runtime.CompilerServices.AsyncVoidMethodBuilder:Start<WakaTime.Plugin/<SendHeartbeat>d__29> (WakaTime.Plugin/<SendHeartbeat>d__29&)
WakaTime.Plugin:SendHeartbeat (bool)
WakaTime.Plugin:Initialize () (at ./Library/PackageCache/com.daniel-geo.unityhackatime@5ac210a9a2/Editor/Plugin.cs:78)
WakaTime.Plugin:.cctor () (at ./Library/PackageCache/com.daniel-geo.unityhackatime@5ac210a9a2/Editor/Plugin.cs:41)
System.Runtime.CompilerServices.RuntimeHelpers:RunClassConstructor (System.RuntimeTypeHandle)
UnityEditor.EditorAssemblies:ProcessInitializeOnLoadAttributes (System.Type[]) (at /Users/bokken/build/output/unity/unity/Editor/Mono/EditorAssemblies.cs:119)

(Filename: ./Library/PackageCache/com.daniel-geo.unityhackatime@5ac210a9a2/Editor/Plugin.cs Line: 144)

Mono: successfully reloaded assembly
- Finished resetting the current domain, in  2.014 seconds
Domain Reload Profiling: 2610ms
	BeginReloadAssembly (247ms)
		ExecutionOrderSort (0ms)
		DisableScriptedObjects (8ms)
		BackupInstance (0ms)
		ReleaseScriptingObjects (0ms)
		CreateAndSetChildDomain (65ms)
	RebuildCommonClasses (27ms)
	RebuildNativeTypeToScriptingClass (8ms)
	initialDomainReloadingComplete (23ms)
	LoadAllAssembliesAndSetupDomain (291ms)
		LoadAssemblies (410ms)
		RebuildTransferFunctionScriptingTraits (0ms)
		AnalyzeDomain (20ms)
			TypeCache.Refresh (12ms)
				TypeCache.ScanAssembly (0ms)
			ScanForSourceGeneratedMonoScriptInfo (0ms)
			ResolveRequiredComponents (6ms)
	FinalizeReload (2015ms)
		ReleaseScriptCaches (0ms)
		RebuildScriptCaches (0ms)
		SetupLoadedEditorAssemblies (626ms)
			LogAssemblyErrors (0ms)
			InitializePlatformSupportModulesInManaged (25ms)
			SetLoadedEditorAssemblies (4ms)
			RefreshPlugins (0ms)
			BeforeProcessingInitializeOnLoad (44ms)
			ProcessInitializeOnLoadAttributes (534ms)
			ProcessInitializeOnLoadMethodAttributes (19ms)
			AfterProcessingInitializeOnLoad (1ms)
			EditorAssembliesLoaded (0ms)
		ExecutionOrderSort2 (0ms)
		AwakeInstancesAfterBackupRestoration (4ms)
Refreshing native plugins compatible for Editor in 3.68 ms, found 3 plugins.
Preloading 0 native plugins for Editor in 0.00 ms.
<HackaTime> Got response
{"id":2740775124,"user_id":61064,"branch":"main","category":"coding","dependencies":[],"editor":"unity","entity":"Unsaved Scene","language":"unity","machine":null,"operating_system":null,"project":"Duos","type":"file","user_agent":"unity-hackatime","line_additions":null,"line_deletions":null,"lineno":null,"lines":null,"cursorpos":null,"project_root_count":null,"time":1790985216.0,"is_write":false,"created_at":"2026-10-02T23:52:44.842Z","updated_at":"2026-10-02T23:52:44.842Z","fields_hash":"f871abc13cda2e4ef4df0780649d6645","source_type":"direct_entry","ip_address":"2001:8003:cc20:b000:d019:d93e:3ea5:ef8b","deleted_at":null,"ja4_id":41,"ai_model":null,"ai_session":null,"ai_subscription_plan":null,"ai_input_tokens":null,"ai_output_tokens":null,"ai_prompt_length":null,"ai_line_changes":null,"human_line_changes":null}
UnityEngine.StackTraceUtility:ExtractStackTrace () (at /Users/bokken/build/output/unity/unity/Runtime/Export/Scripting/StackTrace.cs:37)
UnityEngine.DebugLogHandler:LogFormat (UnityEngine.LogType,UnityEngine.Object,string,object[])
UnityEngine.Logger:Log (UnityEngine.LogType,object)
UnityEngine.Debug:Log (object)
WakaTime.Plugin/<SendHeartbeat>d__29:MoveNext () (at ./Library/PackageCache/com.daniel-geo.unityhackatime@5ac210a9a2/Editor/Plugin.cs:187)
System.Runtime.CompilerServices.AsyncMethodBuilderCore/MoveNextRunner:InvokeMoveNext (object)
System.Threading.ExecutionContext:RunInternal (System.Threading.ExecutionContext,System.Threading.ContextCallback,object,bool)
System.Threading.ExecutionContext:Run (System.Threading.ExecutionContext,System.Threading.ContextCallback,object,bool)
System.Runtime.CompilerServices.AsyncMethodBuilderCore/MoveNextRunner:Run ()
System.Threading.Tasks.AwaitTaskContinuation:InvokeAction (object)
System.Threading.Tasks.AwaitTaskContinuation:RunCallback (System.Threading.ContextCallback,object,System.Threading.Tasks.Task&)
System.Threading.Tasks.SynchronizationContextAwaitTaskContinuation:Run (System.Threading.Tasks.Task,bool)
System.Threading.Tasks.Task:FinishContinuations ()
System.Threading.Tasks.Task:FinishStageThree ()
System.Threading.Tasks.Task`1<bool>:TrySetResult (bool)
System.Threading.Tasks.TaskCompletionSource`1<bool>:TrySetResult (bool)
WakaTime.Plugin/<>c__DisplayClass29_0:<SendHeartbeat>b__0 (UnityEngine.AsyncOperation) (at ./Library/PackageCache/com.daniel-geo.unityhackatime@5ac210a9a2/Editor/Plugin.cs:176)
UnityEngine.AsyncOperation:InvokeCompletionEvent () (at /Users/bokken/build/output/unity/unity/Runtime/Export/Scripting/AsyncOperation.cs:21)

(Filename: ./Library/PackageCache/com.daniel-geo.unityhackatime@5ac210a9a2/Editor/Plugin.cs Line: 187)

<HackaTime> Sent heartbeat!
UnityEngine.StackTraceUtility:ExtractStackTrace () (at /Users/bokken/build/output/unity/unity/Runtime/Export/Scripting/StackTrace.cs:37)
UnityEngine.DebugLogHandler:LogFormat (UnityEngine.LogType,UnityEngine.Object,string,object[])
UnityEngine.Logger:Log (UnityEngine.LogType,object)
UnityEngine.Debug:Log (object)
WakaTime.Plugin/<SendHeartbeat>d__29:MoveNext () (at ./Library/PackageCache/com.daniel-geo.unityhackatime@5ac210a9a2/Editor/Plugin.cs:203)
System.Runtime.CompilerServices.AsyncMethodBuilderCore/MoveNextRunner:InvokeMoveNext (object)
System.Threading.ExecutionContext:RunInternal (System.Threading.ExecutionContext,System.Threading.ContextCallback,object,bool)
System.Threading.ExecutionContext:Run (System.Threading.ExecutionContext,System.Threading.ContextCallback,object,bool)
System.Runtime.CompilerServices.AsyncMethodBuilderCore/MoveNextRunner:Run ()
System.Threading.Tasks.AwaitTaskContinuation:InvokeAction (object)
System.Threading.Tasks.AwaitTaskContinuation:RunCallback (System.Threading.ContextCallback,object,System.Threading.Tasks.Task&)
System.Threading.Tasks.SynchronizationContextAwaitTaskContinuation:Run (System.Threading.Tasks.Task,bool)
System.Threading.Tasks.Task:FinishContinuations ()
System.Threading.Tasks.Task:FinishStageThree ()
System.Threading.Tasks.Task`1<bool>:TrySetResult (bool)
System.Threading.Tasks.TaskCompletionSource`1<bool>:TrySetResult (bool)
WakaTime.Plugin/<>c__DisplayClass29_0:<SendHeartbeat>b__0 (UnityEngine.AsyncOperation) (at ./Library/PackageCache/com.daniel-geo.unityhackatime@5ac210a9a2/Editor/Plugin.cs:176)
UnityEngine.AsyncOperation:InvokeCompletionEvent () (at /Users/bokken/build/output/unity/unity/Runtime/Export/Scripting/AsyncOperation.cs:21)

(Filename: ./Library/PackageCache/com.daniel-geo.unityhackatime@5ac210a9a2/Editor/Plugin.cs Line: 203)

Unloading 3686 Unused Serialized files (Serialized files now loaded: 0)
Unloading 47 unused Assets / (1.8 MB). Loaded Objects now: 4248.
Memory consumption went from 231.9 MB to 230.1 MB.
Total: 8.726000 ms (FindLiveObjects: 0.255541 ms CreateObjectMapping: 0.050709 ms MarkObjects: 7.352459 ms  DeleteObjects: 1.066458 ms)

Prepare: number of updated asset objects reloaded= 0
AssetImportParameters requested are different than current active one (requested -> active):
  custom:container-demuxer-ogg: 62fdf1f143b41e24485cea50d1cbac27 -> 
  custom:video-decoder-ogg-theora: a1e56fd34408186e4bbccfd4996cb3dc -> 
  custom:CustomObjectIndexerAttribute: 9a22284fe3817be447336de3de66b15e -> 
  custom:container-demuxer-webm: 4f35f7cbe854078d1ac9338744f61a02 -> 
  custom:container-muxer-webm: aa71ff27fc2769a1b78a27578f13a17b -> 
  custom:video-decoder-webm-vp8: 9c59270c3fd7afecdb556c50c9e8de78 -> 
  custom:SearchIndexIgnoredProperties: e643bd26f0fe6173181afceb89e7c659 -> 
  custom:AudioImporter_EditorPlatform: 3918e3fc78b5a79bad01e8451be0beb8 -> 
  custom:framework-osx-AVFoundation: e770b220cccbd017edd2c1fefb359320 -> 
  custom:video-encoder-webm-vp8: eb34c28f22e8b96e1ab97ce403110664 -> 
  custom:audio-decoder-ogg-vorbis: bf7c407c2cedff20999df2af8eb42d56 -> 
  custom:audio-encoder-webm-vorbis: bf7c407c2cedff20999df2af8eb42d56 -> 
========================================================================
Received Prepare
Begin MonoManager ReloadAssembly
Thread 0x16d83b000 may have been prematurely finalized
- Loaded All Assemblies, in  0.447 seconds
Refreshing native plugins compatible for Editor in 3.72 ms, found 3 plugins.
Native extension for OSXStandalone target not found
<HackaTime> Initializing...
UnityEngine.StackTraceUtility:ExtractStackTrace () (at /Users/bokken/build/output/unity/unity/Runtime/Export/Scripting/StackTrace.cs:37)
UnityEngine.DebugLogHandler:LogFormat (UnityEngine.LogType,UnityEngine.Object,string,object[])
UnityEngine.Logger:Log (UnityEngine.LogType,object)
UnityEngine.Debug:Log (object)
WakaTime.Plugin:Initialize () (at ./Library/PackageCache/com.daniel-geo.unityhackatime@5ac210a9a2/Editor/Plugin.cs:76)
WakaTime.Plugin:.cctor () (at ./Library/PackageCache/com.daniel-geo.unityhackatime@5ac210a9a2/Editor/Plugin.cs:41)
System.Runtime.CompilerServices.RuntimeHelpers:RunClassConstructor (System.RuntimeTypeHandle)
UnityEditor.EditorAssemblies:ProcessInitializeOnLoadAttributes (System.Type[]) (at /Users/bokken/build/output/unity/unity/Editor/Mono/EditorAssemblies.cs:119)

(Filename: ./Library/PackageCache/com.daniel-geo.unityhackatime@5ac210a9a2/Editor/Plugin.cs Line: 76)

<HackaTime> Sending heartbeat...
UnityEngine.StackTraceUtility:ExtractStackTrace () (at /Users/bokken/build/output/unity/unity/Runtime/Export/Scripting/StackTrace.cs:37)
UnityEngine.DebugLogHandler:LogFormat (UnityEngine.LogType,UnityEngine.Object,string,object[])
UnityEngine.Logger:Log (UnityEngine.LogType,object)
UnityEngine.Debug:Log (object)
WakaTime.Plugin/<SendHeartbeat>d__29:MoveNext () (at ./Library/PackageCache/com.daniel-geo.unityhackatime@5ac210a9a2/Editor/Plugin.cs:144)
System.Runtime.CompilerServices.AsyncVoidMethodBuilder:Start<WakaTime.Plugin/<SendHeartbeat>d__29> (WakaTime.Plugin/<SendHeartbeat>d__29&)
WakaTime.Plugin:SendHeartbeat (bool)
WakaTime.Plugin:Initialize () (at ./Library/PackageCache/com.daniel-geo.unityhackatime@5ac210a9a2/Editor/Plugin.cs:78)
WakaTime.Plugin:.cctor () (at ./Library/PackageCache/com.daniel-geo.unityhackatime@5ac210a9a2/Editor/Plugin.cs:41)
System.Runtime.CompilerServices.RuntimeHelpers:RunClassConstructor (System.RuntimeTypeHandle)
UnityEditor.EditorAssemblies:ProcessInitializeOnLoadAttributes (System.Type[]) (at /Users/bokken/build/output/unity/unity/Editor/Mono/EditorAssemblies.cs:119)

(Filename: ./Library/PackageCache/com.daniel-geo.unityhackatime@5ac210a9a2/Editor/Plugin.cs Line: 144)

Mono: successfully reloaded assembly
- Finished resetting the current domain, in  1.290 seconds
Domain Reload Profiling: 1737ms
	BeginReloadAssembly (154ms)
		ExecutionOrderSort (0ms)
		DisableScriptedObjects (4ms)
		BackupInstance (0ms)
		ReleaseScriptingObjects (0ms)
		CreateAndSetChildDomain (50ms)
	RebuildCommonClasses (27ms)
	RebuildNativeTypeToScriptingClass (8ms)
	initialDomainReloadingComplete (16ms)
	LoadAllAssembliesAndSetupDomain (242ms)
		LoadAssemblies (304ms)
		RebuildTransferFunctionScriptingTraits (0ms)
		AnalyzeDomain (14ms)
			TypeCache.Refresh (8ms)
				TypeCache.ScanAssembly (0ms)
			ScanForSourceGeneratedMonoScriptInfo (0ms)
			ResolveRequiredComponents (4ms)
	FinalizeReload (1290ms)
		ReleaseScriptCaches (0ms)
		RebuildScriptCaches (0ms)
		SetupLoadedEditorAssemblies (430ms)
			LogAssemblyErrors (0ms)
			InitializePlatformSupportModulesInManaged (3ms)
			SetLoadedEditorAssemblies (2ms)
			RefreshPlugins (0ms)
			BeforeProcessingInitializeOnLoad (41ms)
			ProcessInitializeOnLoadAttributes (368ms)
			ProcessInitializeOnLoadMethodAttributes (14ms)
			AfterProcessingInitializeOnLoad (1ms)
			EditorAssembliesLoaded (0ms)
		ExecutionOrderSort2 (0ms)
		AwakeInstancesAfterBackupRestoration (3ms)
Refreshing native plugins compatible for Editor in 2.66 ms, found 3 plugins.
Preloading 0 native plugins for Editor in 0.00 ms.
<HackaTime> Got response
{"id":2740775124,"user_id":61064,"branch":"main","category":"coding","dependencies":[],"editor":"unity","entity":"Unsaved Scene","language":"unity","machine":null,"operating_system":null,"project":"Duos","type":"file","user_agent":"unity-hackatime","line_additions":null,"line_deletions":null,"lineno":null,"lines":null,"cursorpos":null,"project_root_count":null,"time":1790985216.0,"is_write":false,"created_at":"2026-10-02T23:52:44.842Z","updated_at":"2026-10-02T23:52:44.842Z","fields_hash":"f871abc13cda2e4ef4df0780649d6645","source_type":"direct_entry","ip_address":"2001:8003:cc20:b000:d019:d93e:3ea5:ef8b","deleted_at":null,"ja4_id":41,"ai_model":null,"ai_session":null,"ai_subscription_plan":null,"ai_input_tokens":null,"ai_output_tokens":null,"ai_prompt_length":null,"ai_line_changes":null,"human_line_changes":null}
UnityEngine.StackTraceUtility:ExtractStackTrace () (at /Users/bokken/build/output/unity/unity/Runtime/Export/Scripting/StackTrace.cs:37)
UnityEngine.DebugLogHandler:LogFormat (UnityEngine.LogType,UnityEngine.Object,string,object[])
UnityEngine.Logger:Log (UnityEngine.LogType,object)
UnityEngine.Debug:Log (object)
WakaTime.Plugin/<SendHeartbeat>d__29:MoveNext () (at ./Library/PackageCache/com.daniel-geo.unityhackatime@5ac210a9a2/Editor/Plugin.cs:187)
System.Runtime.CompilerServices.AsyncMethodBuilderCore/MoveNextRunner:InvokeMoveNext (object)
System.Threading.ExecutionContext:RunInternal (System.Threading.ExecutionContext,System.Threading.ContextCallback,object,bool)
System.Threading.ExecutionContext:Run (System.Threading.ExecutionContext,System.Threading.ContextCallback,object,bool)
System.Runtime.CompilerServices.AsyncMethodBuilderCore/MoveNextRunner:Run ()
System.Threading.Tasks.AwaitTaskContinuation:InvokeAction (object)
System.Threading.Tasks.AwaitTaskContinuation:RunCallback (System.Threading.ContextCallback,object,System.Threading.Tasks.Task&)
System.Threading.Tasks.SynchronizationContextAwaitTaskContinuation:Run (System.Threading.Tasks.Task,bool)
System.Threading.Tasks.Task:FinishContinuations ()
System.Threading.Tasks.Task:FinishStageThree ()
System.Threading.Tasks.Task`1<bool>:TrySetResult (bool)
System.Threading.Tasks.TaskCompletionSource`1<bool>:TrySetResult (bool)
WakaTime.Plugin/<>c__DisplayClass29_0:<SendHeartbeat>b__0 (UnityEngine.AsyncOperation) (at ./Library/PackageCache/com.daniel-geo.unityhackatime@5ac210a9a2/Editor/Plugin.cs:176)
UnityEngine.AsyncOperation:InvokeCompletionEvent () (at /Users/bokken/build/output/unity/unity/Runtime/Export/Scripting/AsyncOperation.cs:21)

(Filename: ./Library/PackageCache/com.daniel-geo.unityhackatime@5ac210a9a2/Editor/Plugin.cs Line: 187)

<HackaTime> Sent heartbeat!
UnityEngine.StackTraceUtility:ExtractStackTrace () (at /Users/bokken/build/output/unity/unity/Runtime/Export/Scripting/StackTrace.cs:37)
UnityEngine.DebugLogHandler:LogFormat (UnityEngine.LogType,UnityEngine.Object,string,object[])
UnityEngine.Logger:Log (UnityEngine.LogType,object)
UnityEngine.Debug:Log (object)
WakaTime.Plugin/<SendHeartbeat>d__29:MoveNext () (at ./Library/PackageCache/com.daniel-geo.unityhackatime@5ac210a9a2/Editor/Plugin.cs:203)
System.Runtime.CompilerServices.AsyncMethodBuilderCore/MoveNextRunner:InvokeMoveNext (object)
System.Threading.ExecutionContext:RunInternal (System.Threading.ExecutionContext,System.Threading.ContextCallback,object,bool)
System.Threading.ExecutionContext:Run (System.Threading.ExecutionContext,System.Threading.ContextCallback,object,bool)
System.Runtime.CompilerServices.AsyncMethodBuilderCore/MoveNextRunner:Run ()
System.Threading.Tasks.AwaitTaskContinuation:InvokeAction (object)
System.Threading.Tasks.AwaitTaskContinuation:RunCallback (System.Threading.ContextCallback,object,System.Threading.Tasks.Task&)
System.Threading.Tasks.SynchronizationContextAwaitTaskContinuation:Run (System.Threading.Tasks.Task,bool)
System.Threading.Tasks.Task:FinishContinuations ()
System.Threading.Tasks.Task:FinishStageThree ()
System.Threading.Tasks.Task`1<bool>:TrySetResult (bool)
System.Threading.Tasks.TaskCompletionSource`1<bool>:TrySetResult (bool)
WakaTime.Plugin/<>c__DisplayClass29_0:<SendHeartbeat>b__0 (UnityEngine.AsyncOperation) (at ./Library/PackageCache/com.daniel-geo.unityhackatime@5ac210a9a2/Editor/Plugin.cs:176)
UnityEngine.AsyncOperation:InvokeCompletionEvent () (at /Users/bokken/build/output/unity/unity/Runtime/Export/Scripting/AsyncOperation.cs:21)

(Filename: ./Library/PackageCache/com.daniel-geo.unityhackatime@5ac210a9a2/Editor/Plugin.cs Line: 203)

Unloading 3686 Unused Serialized files (Serialized files now loaded: 0)
Unloading 47 unused Assets / (1.8 MB). Loaded Objects now: 4252.
Memory consumption went from 239.1 MB to 237.3 MB.
Total: 13.130958 ms (FindLiveObjects: 0.243584 ms CreateObjectMapping: 0.050208 ms MarkObjects: 12.553541 ms  DeleteObjects: 0.282708 ms)

Prepare: number of updated asset objects reloaded= 0
AssetImportParameters requested are different than current active one (requested -> active):
  custom:container-demuxer-ogg: 62fdf1f143b41e24485cea50d1cbac27 -> 
  custom:video-decoder-ogg-theora: a1e56fd34408186e4bbccfd4996cb3dc -> 
  custom:CustomObjectIndexerAttribute: 9a22284fe3817be447336de3de66b15e -> 
  custom:container-demuxer-webm: 4f35f7cbe854078d1ac9338744f61a02 -> 
  custom:container-muxer-webm: aa71ff27fc2769a1b78a27578f13a17b -> 
  custom:video-decoder-webm-vp8: 9c59270c3fd7afecdb556c50c9e8de78 -> 
  custom:SearchIndexIgnoredProperties: e643bd26f0fe6173181afceb89e7c659 -> 
  custom:AudioImporter_EditorPlatform: 3918e3fc78b5a79bad01e8451be0beb8 -> 
  custom:framework-osx-AVFoundation: e770b220cccbd017edd2c1fefb359320 -> 
  custom:video-encoder-webm-vp8: eb34c28f22e8b96e1ab97ce403110664 -> 
  custom:audio-decoder-ogg-vorbis: bf7c407c2cedff20999df2af8eb42d56 -> 
  custom:audio-encoder-webm-vorbis: bf7c407c2cedff20999df2af8eb42d56 -> 
========================================================================
Received Prepare
Begin MonoManager ReloadAssembly
Thread 0x16d83b000 may have been prematurely finalized
- Loaded All Assemblies, in  0.452 seconds
Refreshing native plugins compatible for Editor in 2.14 ms, found 3 plugins.
Native extension for OSXStandalone target not found
<HackaTime> Initializing...
UnityEngine.StackTraceUtility:ExtractStackTrace () (at /Users/bokken/build/output/unity/unity/Runtime/Export/Scripting/StackTrace.cs:37)
UnityEngine.DebugLogHandler:LogFormat (UnityEngine.LogType,UnityEngine.Object,string,object[])
UnityEngine.Logger:Log (UnityEngine.LogType,object)
UnityEngine.Debug:Log (object)
WakaTime.Plugin:Initialize () (at ./Library/PackageCache/com.daniel-geo.unityhackatime@5ac210a9a2/Editor/Plugin.cs:76)
WakaTime.Plugin:.cctor () (at ./Library/PackageCache/com.daniel-geo.unityhackatime@5ac210a9a2/Editor/Plugin.cs:41)
System.Runtime.CompilerServices.RuntimeHelpers:RunClassConstructor (System.RuntimeTypeHandle)
UnityEditor.EditorAssemblies:ProcessInitializeOnLoadAttributes (System.Type[]) (at /Users/bokken/build/output/unity/unity/Editor/Mono/EditorAssemblies.cs:119)

(Filename: ./Library/PackageCache/com.daniel-geo.unityhackatime@5ac210a9a2/Editor/Plugin.cs Line: 76)

<HackaTime> Sending heartbeat...
UnityEngine.StackTraceUtility:ExtractStackTrace () (at /Users/bokken/build/output/unity/unity/Runtime/Export/Scripting/StackTrace.cs:37)
UnityEngine.DebugLogHandler:LogFormat (UnityEngine.LogType,UnityEngine.Object,string,object[])
UnityEngine.Logger:Log (UnityEngine.LogType,object)
UnityEngine.Debug:Log (object)
WakaTime.Plugin/<SendHeartbeat>d__29:MoveNext () (at ./Library/PackageCache/com.daniel-geo.unityhackatime@5ac210a9a2/Editor/Plugin.cs:144)
System.Runtime.CompilerServices.AsyncVoidMethodBuilder:Start<WakaTime.Plugin/<SendHeartbeat>d__29> (WakaTime.Plugin/<SendHeartbeat>d__29&)
WakaTime.Plugin:SendHeartbeat (bool)
WakaTime.Plugin:Initialize () (at ./Library/PackageCache/com.daniel-geo.unityhackatime@5ac210a9a2/Editor/Plugin.cs:78)
WakaTime.Plugin:.cctor () (at ./Library/PackageCache/com.daniel-geo.unityhackatime@5ac210a9a2/Editor/Plugin.cs:41)
System.Runtime.CompilerServices.RuntimeHelpers:RunClassConstructor (System.RuntimeTypeHandle)
UnityEditor.EditorAssemblies:ProcessInitializeOnLoadAttributes (System.Type[]) (at /Users/bokken/build/output/unity/unity/Editor/Mono/EditorAssemblies.cs:119)

(Filename: ./Library/PackageCache/com.daniel-geo.unityhackatime@5ac210a9a2/Editor/Plugin.cs Line: 144)

Mono: successfully reloaded assembly
- Finished resetting the current domain, in  1.517 seconds
Domain Reload Profiling: 1970ms
	BeginReloadAssembly (151ms)
		ExecutionOrderSort (0ms)
		DisableScriptedObjects (4ms)
		BackupInstance (0ms)
		ReleaseScriptingObjects (0ms)
		CreateAndSetChildDomain (53ms)
	RebuildCommonClasses (26ms)
	RebuildNativeTypeToScriptingClass (9ms)
	initialDomainReloadingComplete (19ms)
	LoadAllAssembliesAndSetupDomain (248ms)
		LoadAssemblies (279ms)
		RebuildTransferFunctionScriptingTraits (0ms)
		AnalyzeDomain (38ms)
			TypeCache.Refresh (28ms)
				TypeCache.ScanAssembly (1ms)
			ScanForSourceGeneratedMonoScriptInfo (5ms)
			ResolveRequiredComponents (5ms)
	FinalizeReload (1517ms)
		ReleaseScriptCaches (0ms)
		RebuildScriptCaches (0ms)
		SetupLoadedEditorAssemblies (385ms)
			LogAssemblyErrors (0ms)
			InitializePlatformSupportModulesInManaged (3ms)
			SetLoadedEditorAssemblies (2ms)
			RefreshPlugins (0ms)
			BeforeProcessingInitializeOnLoad (44ms)
			ProcessInitializeOnLoadAttributes (323ms)
			ProcessInitializeOnLoadMethodAttributes (11ms)
			AfterProcessingInitializeOnLoad (1ms)
			EditorAssembliesLoaded (0ms)
		ExecutionOrderSort2 (0ms)
		AwakeInstancesAfterBackupRestoration (2ms)
Refreshing native plugins compatible for Editor in 2.71 ms, found 3 plugins.
Preloading 0 native plugins for Editor in 0.00 ms.
<HackaTime> Got response
{"id":2740776425,"user_id":61064,"branch":"main","category":"coding","dependencies":[],"editor":"unity","entity":"Unsaved Scene","language":"unity","machine":null,"operating_system":null,"project":"Duos","type":"file","user_agent":"unity-hackatime","line_additions":null,"line_deletions":null,"lineno":null,"lines":null,"cursorpos":null,"project_root_count":null,"time":1790985344.0,"is_write":false,"created_at":"2026-10-02T23:56:36.509Z","updated_at":"2026-10-02T23:56:36.509Z","fields_hash":"d505fe84ea01b35962be42a4ff34829f","source_type":"direct_entry","ip_address":"2001:8003:cc20:b000:d019:d93e:3ea5:ef8b","deleted_at":null,"ja4_id":41,"ai_model":null,"ai_session":null,"ai_subscription_plan":null,"ai_input_tokens":null,"ai_output_tokens":null,"ai_prompt_length":null,"ai_line_changes":null,"human_line_changes":null}
UnityEngine.StackTraceUtility:ExtractStackTrace () (at /Users/bokken/build/output/unity/unity/Runtime/Export/Scripting/StackTrace.cs:37)
UnityEngine.DebugLogHandler:LogFormat (UnityEngine.LogType,UnityEngine.Object,string,object[])
UnityEngine.Logger:Log (UnityEngine.LogType,object)
UnityEngine.Debug:Log (object)
WakaTime.Plugin/<SendHeartbeat>d__29:MoveNext () (at ./Library/PackageCache/com.daniel-geo.unityhackatime@5ac210a9a2/Editor/Plugin.cs:187)
System.Runtime.CompilerServices.AsyncMethodBuilderCore/MoveNextRunner:InvokeMoveNext (object)
System.Threading.ExecutionContext:RunInternal (System.Threading.ExecutionContext,System.Threading.ContextCallback,object,bool)
System.Threading.ExecutionContext:Run (System.Threading.ExecutionContext,System.Threading.ContextCallback,object,bool)
System.Runtime.CompilerServices.AsyncMethodBuilderCore/MoveNextRunner:Run ()
System.Threading.Tasks.AwaitTaskContinuation:InvokeAction (object)
System.Threading.Tasks.AwaitTaskContinuation:RunCallback (System.Threading.ContextCallback,object,System.Threading.Tasks.Task&)
System.Threading.Tasks.SynchronizationContextAwaitTaskContinuation:Run (System.Threading.Tasks.Task,bool)
System.Threading.Tasks.Task:FinishContinuations ()
System.Threading.Tasks.Task:FinishStageThree ()
System.Threading.Tasks.Task`1<bool>:TrySetResult (bool)
System.Threading.Tasks.TaskCompletionSource`1<bool>:TrySetResult (bool)
WakaTime.Plugin/<>c__DisplayClass29_0:<SendHeartbeat>b__0 (UnityEngine.AsyncOperation) (at ./Library/PackageCache/com.daniel-geo.unityhackatime@5ac210a9a2/Editor/Plugin.cs:176)
UnityEngine.AsyncOperation:InvokeCompletionEvent () (at /Users/bokken/build/output/unity/unity/Runtime/Export/Scripting/AsyncOperation.cs:21)

(Filename: ./Library/PackageCache/com.daniel-geo.unityhackatime@5ac210a9a2/Editor/Plugin.cs Line: 187)

<HackaTime> Sent heartbeat!
UnityEngine.StackTraceUtility:ExtractStackTrace () (at /Users/bokken/build/output/unity/unity/Runtime/Export/Scripting/StackTrace.cs:37)
UnityEngine.DebugLogHandler:LogFormat (UnityEngine.LogType,UnityEngine.Object,string,object[])
UnityEngine.Logger:Log (UnityEngine.LogType,object)
UnityEngine.Debug:Log (object)
WakaTime.Plugin/<SendHeartbeat>d__29:MoveNext () (at ./Library/PackageCache/com.daniel-geo.unityhackatime@5ac210a9a2/Editor/Plugin.cs:203)
System.Runtime.CompilerServices.AsyncMethodBuilderCore/MoveNextRunner:InvokeMoveNext (object)
System.Threading.ExecutionContext:RunInternal (System.Threading.ExecutionContext,System.Threading.ContextCallback,object,bool)
System.Threading.ExecutionContext:Run (System.Threading.ExecutionContext,System.Threading.ContextCallback,object,bool)
System.Runtime.CompilerServices.AsyncMethodBuilderCore/MoveNextRunner:Run ()
System.Threading.Tasks.AwaitTaskContinuation:InvokeAction (object)
System.Threading.Tasks.AwaitTaskContinuation:RunCallback (System.Threading.ContextCallback,object,System.Threading.Tasks.Task&)
System.Threading.Tasks.SynchronizationContextAwaitTaskContinuation:Run (System.Threading.Tasks.Task,bool)
System.Threading.Tasks.Task:FinishContinuations ()
System.Threading.Tasks.Task:FinishStageThree ()
System.Threading.Tasks.Task`1<bool>:TrySetResult (bool)
System.Threading.Tasks.TaskCompletionSource`1<bool>:TrySetResult (bool)
WakaTime.Plugin/<>c__DisplayClass29_0:<SendHeartbeat>b__0 (UnityEngine.AsyncOperation) (at ./Library/PackageCache/com.daniel-geo.unityhackatime@5ac210a9a2/Editor/Plugin.cs:176)
UnityEngine.AsyncOperation:InvokeCompletionEvent () (at /Users/bokken/build/output/unity/unity/Runtime/Export/Scripting/AsyncOperation.cs:21)

(Filename: ./Library/PackageCache/com.daniel-geo.unityhackatime@5ac210a9a2/Editor/Plugin.cs Line: 203)

Unloading 3686 Unused Serialized files (Serialized files now loaded: 0)
Unloading 47 unused Assets / (1.8 MB). Loaded Objects now: 4256.
Memory consumption went from 246.2 MB to 244.5 MB.
Total: 3.547667 ms (FindLiveObjects: 0.155041 ms CreateObjectMapping: 0.046875 ms MarkObjects: 3.086750 ms  DeleteObjects: 0.258458 ms)

Prepare: number of updated asset objects reloaded= 0
AssetImportParameters requested are different than current active one (requested -> active):
  custom:container-demuxer-ogg: 62fdf1f143b41e24485cea50d1cbac27 -> 
  custom:video-decoder-ogg-theora: a1e56fd34408186e4bbccfd4996cb3dc -> 
  custom:CustomObjectIndexerAttribute: 9a22284fe3817be447336de3de66b15e -> 
  custom:container-demuxer-webm: 4f35f7cbe854078d1ac9338744f61a02 -> 
  custom:container-muxer-webm: aa71ff27fc2769a1b78a27578f13a17b -> 
  custom:video-decoder-webm-vp8: 9c59270c3fd7afecdb556c50c9e8de78 -> 
  custom:SearchIndexIgnoredProperties: e643bd26f0fe6173181afceb89e7c659 -> 
  custom:AudioImporter_EditorPlatform: 3918e3fc78b5a79bad01e8451be0beb8 -> 
  custom:framework-osx-AVFoundation: e770b220cccbd017edd2c1fefb359320 -> 
  custom:video-encoder-webm-vp8: eb34c28f22e8b96e1ab97ce403110664 -> 
  custom:audio-decoder-ogg-vorbis: bf7c407c2cedff20999df2af8eb42d56 -> 
  custom:audio-encoder-webm-vorbis: bf7c407c2cedff20999df2af8eb42d56 -> 
========================================================================
Received Prepare
Begin MonoManager ReloadAssembly
Thread 0x16d83b000 may have been prematurely finalized
- Loaded All Assemblies, in  0.447 seconds
Refreshing native plugins compatible for Editor in 2.94 ms, found 3 plugins.
Native extension for OSXStandalone target not found
<HackaTime> Initializing...
UnityEngine.StackTraceUtility:ExtractStackTrace () (at /Users/bokken/build/output/unity/unity/Runtime/Export/Scripting/StackTrace.cs:37)
UnityEngine.DebugLogHandler:LogFormat (UnityEngine.LogType,UnityEngine.Object,string,object[])
UnityEngine.Logger:Log (UnityEngine.LogType,object)
UnityEngine.Debug:Log (object)
WakaTime.Plugin:Initialize () (at ./Library/PackageCache/com.daniel-geo.unityhackatime@5ac210a9a2/Editor/Plugin.cs:76)
WakaTime.Plugin:.cctor () (at ./Library/PackageCache/com.daniel-geo.unityhackatime@5ac210a9a2/Editor/Plugin.cs:41)
System.Runtime.CompilerServices.RuntimeHelpers:RunClassConstructor (System.RuntimeTypeHandle)
UnityEditor.EditorAssemblies:ProcessInitializeOnLoadAttributes (System.Type[]) (at /Users/bokken/build/output/unity/unity/Editor/Mono/EditorAssemblies.cs:119)

(Filename: ./Library/PackageCache/com.daniel-geo.unityhackatime@5ac210a9a2/Editor/Plugin.cs Line: 76)

<HackaTime> Sending heartbeat...
UnityEngine.StackTraceUtility:ExtractStackTrace () (at /Users/bokken/build/output/unity/unity/Runtime/Export/Scripting/StackTrace.cs:37)
UnityEngine.DebugLogHandler:LogFormat (UnityEngine.LogType,UnityEngine.Object,string,object[])
UnityEngine.Logger:Log (UnityEngine.LogType,object)
UnityEngine.Debug:Log (object)
WakaTime.Plugin/<SendHeartbeat>d__29:MoveNext () (at ./Library/PackageCache/com.daniel-geo.unityhackatime@5ac210a9a2/Editor/Plugin.cs:144)
System.Runtime.CompilerServices.AsyncVoidMethodBuilder:Start<WakaTime.Plugin/<SendHeartbeat>d__29> (WakaTime.Plugin/<SendHeartbeat>d__29&)
WakaTime.Plugin:SendHeartbeat (bool)
WakaTime.Plugin:Initialize () (at ./Library/PackageCache/com.daniel-geo.unityhackatime@5ac210a9a2/Editor/Plugin.cs:78)
WakaTime.Plugin:.cctor () (at ./Library/PackageCache/com.daniel-geo.unityhackatime@5ac210a9a2/Editor/Plugin.cs:41)
System.Runtime.CompilerServices.RuntimeHelpers:RunClassConstructor (System.RuntimeTypeHandle)
UnityEditor.EditorAssemblies:ProcessInitializeOnLoadAttributes (System.Type[]) (at /Users/bokken/build/output/unity/unity/Editor/Mono/EditorAssemblies.cs:119)

(Filename: ./Library/PackageCache/com.daniel-geo.unityhackatime@5ac210a9a2/Editor/Plugin.cs Line: 144)

Mono: successfully reloaded assembly
- Finished resetting the current domain, in  1.194 seconds
Domain Reload Profiling: 1642ms
	BeginReloadAssembly (152ms)
		ExecutionOrderSort (0ms)
		DisableScriptedObjects (9ms)
		BackupInstance (0ms)
		ReleaseScriptingObjects (0ms)
		CreateAndSetChildDomain (50ms)
	RebuildCommonClasses (26ms)
	RebuildNativeTypeToScriptingClass (9ms)
	initialDomainReloadingComplete (18ms)
	LoadAllAssembliesAndSetupDomain (244ms)
		LoadAssemblies (290ms)
		RebuildTransferFunctionScriptingTraits (0ms)
		AnalyzeDomain (21ms)
			TypeCache.Refresh (12ms)
				TypeCache.ScanAssembly (1ms)
			ScanForSourceGeneratedMonoScriptInfo (5ms)
			ResolveRequiredComponents (4ms)
	FinalizeReload (1194ms)
		ReleaseScriptCaches (0ms)
		RebuildScriptCaches (0ms)
		SetupLoadedEditorAssemblies (360ms)
			LogAssemblyErrors (0ms)
			InitializePlatformSupportModulesInManaged (3ms)
			SetLoadedEditorAssemblies (2ms)
			RefreshPlugins (0ms)
			BeforeProcessingInitializeOnLoad (34ms)
			ProcessInitializeOnLoadAttributes (309ms)
			ProcessInitializeOnLoadMethodAttributes (11ms)
			AfterProcessingInitializeOnLoad (1ms)
			EditorAssembliesLoaded (0ms)
		ExecutionOrderSort2 (0ms)
		AwakeInstancesAfterBackupRestoration (2ms)
Refreshing native plugins compatible for Editor in 2.38 ms, found 3 plugins.
Preloading 0 native plugins for Editor in 0.00 ms.
<HackaTime> Got response
{"id":2740777144,"user_id":61064,"branch":"main","category":"coding","dependencies":[],"editor":"unity","entity":"Unsaved Scene","language":"unity","machine":null,"operating_system":null,"project":"Duos","type":"file","user_agent":"unity-hackatime","line_additions":null,"line_deletions":null,"lineno":null,"lines":null,"cursorpos":null,"project_root_count":null,"time":1790985472.0,"is_write":false,"created_at":"2026-10-02T23:58:26.513Z","updated_at":"2026-10-02T23:58:26.513Z","fields_hash":"185c1bb665a30a8f2da7289e05476251","source_type":"direct_entry","ip_address":"2001:8003:cc20:b000:d019:d93e:3ea5:ef8b","deleted_at":null,"ja4_id":41,"ai_model":null,"ai_session":null,"ai_subscription_plan":null,"ai_input_tokens":null,"ai_output_tokens":null,"ai_prompt_length":null,"ai_line_changes":null,"human_line_changes":null}
UnityEngine.StackTraceUtility:ExtractStackTrace () (at /Users/bokken/build/output/unity/unity/Runtime/Export/Scripting/StackTrace.cs:37)
UnityEngine.DebugLogHandler:LogFormat (UnityEngine.LogType,UnityEngine.Object,string,object[])
UnityEngine.Logger:Log (UnityEngine.LogType,object)
UnityEngine.Debug:Log (object)
WakaTime.Plugin/<SendHeartbeat>d__29:MoveNext () (at ./Library/PackageCache/com.daniel-geo.unityhackatime@5ac210a9a2/Editor/Plugin.cs:187)
System.Runtime.CompilerServices.AsyncMethodBuilderCore/MoveNextRunner:InvokeMoveNext (object)
System.Threading.ExecutionContext:RunInternal (System.Threading.ExecutionContext,System.Threading.ContextCallback,object,bool)
System.Threading.ExecutionContext:Run (System.Threading.ExecutionContext,System.Threading.ContextCallback,object,bool)
System.Runtime.CompilerServices.AsyncMethodBuilderCore/MoveNextRunner:Run ()
System.Threading.Tasks.AwaitTaskContinuation:InvokeAction (object)
System.Threading.Tasks.AwaitTaskContinuation:RunCallback (System.Threading.ContextCallback,object,System.Threading.Tasks.Task&)
System.Threading.Tasks.SynchronizationContextAwaitTaskContinuation:Run (System.Threading.Tasks.Task,bool)
System.Threading.Tasks.Task:FinishContinuations ()
System.Threading.Tasks.Task:FinishStageThree ()
System.Threading.Tasks.Task`1<bool>:TrySetResult (bool)
System.Threading.Tasks.TaskCompletionSource`1<bool>:TrySetResult (bool)
WakaTime.Plugin/<>c__DisplayClass29_0:<SendHeartbeat>b__0 (UnityEngine.AsyncOperation) (at ./Library/PackageCache/com.daniel-geo.unityhackatime@5ac210a9a2/Editor/Plugin.cs:176)
UnityEngine.AsyncOperation:InvokeCompletionEvent () (at /Users/bokken/build/output/unity/unity/Runtime/Export/Scripting/AsyncOperation.cs:21)

(Filename: ./Library/PackageCache/com.daniel-geo.unityhackatime@5ac210a9a2/Editor/Plugin.cs Line: 187)

<HackaTime> Sent heartbeat!
UnityEngine.StackTraceUtility:ExtractStackTrace () (at /Users/bokken/build/output/unity/unity/Runtime/Export/Scripting/StackTrace.cs:37)
UnityEngine.DebugLogHandler:LogFormat (UnityEngine.LogType,UnityEngine.Object,string,object[])
UnityEngine.Logger:Log (UnityEngine.LogType,object)
UnityEngine.Debug:Log (object)
WakaTime.Plugin/<SendHeartbeat>d__29:MoveNext () (at ./Library/PackageCache/com.daniel-geo.unityhackatime@5ac210a9a2/Editor/Plugin.cs:203)
System.Runtime.CompilerServices.AsyncMethodBuilderCore/MoveNextRunner:InvokeMoveNext (object)
System.Threading.ExecutionContext:RunInternal (System.Threading.ExecutionContext,System.Threading.ContextCallback,object,bool)
System.Threading.ExecutionContext:Run (System.Threading.ExecutionContext,System.Threading.ContextCallback,object,bool)
System.Runtime.CompilerServices.AsyncMethodBuilderCore/MoveNextRunner:Run ()
System.Threading.Tasks.AwaitTaskContinuation:InvokeAction (object)
System.Threading.Tasks.AwaitTaskContinuation:RunCallback (System.Threading.ContextCallback,object,System.Threading.Tasks.Task&)
System.Threading.Tasks.SynchronizationContextAwaitTaskContinuation:Run (System.Threading.Tasks.Task,bool)
System.Threading.Tasks.Task:FinishContinuations ()
System.Threading.Tasks.Task:FinishStageThree ()
System.Threading.Tasks.Task`1<bool>:TrySetResult (bool)
System.Threading.Tasks.TaskCompletionSource`1<bool>:TrySetResult (bool)
WakaTime.Plugin/<>c__DisplayClass29_0:<SendHeartbeat>b__0 (UnityEngine.AsyncOperation) (at ./Library/PackageCache/com.daniel-geo.unityhackatime@5ac210a9a2/Editor/Plugin.cs:176)
UnityEngine.AsyncOperation:InvokeCompletionEvent () (at /Users/bokken/build/output/unity/unity/Runtime/Export/Scripting/AsyncOperation.cs:21)

(Filename: ./Library/PackageCache/com.daniel-geo.unityhackatime@5ac210a9a2/Editor/Plugin.cs Line: 203)

Unloading 3686 Unused Serialized files (Serialized files now loaded: 0)
Unloading 47 unused Assets / (1.8 MB). Loaded Objects now: 4260.
Memory consumption went from 253.4 MB to 251.7 MB.
Total: 6.564334 ms (FindLiveObjects: 0.182333 ms CreateObjectMapping: 0.049334 ms MarkObjects: 6.014791 ms  DeleteObjects: 0.315292 ms)

Prepare: number of updated asset objects reloaded= 0
AssetImportParameters requested are different than current active one (requested -> active):
  custom:container-demuxer-ogg: 62fdf1f143b41e24485cea50d1cbac27 -> 
  custom:video-decoder-ogg-theora: a1e56fd34408186e4bbccfd4996cb3dc -> 
  custom:CustomObjectIndexerAttribute: 9a22284fe3817be447336de3de66b15e -> 
  custom:container-demuxer-webm: 4f35f7cbe854078d1ac9338744f61a02 -> 
  custom:container-muxer-webm: aa71ff27fc2769a1b78a27578f13a17b -> 
  custom:video-decoder-webm-vp8: 9c59270c3fd7afecdb556c50c9e8de78 -> 
  custom:SearchIndexIgnoredProperties: e643bd26f0fe6173181afceb89e7c659 -> 
  custom:AudioImporter_EditorPlatform: 3918e3fc78b5a79bad01e8451be0beb8 -> 
  custom:framework-osx-AVFoundation: e770b220cccbd017edd2c1fefb359320 -> 
  custom:video-encoder-webm-vp8: eb34c28f22e8b96e1ab97ce403110664 -> 
  custom:audio-decoder-ogg-vorbis: bf7c407c2cedff20999df2af8eb42d56 -> 
  custom:audio-encoder-webm-vorbis: bf7c407c2cedff20999df2af8eb42d56 -> 
========================================================================
Received Prepare
Begin MonoManager ReloadAssembly
Thread 0x16d83b000 may have been prematurely finalized
- Loaded All Assemblies, in  0.367 seconds
Refreshing native plugins compatible for Editor in 1.89 ms, found 3 plugins.
Native extension for OSXStandalone target not found
<HackaTime> Initializing...
UnityEngine.StackTraceUtility:ExtractStackTrace () (at /Users/bokken/build/output/unity/unity/Runtime/Export/Scripting/StackTrace.cs:37)
UnityEngine.DebugLogHandler:LogFormat (UnityEngine.LogType,UnityEngine.Object,string,object[])
UnityEngine.Logger:Log (UnityEngine.LogType,object)
UnityEngine.Debug:Log (object)
WakaTime.Plugin:Initialize () (at ./Library/PackageCache/com.daniel-geo.unityhackatime@5ac210a9a2/Editor/Plugin.cs:76)
WakaTime.Plugin:.cctor () (at ./Library/PackageCache/com.daniel-geo.unityhackatime@5ac210a9a2/Editor/Plugin.cs:41)
System.Runtime.CompilerServices.RuntimeHelpers:RunClassConstructor (System.RuntimeTypeHandle)
UnityEditor.EditorAssemblies:ProcessInitializeOnLoadAttributes (System.Type[]) (at /Users/bokken/build/output/unity/unity/Editor/Mono/EditorAssemblies.cs:119)

(Filename: ./Library/PackageCache/com.daniel-geo.unityhackatime@5ac210a9a2/Editor/Plugin.cs Line: 76)

<HackaTime> Sending heartbeat...
UnityEngine.StackTraceUtility:ExtractStackTrace () (at /Users/bokken/build/output/unity/unity/Runtime/Export/Scripting/StackTrace.cs:37)
UnityEngine.DebugLogHandler:LogFormat (UnityEngine.LogType,UnityEngine.Object,string,object[])
UnityEngine.Logger:Log (UnityEngine.LogType,object)
UnityEngine.Debug:Log (object)
WakaTime.Plugin/<SendHeartbeat>d__29:MoveNext () (at ./Library/PackageCache/com.daniel-geo.unityhackatime@5ac210a9a2/Editor/Plugin.cs:144)
System.Runtime.CompilerServices.AsyncVoidMethodBuilder:Start<WakaTime.Plugin/<SendHeartbeat>d__29> (WakaTime.Plugin/<SendHeartbeat>d__29&)
WakaTime.Plugin:SendHeartbeat (bool)
WakaTime.Plugin:Initialize () (at ./Library/PackageCache/com.daniel-geo.unityhackatime@5ac210a9a2/Editor/Plugin.cs:78)
WakaTime.Plugin:.cctor () (at ./Library/PackageCache/com.daniel-geo.unityhackatime@5ac210a9a2/Editor/Plugin.cs:41)
System.Runtime.CompilerServices.RuntimeHelpers:RunClassConstructor (System.RuntimeTypeHandle)
UnityEditor.EditorAssemblies:ProcessInitializeOnLoadAttributes (System.Type[]) (at /Users/bokken/build/output/unity/unity/Editor/Mono/EditorAssemblies.cs:119)

(Filename: ./Library/PackageCache/com.daniel-geo.unityhackatime@5ac210a9a2/Editor/Plugin.cs Line: 144)

Mono: successfully reloaded assembly
- Finished resetting the current domain, in  0.923 seconds
Domain Reload Profiling: 1291ms
	BeginReloadAssembly (127ms)
		ExecutionOrderSort (0ms)
		DisableScriptedObjects (4ms)
		BackupInstance (0ms)
		ReleaseScriptingObjects (0ms)
		CreateAndSetChildDomain (47ms)
	RebuildCommonClasses (26ms)
	RebuildNativeTypeToScriptingClass (9ms)
	initialDomainReloadingComplete (16ms)
	LoadAllAssembliesAndSetupDomain (190ms)
		LoadAssemblies (224ms)
		RebuildTransferFunctionScriptingTraits (0ms)
		AnalyzeDomain (17ms)
			TypeCache.Refresh (11ms)
				TypeCache.ScanAssembly (0ms)
			ScanForSourceGeneratedMonoScriptInfo (0ms)
			ResolveRequiredComponents (5ms)
	FinalizeReload (923ms)
		ReleaseScriptCaches (0ms)
		RebuildScriptCaches (0ms)
		SetupLoadedEditorAssemblies (350ms)
			LogAssemblyErrors (0ms)
			InitializePlatformSupportModulesInManaged (3ms)
			SetLoadedEditorAssemblies (2ms)
			RefreshPlugins (0ms)
			BeforeProcessingInitializeOnLoad (34ms)
			ProcessInitializeOnLoadAttributes (298ms)
			ProcessInitializeOnLoadMethodAttributes (12ms)
			AfterProcessingInitializeOnLoad (1ms)
			EditorAssembliesLoaded (1ms)
		ExecutionOrderSort2 (0ms)
		AwakeInstancesAfterBackupRestoration (7ms)
Refreshing native plugins compatible for Editor in 2.57 ms, found 3 plugins.
Preloading 0 native plugins for Editor in 0.00 ms.
<HackaTime> Got response
{"id":2740777144,"user_id":61064,"branch":"main","category":"coding","dependencies":[],"editor":"unity","entity":"Unsaved Scene","language":"unity","machine":null,"operating_system":null,"project":"Duos","type":"file","user_agent":"unity-hackatime","line_additions":null,"line_deletions":null,"lineno":null,"lines":null,"cursorpos":null,"project_root_count":null,"time":1790985472.0,"is_write":false,"created_at":"2026-10-02T23:58:26.513Z","updated_at":"2026-10-02T23:58:26.513Z","fields_hash":"185c1bb665a30a8f2da7289e05476251","source_type":"direct_entry","ip_address":"2001:8003:cc20:b000:d019:d93e:3ea5:ef8b","deleted_at":null,"ja4_id":41,"ai_model":null,"ai_session":null,"ai_subscription_plan":null,"ai_input_tokens":null,"ai_output_tokens":null,"ai_prompt_length":null,"ai_line_changes":null,"human_line_changes":null}
UnityEngine.StackTraceUtility:ExtractStackTrace () (at /Users/bokken/build/output/unity/unity/Runtime/Export/Scripting/StackTrace.cs:37)
UnityEngine.DebugLogHandler:LogFormat (UnityEngine.LogType,UnityEngine.Object,string,object[])
UnityEngine.Logger:Log (UnityEngine.LogType,object)
UnityEngine.Debug:Log (object)
WakaTime.Plugin/<SendHeartbeat>d__29:MoveNext () (at ./Library/PackageCache/com.daniel-geo.unityhackatime@5ac210a9a2/Editor/Plugin.cs:187)
System.Runtime.CompilerServices.AsyncMethodBuilderCore/MoveNextRunner:InvokeMoveNext (object)
System.Threading.ExecutionContext:RunInternal (System.Threading.ExecutionContext,System.Threading.ContextCallback,object,bool)
System.Threading.ExecutionContext:Run (System.Threading.ExecutionContext,System.Threading.ContextCallback,object,bool)
System.Runtime.CompilerServices.AsyncMethodBuilderCore/MoveNextRunner:Run ()
System.Threading.Tasks.AwaitTaskContinuation:InvokeAction (object)
System.Threading.Tasks.AwaitTaskContinuation:RunCallback (System.Threading.ContextCallback,object,System.Threading.Tasks.Task&)
System.Threading.Tasks.SynchronizationContextAwaitTaskContinuation:Run (System.Threading.Tasks.Task,bool)
System.Threading.Tasks.Task:FinishContinuations ()
System.Threading.Tasks.Task:FinishStageThree ()
System.Threading.Tasks.Task`1<bool>:TrySetResult (bool)
System.Threading.Tasks.TaskCompletionSource`1<bool>:TrySetResult (bool)
WakaTime.Plugin/<>c__DisplayClass29_0:<SendHeartbeat>b__0 (UnityEngine.AsyncOperation) (at ./Library/PackageCache/com.daniel-geo.unityhackatime@5ac210a9a2/Editor/Plugin.cs:176)
UnityEngine.AsyncOperation:InvokeCompletionEvent () (at /Users/bokken/build/output/unity/unity/Runtime/Export/Scripting/AsyncOperation.cs:21)

(Filename: ./Library/PackageCache/com.daniel-geo.unityhackatime@5ac210a9a2/Editor/Plugin.cs Line: 187)

<HackaTime> Sent heartbeat!
UnityEngine.StackTraceUtility:ExtractStackTrace () (at /Users/bokken/build/output/unity/unity/Runtime/Export/Scripting/StackTrace.cs:37)
UnityEngine.DebugLogHandler:LogFormat (UnityEngine.LogType,UnityEngine.Object,string,object[])
UnityEngine.Logger:Log (UnityEngine.LogType,object)
UnityEngine.Debug:Log (object)
WakaTime.Plugin/<SendHeartbeat>d__29:MoveNext () (at ./Library/PackageCache/com.daniel-geo.unityhackatime@5ac210a9a2/Editor/Plugin.cs:203)
System.Runtime.CompilerServices.AsyncMethodBuilderCore/MoveNextRunner:InvokeMoveNext (object)
System.Threading.ExecutionContext:RunInternal (System.Threading.ExecutionContext,System.Threading.ContextCallback,object,bool)
System.Threading.ExecutionContext:Run (System.Threading.ExecutionContext,System.Threading.ContextCallback,object,bool)
System.Runtime.CompilerServices.AsyncMethodBuilderCore/MoveNextRunner:Run ()
System.Threading.Tasks.AwaitTaskContinuation:InvokeAction (object)
System.Threading.Tasks.AwaitTaskContinuation:RunCallback (System.Threading.ContextCallback,object,System.Threading.Tasks.Task&)
System.Threading.Tasks.SynchronizationContextAwaitTaskContinuation:Run (System.Threading.Tasks.Task,bool)
System.Threading.Tasks.Task:FinishContinuations ()
System.Threading.Tasks.Task:FinishStageThree ()
System.Threading.Tasks.Task`1<bool>:TrySetResult (bool)
System.Threading.Tasks.TaskCompletionSource`1<bool>:TrySetResult (bool)
WakaTime.Plugin/<>c__DisplayClass29_0:<SendHeartbeat>b__0 (UnityEngine.AsyncOperation) (at ./Library/PackageCache/com.daniel-geo.unityhackatime@5ac210a9a2/Editor/Plugin.cs:176)
UnityEngine.AsyncOperation:InvokeCompletionEvent () (at /Users/bokken/build/output/unity/unity/Runtime/Export/Scripting/AsyncOperation.cs:21)

(Filename: ./Library/PackageCache/com.daniel-geo.unityhackatime@5ac210a9a2/Editor/Plugin.cs Line: 203)

Unloading 3686 Unused Serialized files (Serialized files now loaded: 0)
Unloading 47 unused Assets / (1.8 MB). Loaded Objects now: 4264.
Memory consumption went from 260.6 MB to 258.8 MB.
Total: 11.782792 ms (FindLiveObjects: 0.191875 ms CreateObjectMapping: 0.049458 ms MarkObjects: 11.172625 ms  DeleteObjects: 0.368167 ms)

Prepare: number of updated asset objects reloaded= 0
AssetImportParameters requested are different than current active one (requested -> active):
  custom:container-demuxer-ogg: 62fdf1f143b41e24485cea50d1cbac27 -> 
  custom:video-decoder-ogg-theora: a1e56fd34408186e4bbccfd4996cb3dc -> 
  custom:CustomObjectIndexerAttribute: 9a22284fe3817be447336de3de66b15e -> 
  custom:container-demuxer-webm: 4f35f7cbe854078d1ac9338744f61a02 -> 
  custom:container-muxer-webm: aa71ff27fc2769a1b78a27578f13a17b -> 
  custom:video-decoder-webm-vp8: 9c59270c3fd7afecdb556c50c9e8de78 -> 
  custom:SearchIndexIgnoredProperties: e643bd26f0fe6173181afceb89e7c659 -> 
  custom:AudioImporter_EditorPlatform: 3918e3fc78b5a79bad01e8451be0beb8 -> 
  custom:framework-osx-AVFoundation: e770b220cccbd017edd2c1fefb359320 -> 
  custom:video-encoder-webm-vp8: eb34c28f22e8b96e1ab97ce403110664 -> 
  custom:audio-decoder-ogg-vorbis: bf7c407c2cedff20999df2af8eb42d56 -> 
  custom:audio-encoder-webm-vorbis: bf7c407c2cedff20999df2af8eb42d56 -> 
========================================================================
Received Prepare
Begin MonoManager ReloadAssembly
Thread 0x16d83b000 may have been prematurely finalized
- Loaded All Assemblies, in  0.405 seconds
Refreshing native plugins compatible for Editor in 1.76 ms, found 3 plugins.
Native extension for OSXStandalone target not found
<HackaTime> Initializing...
UnityEngine.StackTraceUtility:ExtractStackTrace () (at /Users/bokken/build/output/unity/unity/Runtime/Export/Scripting/StackTrace.cs:37)
UnityEngine.DebugLogHandler:LogFormat (UnityEngine.LogType,UnityEngine.Object,string,object[])
UnityEngine.Logger:Log (UnityEngine.LogType,object)
UnityEngine.Debug:Log (object)
WakaTime.Plugin:Initialize () (at ./Library/PackageCache/com.daniel-geo.unityhackatime@5ac210a9a2/Editor/Plugin.cs:76)
WakaTime.Plugin:.cctor () (at ./Library/PackageCache/com.daniel-geo.unityhackatime@5ac210a9a2/Editor/Plugin.cs:41)
System.Runtime.CompilerServices.RuntimeHelpers:RunClassConstructor (System.RuntimeTypeHandle)
UnityEditor.EditorAssemblies:ProcessInitializeOnLoadAttributes (System.Type[]) (at /Users/bokken/build/output/unity/unity/Editor/Mono/EditorAssemblies.cs:119)

(Filename: ./Library/PackageCache/com.daniel-geo.unityhackatime@5ac210a9a2/Editor/Plugin.cs Line: 76)

<HackaTime> Sending heartbeat...
UnityEngine.StackTraceUtility:ExtractStackTrace () (at /Users/bokken/build/output/unity/unity/Runtime/Export/Scripting/StackTrace.cs:37)
UnityEngine.DebugLogHandler:LogFormat (UnityEngine.LogType,UnityEngine.Object,string,object[])
UnityEngine.Logger:Log (UnityEngine.LogType,object)
UnityEngine.Debug:Log (object)
WakaTime.Plugin/<SendHeartbeat>d__29:MoveNext () (at ./Library/PackageCache/com.daniel-geo.unityhackatime@5ac210a9a2/Editor/Plugin.cs:144)
System.Runtime.CompilerServices.AsyncVoidMethodBuilder:Start<WakaTime.Plugin/<SendHeartbeat>d__29> (WakaTime.Plugin/<SendHeartbeat>d__29&)
WakaTime.Plugin:SendHeartbeat (bool)
WakaTime.Plugin:Initialize () (at ./Library/PackageCache/com.daniel-geo.unityhackatime@5ac210a9a2/Editor/Plugin.cs:78)
WakaTime.Plugin:.cctor () (at ./Library/PackageCache/com.daniel-geo.unityhackatime@5ac210a9a2/Editor/Plugin.cs:41)
System.Runtime.CompilerServices.RuntimeHelpers:RunClassConstructor (System.RuntimeTypeHandle)
UnityEditor.EditorAssemblies:ProcessInitializeOnLoadAttributes (System.Type[]) (at /Users/bokken/build/output/unity/unity/Editor/Mono/EditorAssemblies.cs:119)

(Filename: ./Library/PackageCache/com.daniel-geo.unityhackatime@5ac210a9a2/Editor/Plugin.cs Line: 144)

Mono: successfully reloaded assembly
- Finished resetting the current domain, in  1.132 seconds
Domain Reload Profiling: 1537ms
	BeginReloadAssembly (133ms)
		ExecutionOrderSort (0ms)
		DisableScriptedObjects (8ms)
		BackupInstance (0ms)
		ReleaseScriptingObjects (0ms)
		CreateAndSetChildDomain (49ms)
	RebuildCommonClasses (24ms)
	RebuildNativeTypeToScriptingClass (9ms)
	initialDomainReloadingComplete (19ms)
	LoadAllAssembliesAndSetupDomain (220ms)
		LoadAssemblies (256ms)
		RebuildTransferFunctionScriptingTraits (0ms)
		AnalyzeDomain (16ms)
			TypeCache.Refresh (8ms)
				TypeCache.ScanAssembly (0ms)
			ScanForSourceGeneratedMonoScriptInfo (0ms)
			ResolveRequiredComponents (7ms)
	FinalizeReload (1132ms)
		ReleaseScriptCaches (0ms)
		RebuildScriptCaches (0ms)
		SetupLoadedEditorAssemblies (400ms)
			LogAssemblyErrors (0ms)
			InitializePlatformSupportModulesInManaged (3ms)
			SetLoadedEditorAssemblies (2ms)
			RefreshPlugins (0ms)
			BeforeProcessingInitializeOnLoad (40ms)
			ProcessInitializeOnLoadAttributes (341ms)
			ProcessInitializeOnLoadMethodAttributes (13ms)
			AfterProcessingInitializeOnLoad (1ms)
			EditorAssembliesLoaded (0ms)
		ExecutionOrderSort2 (0ms)
		AwakeInstancesAfterBackupRestoration (3ms)
Refreshing native plugins compatible for Editor in 7.75 ms, found 3 plugins.
Preloading 0 native plugins for Editor in 0.00 ms.
<HackaTime> Got response
{"id":2740777548,"user_id":61064,"branch":"main","category":"coding","dependencies":[],"editor":"unity","entity":"Unsaved Scene","language":"unity","machine":null,"operating_system":null,"project":"Duos","type":"file","user_agent":"unity-hackatime","line_additions":null,"line_deletions":null,"lineno":null,"lines":null,"cursorpos":null,"project_root_count":null,"time":1790985600.0,"is_write":false,"created_at":"2026-10-02T23:59:02.630Z","updated_at":"2026-10-02T23:59:02.630Z","fields_hash":"d3c9fb60539e290791cf6b09872cef57","source_type":"direct_entry","ip_address":"2001:8003:cc20:b000:d019:d93e:3ea5:ef8b","deleted_at":null,"ja4_id":41,"ai_model":null,"ai_session":null,"ai_subscription_plan":null,"ai_input_tokens":null,"ai_output_tokens":null,"ai_prompt_length":null,"ai_line_changes":null,"human_line_changes":null}
UnityEngine.StackTraceUtility:ExtractStackTrace () (at /Users/bokken/build/output/unity/unity/Runtime/Export/Scripting/StackTrace.cs:37)
UnityEngine.DebugLogHandler:LogFormat (UnityEngine.LogType,UnityEngine.Object,string,object[])
UnityEngine.Logger:Log (UnityEngine.LogType,object)
UnityEngine.Debug:Log (object)
WakaTime.Plugin/<SendHeartbeat>d__29:MoveNext () (at ./Library/PackageCache/com.daniel-geo.unityhackatime@5ac210a9a2/Editor/Plugin.cs:187)
System.Runtime.CompilerServices.AsyncMethodBuilderCore/MoveNextRunner:InvokeMoveNext (object)
System.Threading.ExecutionContext:RunInternal (System.Threading.ExecutionContext,System.Threading.ContextCallback,object,bool)
System.Threading.ExecutionContext:Run (System.Threading.ExecutionContext,System.Threading.ContextCallback,object,bool)
System.Runtime.CompilerServices.AsyncMethodBuilderCore/MoveNextRunner:Run ()
System.Threading.Tasks.AwaitTaskContinuation:InvokeAction (object)
System.Threading.Tasks.AwaitTaskContinuation:RunCallback (System.Threading.ContextCallback,object,System.Threading.Tasks.Task&)
System.Threading.Tasks.SynchronizationContextAwaitTaskContinuation:Run (System.Threading.Tasks.Task,bool)
System.Threading.Tasks.Task:FinishContinuations ()
System.Threading.Tasks.Task:FinishStageThree ()
System.Threading.Tasks.Task`1<bool>:TrySetResult (bool)
System.Threading.Tasks.TaskCompletionSource`1<bool>:TrySetResult (bool)
WakaTime.Plugin/<>c__DisplayClass29_0:<SendHeartbeat>b__0 (UnityEngine.AsyncOperation) (at ./Library/PackageCache/com.daniel-geo.unityhackatime@5ac210a9a2/Editor/Plugin.cs:176)
UnityEngine.AsyncOperation:InvokeCompletionEvent () (at /Users/bokken/build/output/unity/unity/Runtime/Export/Scripting/AsyncOperation.cs:21)

(Filename: ./Library/PackageCache/com.daniel-geo.unityhackatime@5ac210a9a2/Editor/Plugin.cs Line: 187)

<HackaTime> Sent heartbeat!
UnityEngine.StackTraceUtility:ExtractStackTrace () (at /Users/bokken/build/output/unity/unity/Runtime/Export/Scripting/StackTrace.cs:37)
UnityEngine.DebugLogHandler:LogFormat (UnityEngine.LogType,UnityEngine.Object,string,object[])
UnityEngine.Logger:Log (UnityEngine.LogType,object)
UnityEngine.Debug:Log (object)
WakaTime.Plugin/<SendHeartbeat>d__29:MoveNext () (at ./Library/PackageCache/com.daniel-geo.unityhackatime@5ac210a9a2/Editor/Plugin.cs:203)
System.Runtime.CompilerServices.AsyncMethodBuilderCore/MoveNextRunner:InvokeMoveNext (object)
System.Threading.ExecutionContext:RunInternal (System.Threading.ExecutionContext,System.Threading.ContextCallback,object,bool)
System.Threading.ExecutionContext:Run (System.Threading.ExecutionContext,System.Threading.ContextCallback,object,bool)
System.Runtime.CompilerServices.AsyncMethodBuilderCore/MoveNextRunner:Run ()
System.Threading.Tasks.AwaitTaskContinuation:InvokeAction (object)
System.Threading.Tasks.AwaitTaskContinuation:RunCallback (System.Threading.ContextCallback,object,System.Threading.Tasks.Task&)
System.Threading.Tasks.SynchronizationContextAwaitTaskContinuation:Run (System.Threading.Tasks.Task,bool)
System.Threading.Tasks.Task:FinishContinuations ()
System.Threading.Tasks.Task:FinishStageThree ()
System.Threading.Tasks.Task`1<bool>:TrySetResult (bool)
System.Threading.Tasks.TaskCompletionSource`1<bool>:TrySetResult (bool)
WakaTime.Plugin/<>c__DisplayClass29_0:<SendHeartbeat>b__0 (UnityEngine.AsyncOperation) (at ./Library/PackageCache/com.daniel-geo.unityhackatime@5ac210a9a2/Editor/Plugin.cs:176)
UnityEngine.AsyncOperation:InvokeCompletionEvent () (at /Users/bokken/build/output/unity/unity/Runtime/Export/Scripting/AsyncOperation.cs:21)

(Filename: ./Library/PackageCache/com.daniel-geo.unityhackatime@5ac210a9a2/Editor/Plugin.cs Line: 203)

Unloading 3686 Unused Serialized files (Serialized files now loaded: 0)
Unloading 47 unused Assets / (1.8 MB). Loaded Objects now: 4268.
Memory consumption went from 267.8 MB to 266.0 MB.
Total: 8.177000 ms (FindLiveObjects: 0.396875 ms CreateObjectMapping: 0.059250 ms MarkObjects: 7.074750 ms  DeleteObjects: 0.645708 ms)

Prepare: number of updated asset objects reloaded= 0
AssetImportParameters requested are different than current active one (requested -> active):
  custom:container-demuxer-ogg: 62fdf1f143b41e24485cea50d1cbac27 -> 
  custom:video-decoder-ogg-theora: a1e56fd34408186e4bbccfd4996cb3dc -> 
  custom:CustomObjectIndexerAttribute: 9a22284fe3817be447336de3de66b15e -> 
  custom:container-demuxer-webm: 4f35f7cbe854078d1ac9338744f61a02 -> 
  custom:container-muxer-webm: aa71ff27fc2769a1b78a27578f13a17b -> 
  custom:video-decoder-webm-vp8: 9c59270c3fd7afecdb556c50c9e8de78 -> 
  custom:SearchIndexIgnoredProperties: e643bd26f0fe6173181afceb89e7c659 -> 
  custom:AudioImporter_EditorPlatform: 3918e3fc78b5a79bad01e8451be0beb8 -> 
  custom:framework-osx-AVFoundation: e770b220cccbd017edd2c1fefb359320 -> 
  custom:video-encoder-webm-vp8: eb34c28f22e8b96e1ab97ce403110664 -> 
  custom:audio-decoder-ogg-vorbis: bf7c407c2cedff20999df2af8eb42d56 -> 
  custom:audio-encoder-webm-vorbis: bf7c407c2cedff20999df2af8eb42d56 -> 
========================================================================
Received Prepare
Begin MonoManager ReloadAssembly
Thread 0x16d83b000 may have been prematurely finalized
- Loaded All Assemblies, in  0.600 seconds
Refreshing native plugins compatible for Editor in 2.66 ms, found 3 plugins.
Native extension for OSXStandalone target not found
<HackaTime> Initializing...
UnityEngine.StackTraceUtility:ExtractStackTrace () (at /Users/bokken/build/output/unity/unity/Runtime/Export/Scripting/StackTrace.cs:37)
UnityEngine.DebugLogHandler:LogFormat (UnityEngine.LogType,UnityEngine.Object,string,object[])
UnityEngine.Logger:Log (UnityEngine.LogType,object)
UnityEngine.Debug:Log (object)
WakaTime.Plugin:Initialize () (at ./Library/PackageCache/com.daniel-geo.unityhackatime@5ac210a9a2/Editor/Plugin.cs:76)
WakaTime.Plugin:.cctor () (at ./Library/PackageCache/com.daniel-geo.unityhackatime@5ac210a9a2/Editor/Plugin.cs:41)
System.Runtime.CompilerServices.RuntimeHelpers:RunClassConstructor (System.RuntimeTypeHandle)
UnityEditor.EditorAssemblies:ProcessInitializeOnLoadAttributes (System.Type[]) (at /Users/bokken/build/output/unity/unity/Editor/Mono/EditorAssemblies.cs:119)

(Filename: ./Library/PackageCache/com.daniel-geo.unityhackatime@5ac210a9a2/Editor/Plugin.cs Line: 76)

<HackaTime> Sending heartbeat...
UnityEngine.StackTraceUtility:ExtractStackTrace () (at /Users/bokken/build/output/unity/unity/Runtime/Export/Scripting/StackTrace.cs:37)
UnityEngine.DebugLogHandler:LogFormat (UnityEngine.LogType,UnityEngine.Object,string,object[])
UnityEngine.Logger:Log (UnityEngine.LogType,object)
UnityEngine.Debug:Log (object)
WakaTime.Plugin/<SendHeartbeat>d__29:MoveNext () (at ./Library/PackageCache/com.daniel-geo.unityhackatime@5ac210a9a2/Editor/Plugin.cs:144)
System.Runtime.CompilerServices.AsyncVoidMethodBuilder:Start<WakaTime.Plugin/<SendHeartbeat>d__29> (WakaTime.Plugin/<SendHeartbeat>d__29&)
WakaTime.Plugin:SendHeartbeat (bool)
WakaTime.Plugin:Initialize () (at ./Library/PackageCache/com.daniel-geo.unityhackatime@5ac210a9a2/Editor/Plugin.cs:78)
WakaTime.Plugin:.cctor () (at ./Library/PackageCache/com.daniel-geo.unityhackatime@5ac210a9a2/Editor/Plugin.cs:41)
System.Runtime.CompilerServices.RuntimeHelpers:RunClassConstructor (System.RuntimeTypeHandle)
UnityEditor.EditorAssemblies:ProcessInitializeOnLoadAttributes (System.Type[]) (at /Users/bokken/build/output/unity/unity/Editor/Mono/EditorAssemblies.cs:119)

(Filename: ./Library/PackageCache/com.daniel-geo.unityhackatime@5ac210a9a2/Editor/Plugin.cs Line: 144)

Mono: successfully reloaded assembly
- Finished resetting the current domain, in  1.803 seconds
Domain Reload Profiling: 2404ms
	BeginReloadAssembly (216ms)
		ExecutionOrderSort (0ms)
		DisableScriptedObjects (6ms)
		BackupInstance (0ms)
		ReleaseScriptingObjects (0ms)
		CreateAndSetChildDomain (99ms)
	RebuildCommonClasses (27ms)
	RebuildNativeTypeToScriptingClass (8ms)
	initialDomainReloadingComplete (24ms)
	LoadAllAssembliesAndSetupDomain (325ms)
		LoadAssemblies (361ms)
		RebuildTransferFunctionScriptingTraits (0ms)
		AnalyzeDomain (51ms)
			TypeCache.Refresh (30ms)
				TypeCache.ScanAssembly (3ms)
			ScanForSourceGeneratedMonoScriptInfo (9ms)
			ResolveRequiredComponents (10ms)
	FinalizeReload (1804ms)
		ReleaseScriptCaches (0ms)
		RebuildScriptCaches (0ms)
		SetupLoadedEditorAssemblies (381ms)
			LogAssemblyErrors (0ms)
			InitializePlatformSupportModulesInManaged (7ms)
			SetLoadedEditorAssemblies (3ms)
			RefreshPlugins (0ms)
			BeforeProcessingInitializeOnLoad (41ms)
			ProcessInitializeOnLoadAttributes (319ms)
			ProcessInitializeOnLoadMethodAttributes (10ms)
			AfterProcessingInitializeOnLoad (1ms)
			EditorAssembliesLoaded (0ms)
		ExecutionOrderSort2 (0ms)
		AwakeInstancesAfterBackupRestoration (2ms)
Refreshing native plugins compatible for Editor in 2.24 ms, found 3 plugins.
Preloading 0 native plugins for Editor in 0.00 ms.
<HackaTime> Got response
{"id":2740779453,"user_id":61064,"branch":"main","category":"coding","dependencies":[],"editor":"unity","entity":"Unsaved Scene","language":"unity","machine":null,"operating_system":null,"project":"Duos","type":"file","user_agent":"unity-hackatime","line_additions":null,"line_deletions":null,"lineno":null,"lines":null,"cursorpos":null,"project_root_count":null,"time":1790985728.0,"is_write":false,"created_at":"2026-10-03T00:01:29.510Z","updated_at":"2026-10-03T00:01:29.510Z","fields_hash":"d60d07965cc276d162cc1869d4fffd97","source_type":"direct_entry","ip_address":"2001:8003:cc20:b000:d019:d93e:3ea5:ef8b","deleted_at":null,"ja4_id":41,"ai_model":null,"ai_session":null,"ai_subscription_plan":null,"ai_input_tokens":null,"ai_output_tokens":null,"ai_prompt_length":null,"ai_line_changes":null,"human_line_changes":null}
UnityEngine.StackTraceUtility:ExtractStackTrace () (at /Users/bokken/build/output/unity/unity/Runtime/Export/Scripting/StackTrace.cs:37)
UnityEngine.DebugLogHandler:LogFormat (UnityEngine.LogType,UnityEngine.Object,string,object[])
UnityEngine.Logger:Log (UnityEngine.LogType,object)
UnityEngine.Debug:Log (object)
WakaTime.Plugin/<SendHeartbeat>d__29:MoveNext () (at ./Library/PackageCache/com.daniel-geo.unityhackatime@5ac210a9a2/Editor/Plugin.cs:187)
System.Runtime.CompilerServices.AsyncMethodBuilderCore/MoveNextRunner:InvokeMoveNext (object)
System.Threading.ExecutionContext:RunInternal (System.Threading.ExecutionContext,System.Threading.ContextCallback,object,bool)
System.Threading.ExecutionContext:Run (System.Threading.ExecutionContext,System.Threading.ContextCallback,object,bool)
System.Runtime.CompilerServices.AsyncMethodBuilderCore/MoveNextRunner:Run ()
System.Threading.Tasks.AwaitTaskContinuation:InvokeAction (object)
System.Threading.Tasks.AwaitTaskContinuation:RunCallback (System.Threading.ContextCallback,object,System.Threading.Tasks.Task&)
System.Threading.Tasks.SynchronizationContextAwaitTaskContinuation:Run (System.Threading.Tasks.Task,bool)
System.Threading.Tasks.Task:FinishContinuations ()
System.Threading.Tasks.Task:FinishStageThree ()
System.Threading.Tasks.Task`1<bool>:TrySetResult (bool)
System.Threading.Tasks.TaskCompletionSource`1<bool>:TrySetResult (bool)
WakaTime.Plugin/<>c__DisplayClass29_0:<SendHeartbeat>b__0 (UnityEngine.AsyncOperation) (at ./Library/PackageCache/com.daniel-geo.unityhackatime@5ac210a9a2/Editor/Plugin.cs:176)
UnityEngine.AsyncOperation:InvokeCompletionEvent () (at /Users/bokken/build/output/unity/unity/Runtime/Export/Scripting/AsyncOperation.cs:21)

(Filename: ./Library/PackageCache/com.daniel-geo.unityhackatime@5ac210a9a2/Editor/Plugin.cs Line: 187)

<HackaTime> Sent heartbeat!
UnityEngine.StackTraceUtility:ExtractStackTrace () (at /Users/bokken/build/output/unity/unity/Runtime/Export/Scripting/StackTrace.cs:37)
UnityEngine.DebugLogHandler:LogFormat (UnityEngine.LogType,UnityEngine.Object,string,object[])
UnityEngine.Logger:Log (UnityEngine.LogType,object)
UnityEngine.Debug:Log (object)
WakaTime.Plugin/<SendHeartbeat>d__29:MoveNext () (at ./Library/PackageCache/com.daniel-geo.unityhackatime@5ac210a9a2/Editor/Plugin.cs:203)
System.Runtime.CompilerServices.AsyncMethodBuilderCore/MoveNextRunner:InvokeMoveNext (object)
System.Threading.ExecutionContext:RunInternal (System.Threading.ExecutionContext,System.Threading.ContextCallback,object,bool)
System.Threading.ExecutionContext:Run (System.Threading.ExecutionContext,System.Threading.ContextCallback,object,bool)
System.Runtime.CompilerServices.AsyncMethodBuilderCore/MoveNextRunner:Run ()
System.Threading.Tasks.AwaitTaskContinuation:InvokeAction (object)
System.Threading.Tasks.AwaitTaskContinuation:RunCallback (System.Threading.ContextCallback,object,System.Threading.Tasks.Task&)
System.Threading.Tasks.SynchronizationContextAwaitTaskContinuation:Run (System.Threading.Tasks.Task,bool)
System.Threading.Tasks.Task:FinishContinuations ()
System.Threading.Tasks.Task:FinishStageThree ()
System.Threading.Tasks.Task`1<bool>:TrySetResult (bool)
System.Threading.Tasks.TaskCompletionSource`1<bool>:TrySetResult (bool)
WakaTime.Plugin/<>c__DisplayClass29_0:<SendHeartbeat>b__0 (UnityEngine.AsyncOperation) (at ./Library/PackageCache/com.daniel-geo.unityhackatime@5ac210a9a2/Editor/Plugin.cs:176)
UnityEngine.AsyncOperation:InvokeCompletionEvent () (at /Users/bokken/build/output/unity/unity/Runtime/Export/Scripting/AsyncOperation.cs:21)

(Filename: ./Library/PackageCache/com.daniel-geo.unityhackatime@5ac210a9a2/Editor/Plugin.cs Line: 203)

Unloading 3686 Unused Serialized files (Serialized files now loaded: 0)
Unloading 47 unused Assets / (1.8 MB). Loaded Objects now: 4272.
Memory consumption went from 275.0 MB to 273.2 MB.
Total: 3.567250 ms (FindLiveObjects: 0.148125 ms CreateObjectMapping: 0.046875 ms MarkObjects: 3.142250 ms  DeleteObjects: 0.229083 ms)

Prepare: number of updated asset objects reloaded= 0
AssetImportParameters requested are different than current active one (requested -> active):
  custom:container-demuxer-ogg: 62fdf1f143b41e24485cea50d1cbac27 -> 
  custom:video-decoder-ogg-theora: a1e56fd34408186e4bbccfd4996cb3dc -> 
  custom:CustomObjectIndexerAttribute: 9a22284fe3817be447336de3de66b15e -> 
  custom:container-demuxer-webm: 4f35f7cbe854078d1ac9338744f61a02 -> 
  custom:container-muxer-webm: aa71ff27fc2769a1b78a27578f13a17b -> 
  custom:video-decoder-webm-vp8: 9c59270c3fd7afecdb556c50c9e8de78 -> 
  custom:SearchIndexIgnoredProperties: e643bd26f0fe6173181afceb89e7c659 -> 
  custom:AudioImporter_EditorPlatform: 3918e3fc78b5a79bad01e8451be0beb8 -> 
  custom:framework-osx-AVFoundation: e770b220cccbd017edd2c1fefb359320 -> 
  custom:video-encoder-webm-vp8: eb34c28f22e8b96e1ab97ce403110664 -> 
  custom:audio-decoder-ogg-vorbis: bf7c407c2cedff20999df2af8eb42d56 -> 
  custom:audio-encoder-webm-vorbis: bf7c407c2cedff20999df2af8eb42d56 -> 
========================================================================
Received Prepare
Begin MonoManager ReloadAssembly
Thread 0x16d83b000 may have been prematurely finalized
- Loaded All Assemblies, in  0.413 seconds
Refreshing native plugins compatible for Editor in 2.59 ms, found 3 plugins.
Native extension for OSXStandalone target not found
<HackaTime> Initializing...
UnityEngine.StackTraceUtility:ExtractStackTrace () (at /Users/bokken/build/output/unity/unity/Runtime/Export/Scripting/StackTrace.cs:37)
UnityEngine.DebugLogHandler:LogFormat (UnityEngine.LogType,UnityEngine.Object,string,object[])
UnityEngine.Logger:Log (UnityEngine.LogType,object)
UnityEngine.Debug:Log (object)
WakaTime.Plugin:Initialize () (at ./Library/PackageCache/com.daniel-geo.unityhackatime@5ac210a9a2/Editor/Plugin.cs:76)
WakaTime.Plugin:.cctor () (at ./Library/PackageCache/com.daniel-geo.unityhackatime@5ac210a9a2/Editor/Plugin.cs:41)
System.Runtime.CompilerServices.RuntimeHelpers:RunClassConstructor (System.RuntimeTypeHandle)
UnityEditor.EditorAssemblies:ProcessInitializeOnLoadAttributes (System.Type[]) (at /Users/bokken/build/output/unity/unity/Editor/Mono/EditorAssemblies.cs:119)

(Filename: ./Library/PackageCache/com.daniel-geo.unityhackatime@5ac210a9a2/Editor/Plugin.cs Line: 76)

<HackaTime> Sending heartbeat...
UnityEngine.StackTraceUtility:ExtractStackTrace () (at /Users/bokken/build/output/unity/unity/Runtime/Export/Scripting/StackTrace.cs:37)
UnityEngine.DebugLogHandler:LogFormat (UnityEngine.LogType,UnityEngine.Object,string,object[])
UnityEngine.Logger:Log (UnityEngine.LogType,object)
UnityEngine.Debug:Log (object)
WakaTime.Plugin/<SendHeartbeat>d__29:MoveNext () (at ./Library/PackageCache/com.daniel-geo.unityhackatime@5ac210a9a2/Editor/Plugin.cs:144)
System.Runtime.CompilerServices.AsyncVoidMethodBuilder:Start<WakaTime.Plugin/<SendHeartbeat>d__29> (WakaTime.Plugin/<SendHeartbeat>d__29&)
WakaTime.Plugin:SendHeartbeat (bool)
WakaTime.Plugin:Initialize () (at ./Library/PackageCache/com.daniel-geo.unityhackatime@5ac210a9a2/Editor/Plugin.cs:78)
WakaTime.Plugin:.cctor () (at ./Library/PackageCache/com.daniel-geo.unityhackatime@5ac210a9a2/Editor/Plugin.cs:41)
System.Runtime.CompilerServices.RuntimeHelpers:RunClassConstructor (System.RuntimeTypeHandle)
UnityEditor.EditorAssemblies:ProcessInitializeOnLoadAttributes (System.Type[]) (at /Users/bokken/build/output/unity/unity/Editor/Mono/EditorAssemblies.cs:119)

(Filename: ./Library/PackageCache/com.daniel-geo.unityhackatime@5ac210a9a2/Editor/Plugin.cs Line: 144)

Mono: successfully reloaded assembly
- Finished resetting the current domain, in  1.323 seconds
Domain Reload Profiling: 1737ms
	BeginReloadAssembly (141ms)
		ExecutionOrderSort (0ms)
		DisableScriptedObjects (4ms)
		BackupInstance (0ms)
		ReleaseScriptingObjects (0ms)
		CreateAndSetChildDomain (53ms)
	RebuildCommonClasses (24ms)
	RebuildNativeTypeToScriptingClass (8ms)
	initialDomainReloadingComplete (18ms)
	LoadAllAssembliesAndSetupDomain (221ms)
		LoadAssemblies (257ms)
		RebuildTransferFunctionScriptingTraits (0ms)
		AnalyzeDomain (20ms)
			TypeCache.Refresh (10ms)
				TypeCache.ScanAssembly (1ms)
			ScanForSourceGeneratedMonoScriptInfo (5ms)
			ResolveRequiredComponents (4ms)
	FinalizeReload (1323ms)
		ReleaseScriptCaches (0ms)
		RebuildScriptCaches (0ms)
		SetupLoadedEditorAssemblies (353ms)
			LogAssemblyErrors (0ms)
			InitializePlatformSupportModulesInManaged (3ms)
			SetLoadedEditorAssemblies (2ms)
			RefreshPlugins (0ms)
			BeforeProcessingInitializeOnLoad (35ms)
			ProcessInitializeOnLoadAttributes (301ms)
			ProcessInitializeOnLoadMethodAttributes (11ms)
			AfterProcessingInitializeOnLoad (1ms)
			EditorAssembliesLoaded (0ms)
		ExecutionOrderSort2 (0ms)
		AwakeInstancesAfterBackupRestoration (2ms)
Refreshing native plugins compatible for Editor in 2.24 ms, found 3 plugins.
Preloading 0 native plugins for Editor in 0.00 ms.
<HackaTime> Got response
{"id":2740779453,"user_id":61064,"branch":"main","category":"coding","dependencies":[],"editor":"unity","entity":"Unsaved Scene","language":"unity","machine":null,"operating_system":null,"project":"Duos","type":"file","user_agent":"unity-hackatime","line_additions":null,"line_deletions":null,"lineno":null,"lines":null,"cursorpos":null,"project_root_count":null,"time":1790985728.0,"is_write":false,"created_at":"2026-10-03T00:01:29.510Z","updated_at":"2026-10-03T00:01:29.510Z","fields_hash":"d60d07965cc276d162cc1869d4fffd97","source_type":"direct_entry","ip_address":"2001:8003:cc20:b000:d019:d93e:3ea5:ef8b","deleted_at":null,"ja4_id":41,"ai_model":null,"ai_session":null,"ai_subscription_plan":null,"ai_input_tokens":null,"ai_output_tokens":null,"ai_prompt_length":null,"ai_line_changes":null,"human_line_changes":null}
UnityEngine.StackTraceUtility:ExtractStackTrace () (at /Users/bokken/build/output/unity/unity/Runtime/Export/Scripting/StackTrace.cs:37)
UnityEngine.DebugLogHandler:LogFormat (UnityEngine.LogType,UnityEngine.Object,string,object[])
UnityEngine.Logger:Log (UnityEngine.LogType,object)
UnityEngine.Debug:Log (object)
WakaTime.Plugin/<SendHeartbeat>d__29:MoveNext () (at ./Library/PackageCache/com.daniel-geo.unityhackatime@5ac210a9a2/Editor/Plugin.cs:187)
System.Runtime.CompilerServices.AsyncMethodBuilderCore/MoveNextRunner:InvokeMoveNext (object)
System.Threading.ExecutionContext:RunInternal (System.Threading.ExecutionContext,System.Threading.ContextCallback,object,bool)
System.Threading.ExecutionContext:Run (System.Threading.ExecutionContext,System.Threading.ContextCallback,object,bool)
System.Runtime.CompilerServices.AsyncMethodBuilderCore/MoveNextRunner:Run ()
System.Threading.Tasks.AwaitTaskContinuation:InvokeAction (object)
System.Threading.Tasks.AwaitTaskContinuation:RunCallback (System.Threading.ContextCallback,object,System.Threading.Tasks.Task&)
System.Threading.Tasks.SynchronizationContextAwaitTaskContinuation:Run (System.Threading.Tasks.Task,bool)
System.Threading.Tasks.Task:FinishContinuations ()
System.Threading.Tasks.Task:FinishStageThree ()
System.Threading.Tasks.Task`1<bool>:TrySetResult (bool)
System.Threading.Tasks.TaskCompletionSource`1<bool>:TrySetResult (bool)
WakaTime.Plugin/<>c__DisplayClass29_0:<SendHeartbeat>b__0 (UnityEngine.AsyncOperation) (at ./Library/PackageCache/com.daniel-geo.unityhackatime@5ac210a9a2/Editor/Plugin.cs:176)
UnityEngine.AsyncOperation:InvokeCompletionEvent () (at /Users/bokken/build/output/unity/unity/Runtime/Export/Scripting/AsyncOperation.cs:21)

(Filename: ./Library/PackageCache/com.daniel-geo.unityhackatime@5ac210a9a2/Editor/Plugin.cs Line: 187)

<HackaTime> Sent heartbeat!
UnityEngine.StackTraceUtility:ExtractStackTrace () (at /Users/bokken/build/output/unity/unity/Runtime/Export/Scripting/StackTrace.cs:37)
UnityEngine.DebugLogHandler:LogFormat (UnityEngine.LogType,UnityEngine.Object,string,object[])
UnityEngine.Logger:Log (UnityEngine.LogType,object)
UnityEngine.Debug:Log (object)
WakaTime.Plugin/<SendHeartbeat>d__29:MoveNext () (at ./Library/PackageCache/com.daniel-geo.unityhackatime@5ac210a9a2/Editor/Plugin.cs:203)
System.Runtime.CompilerServices.AsyncMethodBuilderCore/MoveNextRunner:InvokeMoveNext (object)
System.Threading.ExecutionContext:RunInternal (System.Threading.ExecutionContext,System.Threading.ContextCallback,object,bool)
System.Threading.ExecutionContext:Run (System.Threading.ExecutionContext,System.Threading.ContextCallback,object,bool)
System.Runtime.CompilerServices.AsyncMethodBuilderCore/MoveNextRunner:Run ()
System.Threading.Tasks.AwaitTaskContinuation:InvokeAction (object)
System.Threading.Tasks.AwaitTaskContinuation:RunCallback (System.Threading.ContextCallback,object,System.Threading.Tasks.Task&)
System.Threading.Tasks.SynchronizationContextAwaitTaskContinuation:Run (System.Threading.Tasks.Task,bool)
System.Threading.Tasks.Task:FinishContinuations ()
System.Threading.Tasks.Task:FinishStageThree ()
System.Threading.Tasks.Task`1<bool>:TrySetResult (bool)
System.Threading.Tasks.TaskCompletionSource`1<bool>:TrySetResult (bool)
WakaTime.Plugin/<>c__DisplayClass29_0:<SendHeartbeat>b__0 (UnityEngine.AsyncOperation) (at ./Library/PackageCache/com.daniel-geo.unityhackatime@5ac210a9a2/Editor/Plugin.cs:176)
UnityEngine.AsyncOperation:InvokeCompletionEvent () (at /Users/bokken/build/output/unity/unity/Runtime/Export/Scripting/AsyncOperation.cs:21)

(Filename: ./Library/PackageCache/com.daniel-geo.unityhackatime@5ac210a9a2/Editor/Plugin.cs Line: 203)

Unloading 3686 Unused Serialized files (Serialized files now loaded: 0)
Unloading 47 unused Assets / (1.8 MB). Loaded Objects now: 4276.
Memory consumption went from 282.1 MB to 280.4 MB.
Total: 4.246625 ms (FindLiveObjects: 0.173875 ms CreateObjectMapping: 0.048291 ms MarkObjects: 3.667792 ms  DeleteObjects: 0.356166 ms)

Prepare: number of updated asset objects reloaded= 0
AssetImportParameters requested are different than current active one (requested -> active):
  custom:container-demuxer-ogg: 62fdf1f143b41e24485cea50d1cbac27 -> 
  custom:video-decoder-ogg-theora: a1e56fd34408186e4bbccfd4996cb3dc -> 
  custom:CustomObjectIndexerAttribute: 9a22284fe3817be447336de3de66b15e -> 
  custom:container-demuxer-webm: 4f35f7cbe854078d1ac9338744f61a02 -> 
  custom:container-muxer-webm: aa71ff27fc2769a1b78a27578f13a17b -> 
  custom:video-decoder-webm-vp8: 9c59270c3fd7afecdb556c50c9e8de78 -> 
  custom:SearchIndexIgnoredProperties: e643bd26f0fe6173181afceb89e7c659 -> 
  custom:AudioImporter_EditorPlatform: 3918e3fc78b5a79bad01e8451be0beb8 -> 
  custom:framework-osx-AVFoundation: e770b220cccbd017edd2c1fefb359320 -> 
  custom:video-encoder-webm-vp8: eb34c28f22e8b96e1ab97ce403110664 -> 
  custom:audio-decoder-ogg-vorbis: bf7c407c2cedff20999df2af8eb42d56 -> 
  custom:audio-encoder-webm-vorbis: bf7c407c2cedff20999df2af8eb42d56 -> 
========================================================================
Received Prepare
Begin MonoManager ReloadAssembly
Thread 0x16d83b000 may have been prematurely finalized
- Loaded All Assemblies, in  0.380 seconds
Refreshing native plugins compatible for Editor in 1.70 ms, found 3 plugins.
Native extension for OSXStandalone target not found
<HackaTime> Initializing...
UnityEngine.StackTraceUtility:ExtractStackTrace () (at /Users/bokken/build/output/unity/unity/Runtime/Export/Scripting/StackTrace.cs:37)
UnityEngine.DebugLogHandler:LogFormat (UnityEngine.LogType,UnityEngine.Object,string,object[])
UnityEngine.Logger:Log (UnityEngine.LogType,object)
UnityEngine.Debug:Log (object)
WakaTime.Plugin:Initialize () (at ./Library/PackageCache/com.daniel-geo.unityhackatime@5ac210a9a2/Editor/Plugin.cs:76)
WakaTime.Plugin:.cctor () (at ./Library/PackageCache/com.daniel-geo.unityhackatime@5ac210a9a2/Editor/Plugin.cs:41)
System.Runtime.CompilerServices.RuntimeHelpers:RunClassConstructor (System.RuntimeTypeHandle)
UnityEditor.EditorAssemblies:ProcessInitializeOnLoadAttributes (System.Type[]) (at /Users/bokken/build/output/unity/unity/Editor/Mono/EditorAssemblies.cs:119)

(Filename: ./Library/PackageCache/com.daniel-geo.unityhackatime@5ac210a9a2/Editor/Plugin.cs Line: 76)

<HackaTime> Sending heartbeat...
UnityEngine.StackTraceUtility:ExtractStackTrace () (at /Users/bokken/build/output/unity/unity/Runtime/Export/Scripting/StackTrace.cs:37)
UnityEngine.DebugLogHandler:LogFormat (UnityEngine.LogType,UnityEngine.Object,string,object[])
UnityEngine.Logger:Log (UnityEngine.LogType,object)
UnityEngine.Debug:Log (object)
WakaTime.Plugin/<SendHeartbeat>d__29:MoveNext () (at ./Library/PackageCache/com.daniel-geo.unityhackatime@5ac210a9a2/Editor/Plugin.cs:144)
System.Runtime.CompilerServices.AsyncVoidMethodBuilder:Start<WakaTime.Plugin/<SendHeartbeat>d__29> (WakaTime.Plugin/<SendHeartbeat>d__29&)
WakaTime.Plugin:SendHeartbeat (bool)
WakaTime.Plugin:Initialize () (at ./Library/PackageCache/com.daniel-geo.unityhackatime@5ac210a9a2/Editor/Plugin.cs:78)
WakaTime.Plugin:.cctor () (at ./Library/PackageCache/com.daniel-geo.unityhackatime@5ac210a9a2/Editor/Plugin.cs:41)
System.Runtime.CompilerServices.RuntimeHelpers:RunClassConstructor (System.RuntimeTypeHandle)
UnityEditor.EditorAssemblies:ProcessInitializeOnLoadAttributes (System.Type[]) (at /Users/bokken/build/output/unity/unity/Editor/Mono/EditorAssemblies.cs:119)

(Filename: ./Library/PackageCache/com.daniel-geo.unityhackatime@5ac210a9a2/Editor/Plugin.cs Line: 144)

Mono: successfully reloaded assembly
- Finished resetting the current domain, in  0.653 seconds
Domain Reload Profiling: 1033ms
	BeginReloadAssembly (131ms)
		ExecutionOrderSort (0ms)
		DisableScriptedObjects (4ms)
		BackupInstance (0ms)
		ReleaseScriptingObjects (0ms)
		CreateAndSetChildDomain (45ms)
	RebuildCommonClasses (24ms)
	RebuildNativeTypeToScriptingClass (8ms)
	initialDomainReloadingComplete (27ms)
	LoadAllAssembliesAndSetupDomain (190ms)
		LoadAssemblies (224ms)
		RebuildTransferFunctionScriptingTraits (0ms)
		AnalyzeDomain (17ms)
			TypeCache.Refresh (11ms)
				TypeCache.ScanAssembly (0ms)
			ScanForSourceGeneratedMonoScriptInfo (0ms)
			ResolveRequiredComponents (5ms)
	FinalizeReload (653ms)
		ReleaseScriptCaches (0ms)
		RebuildScriptCaches (0ms)
		SetupLoadedEditorAssemblies (394ms)
			LogAssemblyErrors (0ms)
			InitializePlatformSupportModulesInManaged (3ms)
			SetLoadedEditorAssemblies (2ms)
			RefreshPlugins (0ms)
			BeforeProcessingInitializeOnLoad (36ms)
			ProcessInitializeOnLoadAttributes (341ms)
			ProcessInitializeOnLoadMethodAttributes (11ms)
			AfterProcessingInitializeOnLoad (1ms)
			EditorAssembliesLoaded (1ms)
		ExecutionOrderSort2 (0ms)
		AwakeInstancesAfterBackupRestoration (4ms)
Refreshing native plugins compatible for Editor in 3.04 ms, found 3 plugins.
Preloading 0 native plugins for Editor in 0.00 ms.
<HackaTime> Got response
{"id":2740779453,"user_id":61064,"branch":"main","category":"coding","dependencies":[],"editor":"unity","entity":"Unsaved Scene","language":"unity","machine":null,"operating_system":null,"project":"Duos","type":"file","user_agent":"unity-hackatime","line_additions":null,"line_deletions":null,"lineno":null,"lines":null,"cursorpos":null,"project_root_count":null,"time":1790985728.0,"is_write":false,"created_at":"2026-10-03T00:01:29.510Z","updated_at":"2026-10-03T00:01:29.510Z","fields_hash":"d60d07965cc276d162cc1869d4fffd97","source_type":"direct_entry","ip_address":"2001:8003:cc20:b000:d019:d93e:3ea5:ef8b","deleted_at":null,"ja4_id":41,"ai_model":null,"ai_session":null,"ai_subscription_plan":null,"ai_input_tokens":null,"ai_output_tokens":null,"ai_prompt_length":null,"ai_line_changes":null,"human_line_changes":null}
UnityEngine.StackTraceUtility:ExtractStackTrace () (at /Users/bokken/build/output/unity/unity/Runtime/Export/Scripting/StackTrace.cs:37)
UnityEngine.DebugLogHandler:LogFormat (UnityEngine.LogType,UnityEngine.Object,string,object[])
UnityEngine.Logger:Log (UnityEngine.LogType,object)
UnityEngine.Debug:Log (object)
WakaTime.Plugin/<SendHeartbeat>d__29:MoveNext () (at ./Library/PackageCache/com.daniel-geo.unityhackatime@5ac210a9a2/Editor/Plugin.cs:187)
System.Runtime.CompilerServices.AsyncMethodBuilderCore/MoveNextRunner:InvokeMoveNext (object)
System.Threading.ExecutionContext:RunInternal (System.Threading.ExecutionContext,System.Threading.ContextCallback,object,bool)
System.Threading.ExecutionContext:Run (System.Threading.ExecutionContext,System.Threading.ContextCallback,object,bool)
System.Runtime.CompilerServices.AsyncMethodBuilderCore/MoveNextRunner:Run ()
System.Threading.Tasks.AwaitTaskContinuation:InvokeAction (object)
System.Threading.Tasks.AwaitTaskContinuation:RunCallback (System.Threading.ContextCallback,object,System.Threading.Tasks.Task&)
System.Threading.Tasks.SynchronizationContextAwaitTaskContinuation:Run (System.Threading.Tasks.Task,bool)
System.Threading.Tasks.Task:FinishContinuations ()
System.Threading.Tasks.Task:FinishStageThree ()
System.Threading.Tasks.Task`1<bool>:TrySetResult (bool)
System.Threading.Tasks.TaskCompletionSource`1<bool>:TrySetResult (bool)
WakaTime.Plugin/<>c__DisplayClass29_0:<SendHeartbeat>b__0 (UnityEngine.AsyncOperation) (at ./Library/PackageCache/com.daniel-geo.unityhackatime@5ac210a9a2/Editor/Plugin.cs:176)
UnityEngine.AsyncOperation:InvokeCompletionEvent () (at /Users/bokken/build/output/unity/unity/Runtime/Export/Scripting/AsyncOperation.cs:21)

(Filename: ./Library/PackageCache/com.daniel-geo.unityhackatime@5ac210a9a2/Editor/Plugin.cs Line: 187)

<HackaTime> Sent heartbeat!
UnityEngine.StackTraceUtility:ExtractStackTrace () (at /Users/bokken/build/output/unity/unity/Runtime/Export/Scripting/StackTrace.cs:37)
UnityEngine.DebugLogHandler:LogFormat (UnityEngine.LogType,UnityEngine.Object,string,object[])
UnityEngine.Logger:Log (UnityEngine.LogType,object)
UnityEngine.Debug:Log (object)
WakaTime.Plugin/<SendHeartbeat>d__29:MoveNext () (at ./Library/PackageCache/com.daniel-geo.unityhackatime@5ac210a9a2/Editor/Plugin.cs:203)
System.Runtime.CompilerServices.AsyncMethodBuilderCore/MoveNextRunner:InvokeMoveNext (object)
System.Threading.ExecutionContext:RunInternal (System.Threading.ExecutionContext,System.Threading.ContextCallback,object,bool)
System.Threading.ExecutionContext:Run (System.Threading.ExecutionContext,System.Threading.ContextCallback,object,bool)
System.Runtime.CompilerServices.AsyncMethodBuilderCore/MoveNextRunner:Run ()
System.Threading.Tasks.AwaitTaskContinuation:InvokeAction (object)
System.Threading.Tasks.AwaitTaskContinuation:RunCallback (System.Threading.ContextCallback,object,System.Threading.Tasks.Task&)
System.Threading.Tasks.SynchronizationContextAwaitTaskContinuation:Run (System.Threading.Tasks.Task,bool)
System.Threading.Tasks.Task:FinishContinuations ()
System.Threading.Tasks.Task:FinishStageThree ()
System.Threading.Tasks.Task`1<bool>:TrySetResult (bool)
System.Threading.Tasks.TaskCompletionSource`1<bool>:TrySetResult (bool)
WakaTime.Plugin/<>c__DisplayClass29_0:<SendHeartbeat>b__0 (UnityEngine.AsyncOperation) (at ./Library/PackageCache/com.daniel-geo.unityhackatime@5ac210a9a2/Editor/Plugin.cs:176)
UnityEngine.AsyncOperation:InvokeCompletionEvent () (at /Users/bokken/build/output/unity/unity/Runtime/Export/Scripting/AsyncOperation.cs:21)

(Filename: ./Library/PackageCache/com.daniel-geo.unityhackatime@5ac210a9a2/Editor/Plugin.cs Line: 203)

Unloading 3686 Unused Serialized files (Serialized files now loaded: 0)
Unloading 47 unused Assets / (1.8 MB). Loaded Objects now: 4280.
Memory consumption went from 289.3 MB to 287.5 MB.
Total: 7.536375 ms (FindLiveObjects: 0.229500 ms CreateObjectMapping: 0.047500 ms MarkObjects: 6.874667 ms  DeleteObjects: 0.383625 ms)

Prepare: number of updated asset objects reloaded= 0
AssetImportParameters requested are different than current active one (requested -> active):
  custom:container-demuxer-ogg: 62fdf1f143b41e24485cea50d1cbac27 -> 
  custom:video-decoder-ogg-theora: a1e56fd34408186e4bbccfd4996cb3dc -> 
  custom:CustomObjectIndexerAttribute: 9a22284fe3817be447336de3de66b15e -> 
  custom:container-demuxer-webm: 4f35f7cbe854078d1ac9338744f61a02 -> 
  custom:container-muxer-webm: aa71ff27fc2769a1b78a27578f13a17b -> 
  custom:video-decoder-webm-vp8: 9c59270c3fd7afecdb556c50c9e8de78 -> 
  custom:SearchIndexIgnoredProperties: e643bd26f0fe6173181afceb89e7c659 -> 
  custom:AudioImporter_EditorPlatform: 3918e3fc78b5a79bad01e8451be0beb8 -> 
  custom:framework-osx-AVFoundation: e770b220cccbd017edd2c1fefb359320 -> 
  custom:video-encoder-webm-vp8: eb34c28f22e8b96e1ab97ce403110664 -> 
  custom:audio-decoder-ogg-vorbis: bf7c407c2cedff20999df2af8eb42d56 -> 
  custom:audio-encoder-webm-vorbis: bf7c407c2cedff20999df2af8eb42d56 -> 
========================================================================
Received Prepare
Begin MonoManager ReloadAssembly
Thread 0x16d83b000 may have been prematurely finalized
- Loaded All Assemblies, in  0.717 seconds
Refreshing native plugins compatible for Editor in 2.06 ms, found 3 plugins.
Native extension for OSXStandalone target not found
<HackaTime> Initializing...
UnityEngine.StackTraceUtility:ExtractStackTrace () (at /Users/bokken/build/output/unity/unity/Runtime/Export/Scripting/StackTrace.cs:37)
UnityEngine.DebugLogHandler:LogFormat (UnityEngine.LogType,UnityEngine.Object,string,object[])
UnityEngine.Logger:Log (UnityEngine.LogType,object)
UnityEngine.Debug:Log (object)
WakaTime.Plugin:Initialize () (at ./Library/PackageCache/com.daniel-geo.unityhackatime@5ac210a9a2/Editor/Plugin.cs:76)
WakaTime.Plugin:.cctor () (at ./Library/PackageCache/com.daniel-geo.unityhackatime@5ac210a9a2/Editor/Plugin.cs:41)
System.Runtime.CompilerServices.RuntimeHelpers:RunClassConstructor (System.RuntimeTypeHandle)
UnityEditor.EditorAssemblies:ProcessInitializeOnLoadAttributes (System.Type[]) (at /Users/bokken/build/output/unity/unity/Editor/Mono/EditorAssemblies.cs:119)

(Filename: ./Library/PackageCache/com.daniel-geo.unityhackatime@5ac210a9a2/Editor/Plugin.cs Line: 76)

<HackaTime> Sending heartbeat...
UnityEngine.StackTraceUtility:ExtractStackTrace () (at /Users/bokken/build/output/unity/unity/Runtime/Export/Scripting/StackTrace.cs:37)
UnityEngine.DebugLogHandler:LogFormat (UnityEngine.LogType,UnityEngine.Object,string,object[])
UnityEngine.Logger:Log (UnityEngine.LogType,object)
UnityEngine.Debug:Log (object)
WakaTime.Plugin/<SendHeartbeat>d__29:MoveNext () (at ./Library/PackageCache/com.daniel-geo.unityhackatime@5ac210a9a2/Editor/Plugin.cs:144)
System.Runtime.CompilerServices.AsyncVoidMethodBuilder:Start<WakaTime.Plugin/<SendHeartbeat>d__29> (WakaTime.Plugin/<SendHeartbeat>d__29&)
WakaTime.Plugin:SendHeartbeat (bool)
WakaTime.Plugin:Initialize () (at ./Library/PackageCache/com.daniel-geo.unityhackatime@5ac210a9a2/Editor/Plugin.cs:78)
WakaTime.Plugin:.cctor () (at ./Library/PackageCache/com.daniel-geo.unityhackatime@5ac210a9a2/Editor/Plugin.cs:41)
System.Runtime.CompilerServices.RuntimeHelpers:RunClassConstructor (System.RuntimeTypeHandle)
UnityEditor.EditorAssemblies:ProcessInitializeOnLoadAttributes (System.Type[]) (at /Users/bokken/build/output/unity/unity/Editor/Mono/EditorAssemblies.cs:119)

(Filename: ./Library/PackageCache/com.daniel-geo.unityhackatime@5ac210a9a2/Editor/Plugin.cs Line: 144)

Mono: successfully reloaded assembly
- Finished resetting the current domain, in  1.354 seconds
Domain Reload Profiling: 2072ms
	BeginReloadAssembly (349ms)
		ExecutionOrderSort (0ms)
		DisableScriptedObjects (4ms)
		BackupInstance (0ms)
		ReleaseScriptingObjects (0ms)
		CreateAndSetChildDomain (149ms)
	RebuildCommonClasses (35ms)
	RebuildNativeTypeToScriptingClass (10ms)
	initialDomainReloadingComplete (19ms)
	LoadAllAssembliesAndSetupDomain (304ms)
		LoadAssemblies (418ms)
		RebuildTransferFunctionScriptingTraits (0ms)
		AnalyzeDomain (40ms)
			TypeCache.Refresh (26ms)
				TypeCache.ScanAssembly (1ms)
			ScanForSourceGeneratedMonoScriptInfo (8ms)
			ResolveRequiredComponents (5ms)
	FinalizeReload (1354ms)
		ReleaseScriptCaches (0ms)
		RebuildScriptCaches (0ms)
		SetupLoadedEditorAssemblies (383ms)
			LogAssemblyErrors (0ms)
			InitializePlatformSupportModulesInManaged (6ms)
			SetLoadedEditorAssemblies (3ms)
			RefreshPlugins (0ms)
			BeforeProcessingInitializeOnLoad (37ms)
			ProcessInitializeOnLoadAttributes (322ms)
			ProcessInitializeOnLoadMethodAttributes (15ms)
			AfterProcessingInitializeOnLoad (1ms)
			EditorAssembliesLoaded (0ms)
		ExecutionOrderSort2 (0ms)
		AwakeInstancesAfterBackupRestoration (3ms)
Refreshing native plugins compatible for Editor in 2.76 ms, found 3 plugins.
Preloading 0 native plugins for Editor in 0.00 ms.
<HackaTime> Got response
{"id":2740779453,"user_id":61064,"branch":"main","category":"coding","dependencies":[],"editor":"unity","entity":"Unsaved Scene","language":"unity","machine":null,"operating_system":null,"project":"Duos","type":"file","user_agent":"unity-hackatime","line_additions":null,"line_deletions":null,"lineno":null,"lines":null,"cursorpos":null,"project_root_count":null,"time":1790985728.0,"is_write":false,"created_at":"2026-10-03T00:01:29.510Z","updated_at":"2026-10-03T00:01:29.510Z","fields_hash":"d60d07965cc276d162cc1869d4fffd97","source_type":"direct_entry","ip_address":"2001:8003:cc20:b000:d019:d93e:3ea5:ef8b","deleted_at":null,"ja4_id":41,"ai_model":null,"ai_session":null,"ai_subscription_plan":null,"ai_input_tokens":null,"ai_output_tokens":null,"ai_prompt_length":null,"ai_line_changes":null,"human_line_changes":null}
UnityEngine.StackTraceUtility:ExtractStackTrace () (at /Users/bokken/build/output/unity/unity/Runtime/Export/Scripting/StackTrace.cs:37)
UnityEngine.DebugLogHandler:LogFormat (UnityEngine.LogType,UnityEngine.Object,string,object[])
UnityEngine.Logger:Log (UnityEngine.LogType,object)
UnityEngine.Debug:Log (object)
WakaTime.Plugin/<SendHeartbeat>d__29:MoveNext () (at ./Library/PackageCache/com.daniel-geo.unityhackatime@5ac210a9a2/Editor/Plugin.cs:187)
System.Runtime.CompilerServices.AsyncMethodBuilderCore/MoveNextRunner:InvokeMoveNext (object)
System.Threading.ExecutionContext:RunInternal (System.Threading.ExecutionContext,System.Threading.ContextCallback,object,bool)
System.Threading.ExecutionContext:Run (System.Threading.ExecutionContext,System.Threading.ContextCallback,object,bool)
System.Runtime.CompilerServices.AsyncMethodBuilderCore/MoveNextRunner:Run ()
System.Threading.Tasks.AwaitTaskContinuation:InvokeAction (object)
System.Threading.Tasks.AwaitTaskContinuation:RunCallback (System.Threading.ContextCallback,object,System.Threading.Tasks.Task&)
System.Threading.Tasks.SynchronizationContextAwaitTaskContinuation:Run (System.Threading.Tasks.Task,bool)
System.Threading.Tasks.Task:FinishContinuations ()
System.Threading.Tasks.Task:FinishStageThree ()
System.Threading.Tasks.Task`1<bool>:TrySetResult (bool)
System.Threading.Tasks.TaskCompletionSource`1<bool>:TrySetResult (bool)
WakaTime.Plugin/<>c__DisplayClass29_0:<SendHeartbeat>b__0 (UnityEngine.AsyncOperation) (at ./Library/PackageCache/com.daniel-geo.unityhackatime@5ac210a9a2/Editor/Plugin.cs:176)
UnityEngine.AsyncOperation:InvokeCompletionEvent () (at /Users/bokken/build/output/unity/unity/Runtime/Export/Scripting/AsyncOperation.cs:21)

(Filename: ./Library/PackageCache/com.daniel-geo.unityhackatime@5ac210a9a2/Editor/Plugin.cs Line: 187)

<HackaTime> Sent heartbeat!
UnityEngine.StackTraceUtility:ExtractStackTrace () (at /Users/bokken/build/output/unity/unity/Runtime/Export/Scripting/StackTrace.cs:37)
UnityEngine.DebugLogHandler:LogFormat (UnityEngine.LogType,UnityEngine.Object,string,object[])
UnityEngine.Logger:Log (UnityEngine.LogType,object)
UnityEngine.Debug:Log (object)
WakaTime.Plugin/<SendHeartbeat>d__29:MoveNext () (at ./Library/PackageCache/com.daniel-geo.unityhackatime@5ac210a9a2/Editor/Plugin.cs:203)
System.Runtime.CompilerServices.AsyncMethodBuilderCore/MoveNextRunner:InvokeMoveNext (object)
System.Threading.ExecutionContext:RunInternal (System.Threading.ExecutionContext,System.Threading.ContextCallback,object,bool)
System.Threading.ExecutionContext:Run (System.Threading.ExecutionContext,System.Threading.ContextCallback,object,bool)
System.Runtime.CompilerServices.AsyncMethodBuilderCore/MoveNextRunner:Run ()
System.Threading.Tasks.AwaitTaskContinuation:InvokeAction (object)
System.Threading.Tasks.AwaitTaskContinuation:RunCallback (System.Threading.ContextCallback,object,System.Threading.Tasks.Task&)
System.Threading.Tasks.SynchronizationContextAwaitTaskContinuation:Run (System.Threading.Tasks.Task,bool)
System.Threading.Tasks.Task:FinishContinuations ()
System.Threading.Tasks.Task:FinishStageThree ()
System.Threading.Tasks.Task`1<bool>:TrySetResult (bool)
System.Threading.Tasks.TaskCompletionSource`1<bool>:TrySetResult (bool)
WakaTime.Plugin/<>c__DisplayClass29_0:<SendHeartbeat>b__0 (UnityEngine.AsyncOperation) (at ./Library/PackageCache/com.daniel-geo.unityhackatime@5ac210a9a2/Editor/Plugin.cs:176)
UnityEngine.AsyncOperation:InvokeCompletionEvent () (at /Users/bokken/build/output/unity/unity/Runtime/Export/Scripting/AsyncOperation.cs:21)

(Filename: ./Library/PackageCache/com.daniel-geo.unityhackatime@5ac210a9a2/Editor/Plugin.cs Line: 203)

Unloading 3686 Unused Serialized files (Serialized files now loaded: 0)
Unloading 47 unused Assets / (1.8 MB). Loaded Objects now: 4284.
Memory consumption went from 296.5 MB to 294.7 MB.
Total: 4.409750 ms (FindLiveObjects: 0.258042 ms CreateObjectMapping: 0.051875 ms MarkObjects: 3.813417 ms  DeleteObjects: 0.285708 ms)

Prepare: number of updated asset objects reloaded= 0
AssetImportParameters requested are different than current active one (requested -> active):
  custom:container-demuxer-ogg: 62fdf1f143b41e24485cea50d1cbac27 -> 
  custom:video-decoder-ogg-theora: a1e56fd34408186e4bbccfd4996cb3dc -> 
  custom:CustomObjectIndexerAttribute: 9a22284fe3817be447336de3de66b15e -> 
  custom:container-demuxer-webm: 4f35f7cbe854078d1ac9338744f61a02 -> 
  custom:container-muxer-webm: aa71ff27fc2769a1b78a27578f13a17b -> 
  custom:video-decoder-webm-vp8: 9c59270c3fd7afecdb556c50c9e8de78 -> 
  custom:SearchIndexIgnoredProperties: e643bd26f0fe6173181afceb89e7c659 -> 
  custom:AudioImporter_EditorPlatform: 3918e3fc78b5a79bad01e8451be0beb8 -> 
  custom:framework-osx-AVFoundation: e770b220cccbd017edd2c1fefb359320 -> 
  custom:video-encoder-webm-vp8: eb34c28f22e8b96e1ab97ce403110664 -> 
  custom:audio-decoder-ogg-vorbis: bf7c407c2cedff20999df2af8eb42d56 -> 
  custom:audio-encoder-webm-vorbis: bf7c407c2cedff20999df2af8eb42d56 -> 
========================================================================
Received Prepare
Begin MonoManager ReloadAssembly
Thread 0x16d83b000 may have been prematurely finalized
- Loaded All Assemblies, in  0.455 seconds
Refreshing native plugins compatible for Editor in 2.04 ms, found 3 plugins.
Native extension for OSXStandalone target not found
<HackaTime> Initializing...
UnityEngine.StackTraceUtility:ExtractStackTrace () (at /Users/bokken/build/output/unity/unity/Runtime/Export/Scripting/StackTrace.cs:37)
UnityEngine.DebugLogHandler:LogFormat (UnityEngine.LogType,UnityEngine.Object,string,object[])
UnityEngine.Logger:Log (UnityEngine.LogType,object)
UnityEngine.Debug:Log (object)
WakaTime.Plugin:Initialize () (at ./Library/PackageCache/com.daniel-geo.unityhackatime@5ac210a9a2/Editor/Plugin.cs:76)
WakaTime.Plugin:.cctor () (at ./Library/PackageCache/com.daniel-geo.unityhackatime@5ac210a9a2/Editor/Plugin.cs:41)
System.Runtime.CompilerServices.RuntimeHelpers:RunClassConstructor (System.RuntimeTypeHandle)
UnityEditor.EditorAssemblies:ProcessInitializeOnLoadAttributes (System.Type[]) (at /Users/bokken/build/output/unity/unity/Editor/Mono/EditorAssemblies.cs:119)

(Filename: ./Library/PackageCache/com.daniel-geo.unityhackatime@5ac210a9a2/Editor/Plugin.cs Line: 76)

<HackaTime> Sending heartbeat...
UnityEngine.StackTraceUtility:ExtractStackTrace () (at /Users/bokken/build/output/unity/unity/Runtime/Export/Scripting/StackTrace.cs:37)
UnityEngine.DebugLogHandler:LogFormat (UnityEngine.LogType,UnityEngine.Object,string,object[])
UnityEngine.Logger:Log (UnityEngine.LogType,object)
UnityEngine.Debug:Log (object)
WakaTime.Plugin/<SendHeartbeat>d__29:MoveNext () (at ./Library/PackageCache/com.daniel-geo.unityhackatime@5ac210a9a2/Editor/Plugin.cs:144)
System.Runtime.CompilerServices.AsyncVoidMethodBuilder:Start<WakaTime.Plugin/<SendHeartbeat>d__29> (WakaTime.Plugin/<SendHeartbeat>d__29&)
WakaTime.Plugin:SendHeartbeat (bool)
WakaTime.Plugin:Initialize () (at ./Library/PackageCache/com.daniel-geo.unityhackatime@5ac210a9a2/Editor/Plugin.cs:78)
WakaTime.Plugin:.cctor () (at ./Library/PackageCache/com.daniel-geo.unityhackatime@5ac210a9a2/Editor/Plugin.cs:41)
System.Runtime.CompilerServices.RuntimeHelpers:RunClassConstructor (System.RuntimeTypeHandle)
UnityEditor.EditorAssemblies:ProcessInitializeOnLoadAttributes (System.Type[]) (at /Users/bokken/build/output/unity/unity/Editor/Mono/EditorAssemblies.cs:119)

(Filename: ./Library/PackageCache/com.daniel-geo.unityhackatime@5ac210a9a2/Editor/Plugin.cs Line: 144)

Mono: successfully reloaded assembly
- Finished resetting the current domain, in  1.183 seconds
Domain Reload Profiling: 1639ms
	BeginReloadAssembly (169ms)
		ExecutionOrderSort (0ms)
		DisableScriptedObjects (5ms)
		BackupInstance (0ms)
		ReleaseScriptingObjects (0ms)
		CreateAndSetChildDomain (57ms)
	RebuildCommonClasses (25ms)
	RebuildNativeTypeToScriptingClass (8ms)
	initialDomainReloadingComplete (21ms)
	LoadAllAssembliesAndSetupDomain (233ms)
		LoadAssemblies (293ms)
		RebuildTransferFunctionScriptingTraits (0ms)
		AnalyzeDomain (21ms)
			TypeCache.Refresh (11ms)
				TypeCache.ScanAssembly (1ms)
			ScanForSourceGeneratedMonoScriptInfo (6ms)
			ResolveRequiredComponents (4ms)
	FinalizeReload (1183ms)
		ReleaseScriptCaches (0ms)
		RebuildScriptCaches (0ms)
		SetupLoadedEditorAssemblies (413ms)
			LogAssemblyErrors (0ms)
			InitializePlatformSupportModulesInManaged (3ms)
			SetLoadedEditorAssemblies (2ms)
			RefreshPlugins (0ms)
			BeforeProcessingInitializeOnLoad (38ms)
			ProcessInitializeOnLoadAttributes (354ms)
			ProcessInitializeOnLoadMethodAttributes (14ms)
			AfterProcessingInitializeOnLoad (1ms)
			EditorAssembliesLoaded (0ms)
		ExecutionOrderSort2 (0ms)
		AwakeInstancesAfterBackupRestoration (3ms)
Refreshing native plugins compatible for Editor in 2.21 ms, found 3 plugins.
Preloading 0 native plugins for Editor in 0.00 ms.
<HackaTime> Got response
{"id":2740780182,"user_id":61064,"branch":"main","category":"coding","dependencies":[],"editor":"unity","entity":"Unsaved Scene","language":"unity","machine":null,"operating_system":null,"project":"Duos","type":"file","user_agent":"unity-hackatime","line_additions":null,"line_deletions":null,"lineno":null,"lines":null,"cursorpos":null,"project_root_count":null,"time":1790985856.0,"is_write":false,"created_at":"2026-10-03T00:03:32.909Z","updated_at":"2026-10-03T00:03:32.909Z","fields_hash":"0798f81bd87ba207f65f40721c24ad0e","source_type":"direct_entry","ip_address":"2001:8003:cc20:b000:d019:d93e:3ea5:ef8b","deleted_at":null,"ja4_id":41,"ai_model":null,"ai_session":null,"ai_subscription_plan":null,"ai_input_tokens":null,"ai_output_tokens":null,"ai_prompt_length":null,"ai_line_changes":null,"human_line_changes":null}
UnityEngine.StackTraceUtility:ExtractStackTrace () (at /Users/bokken/build/output/unity/unity/Runtime/Export/Scripting/StackTrace.cs:37)
UnityEngine.DebugLogHandler:LogFormat (UnityEngine.LogType,UnityEngine.Object,string,object[])
UnityEngine.Logger:Log (UnityEngine.LogType,object)
UnityEngine.Debug:Log (object)
WakaTime.Plugin/<SendHeartbeat>d__29:MoveNext () (at ./Library/PackageCache/com.daniel-geo.unityhackatime@5ac210a9a2/Editor/Plugin.cs:187)
System.Runtime.CompilerServices.AsyncMethodBuilderCore/MoveNextRunner:InvokeMoveNext (object)
System.Threading.ExecutionContext:RunInternal (System.Threading.ExecutionContext,System.Threading.ContextCallback,object,bool)
System.Threading.ExecutionContext:Run (System.Threading.ExecutionContext,System.Threading.ContextCallback,object,bool)
System.Runtime.CompilerServices.AsyncMethodBuilderCore/MoveNextRunner:Run ()
System.Threading.Tasks.AwaitTaskContinuation:InvokeAction (object)
System.Threading.Tasks.AwaitTaskContinuation:RunCallback (System.Threading.ContextCallback,object,System.Threading.Tasks.Task&)
System.Threading.Tasks.SynchronizationContextAwaitTaskContinuation:Run (System.Threading.Tasks.Task,bool)
System.Threading.Tasks.Task:FinishContinuations ()
System.Threading.Tasks.Task:FinishStageThree ()
System.Threading.Tasks.Task`1<bool>:TrySetResult (bool)
System.Threading.Tasks.TaskCompletionSource`1<bool>:TrySetResult (bool)
WakaTime.Plugin/<>c__DisplayClass29_0:<SendHeartbeat>b__0 (UnityEngine.AsyncOperation) (at ./Library/PackageCache/com.daniel-geo.unityhackatime@5ac210a9a2/Editor/Plugin.cs:176)
UnityEngine.AsyncOperation:InvokeCompletionEvent () (at /Users/bokken/build/output/unity/unity/Runtime/Export/Scripting/AsyncOperation.cs:21)

(Filename: ./Library/PackageCache/com.daniel-geo.unityhackatime@5ac210a9a2/Editor/Plugin.cs Line: 187)

<HackaTime> Sent heartbeat!
UnityEngine.StackTraceUtility:ExtractStackTrace () (at /Users/bokken/build/output/unity/unity/Runtime/Export/Scripting/StackTrace.cs:37)
UnityEngine.DebugLogHandler:LogFormat (UnityEngine.LogType,UnityEngine.Object,string,object[])
UnityEngine.Logger:Log (UnityEngine.LogType,object)
UnityEngine.Debug:Log (object)
WakaTime.Plugin/<SendHeartbeat>d__29:MoveNext () (at ./Library/PackageCache/com.daniel-geo.unityhackatime@5ac210a9a2/Editor/Plugin.cs:203)
System.Runtime.CompilerServices.AsyncMethodBuilderCore/MoveNextRunner:InvokeMoveNext (object)
System.Threading.ExecutionContext:RunInternal (System.Threading.ExecutionContext,System.Threading.ContextCallback,object,bool)
System.Threading.ExecutionContext:Run (System.Threading.ExecutionContext,System.Threading.ContextCallback,object,bool)
System.Runtime.CompilerServices.AsyncMethodBuilderCore/MoveNextRunner:Run ()
System.Threading.Tasks.AwaitTaskContinuation:InvokeAction (object)
System.Threading.Tasks.AwaitTaskContinuation:RunCallback (System.Threading.ContextCallback,object,System.Threading.Tasks.Task&)
System.Threading.Tasks.SynchronizationContextAwaitTaskContinuation:Run (System.Threading.Tasks.Task,bool)
System.Threading.Tasks.Task:FinishContinuations ()
System.Threading.Tasks.Task:FinishStageThree ()
System.Threading.Tasks.Task`1<bool>:TrySetResult (bool)
System.Threading.Tasks.TaskCompletionSource`1<bool>:TrySetResult (bool)
WakaTime.Plugin/<>c__DisplayClass29_0:<SendHeartbeat>b__0 (UnityEngine.AsyncOperation) (at ./Library/PackageCache/com.daniel-geo.unityhackatime@5ac210a9a2/Editor/Plugin.cs:176)
UnityEngine.AsyncOperation:InvokeCompletionEvent () (at /Users/bokken/build/output/unity/unity/Runtime/Export/Scripting/AsyncOperation.cs:21)

(Filename: ./Library/PackageCache/com.daniel-geo.unityhackatime@5ac210a9a2/Editor/Plugin.cs Line: 203)

Unloading 3686 Unused Serialized files (Serialized files now loaded: 0)
Unloading 47 unused Assets / (1.8 MB). Loaded Objects now: 4288.
Memory consumption went from 303.6 MB to 301.9 MB.
Total: 3.626167 ms (FindLiveObjects: 0.176417 ms CreateObjectMapping: 0.049542 ms MarkObjects: 3.130750 ms  DeleteObjects: 0.268916 ms)

Prepare: number of updated asset objects reloaded= 0
AssetImportParameters requested are different than current active one (requested -> active):
  custom:container-demuxer-ogg: 62fdf1f143b41e24485cea50d1cbac27 -> 
  custom:video-decoder-ogg-theora: a1e56fd34408186e4bbccfd4996cb3dc -> 
  custom:CustomObjectIndexerAttribute: 9a22284fe3817be447336de3de66b15e -> 
  custom:container-demuxer-webm: 4f35f7cbe854078d1ac9338744f61a02 -> 
  custom:container-muxer-webm: aa71ff27fc2769a1b78a27578f13a17b -> 
  custom:video-decoder-webm-vp8: 9c59270c3fd7afecdb556c50c9e8de78 -> 
  custom:SearchIndexIgnoredProperties: e643bd26f0fe6173181afceb89e7c659 -> 
  custom:AudioImporter_EditorPlatform: 3918e3fc78b5a79bad01e8451be0beb8 -> 
  custom:framework-osx-AVFoundation: e770b220cccbd017edd2c1fefb359320 -> 
  custom:video-encoder-webm-vp8: eb34c28f22e8b96e1ab97ce403110664 -> 
  custom:audio-decoder-ogg-vorbis: bf7c407c2cedff20999df2af8eb42d56 -> 
  custom:audio-encoder-webm-vorbis: bf7c407c2cedff20999df2af8eb42d56 -> 
========================================================================
Received Prepare
Begin MonoManager ReloadAssembly
Thread 0x16d83b000 may have been prematurely finalized
- Loaded All Assemblies, in  0.390 seconds
Refreshing native plugins compatible for Editor in 1.98 ms, found 3 plugins.
Native extension for OSXStandalone target not found
<HackaTime> Initializing...
UnityEngine.StackTraceUtility:ExtractStackTrace () (at /Users/bokken/build/output/unity/unity/Runtime/Export/Scripting/StackTrace.cs:37)
UnityEngine.DebugLogHandler:LogFormat (UnityEngine.LogType,UnityEngine.Object,string,object[])
UnityEngine.Logger:Log (UnityEngine.LogType,object)
UnityEngine.Debug:Log (object)
WakaTime.Plugin:Initialize () (at ./Library/PackageCache/com.daniel-geo.unityhackatime@5ac210a9a2/Editor/Plugin.cs:76)
WakaTime.Plugin:.cctor () (at ./Library/PackageCache/com.daniel-geo.unityhackatime@5ac210a9a2/Editor/Plugin.cs:41)
System.Runtime.CompilerServices.RuntimeHelpers:RunClassConstructor (System.RuntimeTypeHandle)
UnityEditor.EditorAssemblies:ProcessInitializeOnLoadAttributes (System.Type[]) (at /Users/bokken/build/output/unity/unity/Editor/Mono/EditorAssemblies.cs:119)

(Filename: ./Library/PackageCache/com.daniel-geo.unityhackatime@5ac210a9a2/Editor/Plugin.cs Line: 76)

<HackaTime> Sending heartbeat...
UnityEngine.StackTraceUtility:ExtractStackTrace () (at /Users/bokken/build/output/unity/unity/Runtime/Export/Scripting/StackTrace.cs:37)
UnityEngine.DebugLogHandler:LogFormat (UnityEngine.LogType,UnityEngine.Object,string,object[])
UnityEngine.Logger:Log (UnityEngine.LogType,object)
UnityEngine.Debug:Log (object)
WakaTime.Plugin/<SendHeartbeat>d__29:MoveNext () (at ./Library/PackageCache/com.daniel-geo.unityhackatime@5ac210a9a2/Editor/Plugin.cs:144)
System.Runtime.CompilerServices.AsyncVoidMethodBuilder:Start<WakaTime.Plugin/<SendHeartbeat>d__29> (WakaTime.Plugin/<SendHeartbeat>d__29&)
WakaTime.Plugin:SendHeartbeat (bool)
WakaTime.Plugin:Initialize () (at ./Library/PackageCache/com.daniel-geo.unityhackatime@5ac210a9a2/Editor/Plugin.cs:78)
WakaTime.Plugin:.cctor () (at ./Library/PackageCache/com.daniel-geo.unityhackatime@5ac210a9a2/Editor/Plugin.cs:41)
System.Runtime.CompilerServices.RuntimeHelpers:RunClassConstructor (System.RuntimeTypeHandle)
UnityEditor.EditorAssemblies:ProcessInitializeOnLoadAttributes (System.Type[]) (at /Users/bokken/build/output/unity/unity/Editor/Mono/EditorAssemblies.cs:119)

(Filename: ./Library/PackageCache/com.daniel-geo.unityhackatime@5ac210a9a2/Editor/Plugin.cs Line: 144)

Mono: successfully reloaded assembly
- Finished resetting the current domain, in  0.664 seconds
Domain Reload Profiling: 1054ms
	BeginReloadAssembly (141ms)
		ExecutionOrderSort (0ms)
		DisableScriptedObjects (7ms)
		BackupInstance (0ms)
		ReleaseScriptingObjects (0ms)
		CreateAndSetChildDomain (48ms)
	RebuildCommonClasses (27ms)
	RebuildNativeTypeToScriptingClass (8ms)
	initialDomainReloadingComplete (21ms)
	LoadAllAssembliesAndSetupDomain (193ms)
		LoadAssemblies (235ms)
		RebuildTransferFunctionScriptingTraits (0ms)
		AnalyzeDomain (15ms)
			TypeCache.Refresh (9ms)
				TypeCache.ScanAssembly (0ms)
			ScanForSourceGeneratedMonoScriptInfo (0ms)
			ResolveRequiredComponents (5ms)
	FinalizeReload (664ms)
		ReleaseScriptCaches (0ms)
		RebuildScriptCaches (0ms)
		SetupLoadedEditorAssemblies (388ms)
			LogAssemblyErrors (0ms)
			InitializePlatformSupportModulesInManaged (3ms)
			SetLoadedEditorAssemblies (2ms)
			RefreshPlugins (0ms)
			BeforeProcessingInitializeOnLoad (33ms)
			ProcessInitializeOnLoadAttributes (338ms)
			ProcessInitializeOnLoadMethodAttributes (11ms)
			AfterProcessingInitializeOnLoad (1ms)
			EditorAssembliesLoaded (0ms)
		ExecutionOrderSort2 (0ms)
		AwakeInstancesAfterBackupRestoration (2ms)
Refreshing native plugins compatible for Editor in 1.77 ms, found 3 plugins.
Preloading 0 native plugins for Editor in 0.00 ms.
<HackaTime> Got response
{"id":2740780182,"user_id":61064,"branch":"main","category":"coding","dependencies":[],"editor":"unity","entity":"Unsaved Scene","language":"unity","machine":null,"operating_system":null,"project":"Duos","type":"file","user_agent":"unity-hackatime","line_additions":null,"line_deletions":null,"lineno":null,"lines":null,"cursorpos":null,"project_root_count":null,"time":1790985856.0,"is_write":false,"created_at":"2026-10-03T00:03:32.909Z","updated_at":"2026-10-03T00:03:32.909Z","fields_hash":"0798f81bd87ba207f65f40721c24ad0e","source_type":"direct_entry","ip_address":"2001:8003:cc20:b000:d019:d93e:3ea5:ef8b","deleted_at":null,"ja4_id":41,"ai_model":null,"ai_session":null,"ai_subscription_plan":null,"ai_input_tokens":null,"ai_output_tokens":null,"ai_prompt_length":null,"ai_line_changes":null,"human_line_changes":null}
UnityEngine.StackTraceUtility:ExtractStackTrace () (at /Users/bokken/build/output/unity/unity/Runtime/Export/Scripting/StackTrace.cs:37)
UnityEngine.DebugLogHandler:LogFormat (UnityEngine.LogType,UnityEngine.Object,string,object[])
UnityEngine.Logger:Log (UnityEngine.LogType,object)
UnityEngine.Debug:Log (object)
WakaTime.Plugin/<SendHeartbeat>d__29:MoveNext () (at ./Library/PackageCache/com.daniel-geo.unityhackatime@5ac210a9a2/Editor/Plugin.cs:187)
System.Runtime.CompilerServices.AsyncMethodBuilderCore/MoveNextRunner:InvokeMoveNext (object)
System.Threading.ExecutionContext:RunInternal (System.Threading.ExecutionContext,System.Threading.ContextCallback,object,bool)
System.Threading.ExecutionContext:Run (System.Threading.ExecutionContext,System.Threading.ContextCallback,object,bool)
System.Runtime.CompilerServices.AsyncMethodBuilderCore/MoveNextRunner:Run ()
System.Threading.Tasks.AwaitTaskContinuation:InvokeAction (object)
System.Threading.Tasks.AwaitTaskContinuation:RunCallback (System.Threading.ContextCallback,object,System.Threading.Tasks.Task&)
System.Threading.Tasks.SynchronizationContextAwaitTaskContinuation:Run (System.Threading.Tasks.Task,bool)
System.Threading.Tasks.Task:FinishContinuations ()
System.Threading.Tasks.Task:FinishStageThree ()
System.Threading.Tasks.Task`1<bool>:TrySetResult (bool)
System.Threading.Tasks.TaskCompletionSource`1<bool>:TrySetResult (bool)
WakaTime.Plugin/<>c__DisplayClass29_0:<SendHeartbeat>b__0 (UnityEngine.AsyncOperation) (at ./Library/PackageCache/com.daniel-geo.unityhackatime@5ac210a9a2/Editor/Plugin.cs:176)
UnityEngine.AsyncOperation:InvokeCompletionEvent () (at /Users/bokken/build/output/unity/unity/Runtime/Export/Scripting/AsyncOperation.cs:21)

(Filename: ./Library/PackageCache/com.daniel-geo.unityhackatime@5ac210a9a2/Editor/Plugin.cs Line: 187)

<HackaTime> Sent heartbeat!
UnityEngine.StackTraceUtility:ExtractStackTrace () (at /Users/bokken/build/output/unity/unity/Runtime/Export/Scripting/StackTrace.cs:37)
UnityEngine.DebugLogHandler:LogFormat (UnityEngine.LogType,UnityEngine.Object,string,object[])
UnityEngine.Logger:Log (UnityEngine.LogType,object)
UnityEngine.Debug:Log (object)
WakaTime.Plugin/<SendHeartbeat>d__29:MoveNext () (at ./Library/PackageCache/com.daniel-geo.unityhackatime@5ac210a9a2/Editor/Plugin.cs:203)
System.Runtime.CompilerServices.AsyncMethodBuilderCore/MoveNextRunner:InvokeMoveNext (object)
System.Threading.ExecutionContext:RunInternal (System.Threading.ExecutionContext,System.Threading.ContextCallback,object,bool)
System.Threading.ExecutionContext:Run (System.Threading.ExecutionContext,System.Threading.ContextCallback,object,bool)
System.Runtime.CompilerServices.AsyncMethodBuilderCore/MoveNextRunner:Run ()
System.Threading.Tasks.AwaitTaskContinuation:InvokeAction (object)
System.Threading.Tasks.AwaitTaskContinuation:RunCallback (System.Threading.ContextCallback,object,System.Threading.Tasks.Task&)
System.Threading.Tasks.SynchronizationContextAwaitTaskContinuation:Run (System.Threading.Tasks.Task,bool)
System.Threading.Tasks.Task:FinishContinuations ()
System.Threading.Tasks.Task:FinishStageThree ()
System.Threading.Tasks.Task`1<bool>:TrySetResult (bool)
System.Threading.Tasks.TaskCompletionSource`1<bool>:TrySetResult (bool)
WakaTime.Plugin/<>c__DisplayClass29_0:<SendHeartbeat>b__0 (UnityEngine.AsyncOperation) (at ./Library/PackageCache/com.daniel-geo.unityhackatime@5ac210a9a2/Editor/Plugin.cs:176)
UnityEngine.AsyncOperation:InvokeCompletionEvent () (at /Users/bokken/build/output/unity/unity/Runtime/Export/Scripting/AsyncOperation.cs:21)

(Filename: ./Library/PackageCache/com.daniel-geo.unityhackatime@5ac210a9a2/Editor/Plugin.cs Line: 203)

Unloading 3686 Unused Serialized files (Serialized files now loaded: 0)
Unloading 47 unused Assets / (1.8 MB). Loaded Objects now: 4292.
Memory consumption went from 310.8 MB to 309.0 MB.
Total: 6.518334 ms (FindLiveObjects: 0.168000 ms CreateObjectMapping: 0.047250 ms MarkObjects: 6.033709 ms  DeleteObjects: 0.268250 ms)

Prepare: number of updated asset objects reloaded= 0
AssetImportParameters requested are different than current active one (requested -> active):
  custom:container-demuxer-ogg: 62fdf1f143b41e24485cea50d1cbac27 -> 
  custom:video-decoder-ogg-theora: a1e56fd34408186e4bbccfd4996cb3dc -> 
  custom:CustomObjectIndexerAttribute: 9a22284fe3817be447336de3de66b15e -> 
  custom:container-demuxer-webm: 4f35f7cbe854078d1ac9338744f61a02 -> 
  custom:container-muxer-webm: aa71ff27fc2769a1b78a27578f13a17b -> 
  custom:video-decoder-webm-vp8: 9c59270c3fd7afecdb556c50c9e8de78 -> 
  custom:SearchIndexIgnoredProperties: e643bd26f0fe6173181afceb89e7c659 -> 
  custom:AudioImporter_EditorPlatform: 3918e3fc78b5a79bad01e8451be0beb8 -> 
  custom:framework-osx-AVFoundation: e770b220cccbd017edd2c1fefb359320 -> 
  custom:video-encoder-webm-vp8: eb34c28f22e8b96e1ab97ce403110664 -> 
  custom:audio-decoder-ogg-vorbis: bf7c407c2cedff20999df2af8eb42d56 -> 
  custom:audio-encoder-webm-vorbis: bf7c407c2cedff20999df2af8eb42d56 -> 
========================================================================
Received Prepare
Begin MonoManager ReloadAssembly
Thread 0x16d83b000 may have been prematurely finalized
- Loaded All Assemblies, in  0.438 seconds
Refreshing native plugins compatible for Editor in 3.13 ms, found 3 plugins.
Native extension for OSXStandalone target not found
<HackaTime> Initializing...
UnityEngine.StackTraceUtility:ExtractStackTrace () (at /Users/bokken/build/output/unity/unity/Runtime/Export/Scripting/StackTrace.cs:37)
UnityEngine.DebugLogHandler:LogFormat (UnityEngine.LogType,UnityEngine.Object,string,object[])
UnityEngine.Logger:Log (UnityEngine.LogType,object)
UnityEngine.Debug:Log (object)
WakaTime.Plugin:Initialize () (at ./Library/PackageCache/com.daniel-geo.unityhackatime@5ac210a9a2/Editor/Plugin.cs:76)
WakaTime.Plugin:.cctor () (at ./Library/PackageCache/com.daniel-geo.unityhackatime@5ac210a9a2/Editor/Plugin.cs:41)
System.Runtime.CompilerServices.RuntimeHelpers:RunClassConstructor (System.RuntimeTypeHandle)
UnityEditor.EditorAssemblies:ProcessInitializeOnLoadAttributes (System.Type[]) (at /Users/bokken/build/output/unity/unity/Editor/Mono/EditorAssemblies.cs:119)

(Filename: ./Library/PackageCache/com.daniel-geo.unityhackatime@5ac210a9a2/Editor/Plugin.cs Line: 76)

<HackaTime> Sending heartbeat...
UnityEngine.StackTraceUtility:ExtractStackTrace () (at /Users/bokken/build/output/unity/unity/Runtime/Export/Scripting/StackTrace.cs:37)
UnityEngine.DebugLogHandler:LogFormat (UnityEngine.LogType,UnityEngine.Object,string,object[])
UnityEngine.Logger:Log (UnityEngine.LogType,object)
UnityEngine.Debug:Log (object)
WakaTime.Plugin/<SendHeartbeat>d__29:MoveNext () (at ./Library/PackageCache/com.daniel-geo.unityhackatime@5ac210a9a2/Editor/Plugin.cs:144)
System.Runtime.CompilerServices.AsyncVoidMethodBuilder:Start<WakaTime.Plugin/<SendHeartbeat>d__29> (WakaTime.Plugin/<SendHeartbeat>d__29&)
WakaTime.Plugin:SendHeartbeat (bool)
WakaTime.Plugin:Initialize () (at ./Library/PackageCache/com.daniel-geo.unityhackatime@5ac210a9a2/Editor/Plugin.cs:78)
WakaTime.Plugin:.cctor () (at ./Library/PackageCache/com.daniel-geo.unityhackatime@5ac210a9a2/Editor/Plugin.cs:41)
System.Runtime.CompilerServices.RuntimeHelpers:RunClassConstructor (System.RuntimeTypeHandle)
UnityEditor.EditorAssemblies:ProcessInitializeOnLoadAttributes (System.Type[]) (at /Users/bokken/build/output/unity/unity/Editor/Mono/EditorAssemblies.cs:119)

(Filename: ./Library/PackageCache/com.daniel-geo.unityhackatime@5ac210a9a2/Editor/Plugin.cs Line: 144)

Mono: successfully reloaded assembly
- Finished resetting the current domain, in  1.375 seconds
Domain Reload Profiling: 1813ms
	BeginReloadAssembly (151ms)
		ExecutionOrderSort (0ms)
		DisableScriptedObjects (4ms)
		BackupInstance (0ms)
		ReleaseScriptingObjects (0ms)
		CreateAndSetChildDomain (50ms)
	RebuildCommonClasses (25ms)
	RebuildNativeTypeToScriptingClass (8ms)
	initialDomainReloadingComplete (18ms)
	LoadAllAssembliesAndSetupDomain (234ms)
		LoadAssemblies (290ms)
		RebuildTransferFunctionScriptingTraits (0ms)
		AnalyzeDomain (14ms)
			TypeCache.Refresh (8ms)
				TypeCache.ScanAssembly (0ms)
			ScanForSourceGeneratedMonoScriptInfo (0ms)
			ResolveRequiredComponents (5ms)
	FinalizeReload (1375ms)
		ReleaseScriptCaches (0ms)
		RebuildScriptCaches (0ms)
		SetupLoadedEditorAssemblies (446ms)
			LogAssemblyErrors (0ms)
			InitializePlatformSupportModulesInManaged (4ms)
			SetLoadedEditorAssemblies (2ms)
			RefreshPlugins (0ms)
			BeforeProcessingInitializeOnLoad (38ms)
			ProcessInitializeOnLoadAttributes (385ms)
			ProcessInitializeOnLoadMethodAttributes (16ms)
			AfterProcessingInitializeOnLoad (1ms)
			EditorAssembliesLoaded (0ms)
		ExecutionOrderSort2 (0ms)
		AwakeInstancesAfterBackupRestoration (4ms)
Refreshing native plugins compatible for Editor in 2.67 ms, found 3 plugins.
Preloading 0 native plugins for Editor in 0.00 ms.
<HackaTime> Got response
{"id":2740780182,"user_id":61064,"branch":"main","category":"coding","dependencies":[],"editor":"unity","entity":"Unsaved Scene","language":"unity","machine":null,"operating_system":null,"project":"Duos","type":"file","user_agent":"unity-hackatime","line_additions":null,"line_deletions":null,"lineno":null,"lines":null,"cursorpos":null,"project_root_count":null,"time":1790985856.0,"is_write":false,"created_at":"2026-10-03T00:03:32.909Z","updated_at":"2026-10-03T00:03:32.909Z","fields_hash":"0798f81bd87ba207f65f40721c24ad0e","source_type":"direct_entry","ip_address":"2001:8003:cc20:b000:d019:d93e:3ea5:ef8b","deleted_at":null,"ja4_id":41,"ai_model":null,"ai_session":null,"ai_subscription_plan":null,"ai_input_tokens":null,"ai_output_tokens":null,"ai_prompt_length":null,"ai_line_changes":null,"human_line_changes":null}
UnityEngine.StackTraceUtility:ExtractStackTrace () (at /Users/bokken/build/output/unity/unity/Runtime/Export/Scripting/StackTrace.cs:37)
UnityEngine.DebugLogHandler:LogFormat (UnityEngine.LogType,UnityEngine.Object,string,object[])
UnityEngine.Logger:Log (UnityEngine.LogType,object)
UnityEngine.Debug:Log (object)
WakaTime.Plugin/<SendHeartbeat>d__29:MoveNext () (at ./Library/PackageCache/com.daniel-geo.unityhackatime@5ac210a9a2/Editor/Plugin.cs:187)
System.Runtime.CompilerServices.AsyncMethodBuilderCore/MoveNextRunner:InvokeMoveNext (object)
System.Threading.ExecutionContext:RunInternal (System.Threading.ExecutionContext,System.Threading.ContextCallback,object,bool)
System.Threading.ExecutionContext:Run (System.Threading.ExecutionContext,System.Threading.ContextCallback,object,bool)
System.Runtime.CompilerServices.AsyncMethodBuilderCore/MoveNextRunner:Run ()
System.Threading.Tasks.AwaitTaskContinuation:InvokeAction (object)
System.Threading.Tasks.AwaitTaskContinuation:RunCallback (System.Threading.ContextCallback,object,System.Threading.Tasks.Task&)
System.Threading.Tasks.SynchronizationContextAwaitTaskContinuation:Run (System.Threading.Tasks.Task,bool)
System.Threading.Tasks.Task:FinishContinuations ()
System.Threading.Tasks.Task:FinishStageThree ()
System.Threading.Tasks.Task`1<bool>:TrySetResult (bool)
System.Threading.Tasks.TaskCompletionSource`1<bool>:TrySetResult (bool)
WakaTime.Plugin/<>c__DisplayClass29_0:<SendHeartbeat>b__0 (UnityEngine.AsyncOperation) (at ./Library/PackageCache/com.daniel-geo.unityhackatime@5ac210a9a2/Editor/Plugin.cs:176)
UnityEngine.AsyncOperation:InvokeCompletionEvent () (at /Users/bokken/build/output/unity/unity/Runtime/Export/Scripting/AsyncOperation.cs:21)

(Filename: ./Library/PackageCache/com.daniel-geo.unityhackatime@5ac210a9a2/Editor/Plugin.cs Line: 187)

<HackaTime> Sent heartbeat!
UnityEngine.StackTraceUtility:ExtractStackTrace () (at /Users/bokken/build/output/unity/unity/Runtime/Export/Scripting/StackTrace.cs:37)
UnityEngine.DebugLogHandler:LogFormat (UnityEngine.LogType,UnityEngine.Object,string,object[])
UnityEngine.Logger:Log (UnityEngine.LogType,object)
UnityEngine.Debug:Log (object)
WakaTime.Plugin/<SendHeartbeat>d__29:MoveNext () (at ./Library/PackageCache/com.daniel-geo.unityhackatime@5ac210a9a2/Editor/Plugin.cs:203)
System.Runtime.CompilerServices.AsyncMethodBuilderCore/MoveNextRunner:InvokeMoveNext (object)
System.Threading.ExecutionContext:RunInternal (System.Threading.ExecutionContext,System.Threading.ContextCallback,object,bool)
System.Threading.ExecutionContext:Run (System.Threading.ExecutionContext,System.Threading.ContextCallback,object,bool)
System.Runtime.CompilerServices.AsyncMethodBuilderCore/MoveNextRunner:Run ()
System.Threading.Tasks.AwaitTaskContinuation:InvokeAction (object)
System.Threading.Tasks.AwaitTaskContinuation:RunCallback (System.Threading.ContextCallback,object,System.Threading.Tasks.Task&)
System.Threading.Tasks.SynchronizationContextAwaitTaskContinuation:Run (System.Threading.Tasks.Task,bool)
System.Threading.Tasks.Task:FinishContinuations ()
System.Threading.Tasks.Task:FinishStageThree ()
System.Threading.Tasks.Task`1<bool>:TrySetResult (bool)
System.Threading.Tasks.TaskCompletionSource`1<bool>:TrySetResult (bool)
WakaTime.Plugin/<>c__DisplayClass29_0:<SendHeartbeat>b__0 (UnityEngine.AsyncOperation) (at ./Library/PackageCache/com.daniel-geo.unityhackatime@5ac210a9a2/Editor/Plugin.cs:176)
UnityEngine.AsyncOperation:InvokeCompletionEvent () (at /Users/bokken/build/output/unity/unity/Runtime/Export/Scripting/AsyncOperation.cs:21)

(Filename: ./Library/PackageCache/com.daniel-geo.unityhackatime@5ac210a9a2/Editor/Plugin.cs Line: 203)

Unloading 3686 Unused Serialized files (Serialized files now loaded: 0)
Unloading 47 unused Assets / (1.8 MB). Loaded Objects now: 4296.
Memory consumption went from 318.0 MB to 316.2 MB.
Total: 4.467792 ms (FindLiveObjects: 0.163292 ms CreateObjectMapping: 0.048416 ms MarkObjects: 3.897375 ms  DeleteObjects: 0.357208 ms)

Prepare: number of updated asset objects reloaded= 0
AssetImportParameters requested are different than current active one (requested -> active):
  custom:container-demuxer-ogg: 62fdf1f143b41e24485cea50d1cbac27 -> 
  custom:video-decoder-ogg-theora: a1e56fd34408186e4bbccfd4996cb3dc -> 
  custom:CustomObjectIndexerAttribute: 9a22284fe3817be447336de3de66b15e -> 
  custom:container-demuxer-webm: 4f35f7cbe854078d1ac9338744f61a02 -> 
  custom:container-muxer-webm: aa71ff27fc2769a1b78a27578f13a17b -> 
  custom:video-decoder-webm-vp8: 9c59270c3fd7afecdb556c50c9e8de78 -> 
  custom:SearchIndexIgnoredProperties: e643bd26f0fe6173181afceb89e7c659 -> 
  custom:AudioImporter_EditorPlatform: 3918e3fc78b5a79bad01e8451be0beb8 -> 
  custom:framework-osx-AVFoundation: e770b220cccbd017edd2c1fefb359320 -> 
  custom:video-encoder-webm-vp8: eb34c28f22e8b96e1ab97ce403110664 -> 
  custom:audio-decoder-ogg-vorbis: bf7c407c2cedff20999df2af8eb42d56 -> 
  custom:audio-encoder-webm-vorbis: bf7c407c2cedff20999df2af8eb42d56 -> 
========================================================================
Received Prepare
Begin MonoManager ReloadAssembly
Thread 0x16d83b000 may have been prematurely finalized
- Loaded All Assemblies, in  0.933 seconds
Refreshing native plugins compatible for Editor in 3.67 ms, found 3 plugins.
Native extension for OSXStandalone target not found
<HackaTime> Initializing...
UnityEngine.StackTraceUtility:ExtractStackTrace () (at /Users/bokken/build/output/unity/unity/Runtime/Export/Scripting/StackTrace.cs:37)
UnityEngine.DebugLogHandler:LogFormat (UnityEngine.LogType,UnityEngine.Object,string,object[])
UnityEngine.Logger:Log (UnityEngine.LogType,object)
UnityEngine.Debug:Log (object)
WakaTime.Plugin:Initialize () (at ./Library/PackageCache/com.daniel-geo.unityhackatime@5ac210a9a2/Editor/Plugin.cs:76)
WakaTime.Plugin:.cctor () (at ./Library/PackageCache/com.daniel-geo.unityhackatime@5ac210a9a2/Editor/Plugin.cs:41)
System.Runtime.CompilerServices.RuntimeHelpers:RunClassConstructor (System.RuntimeTypeHandle)
UnityEditor.EditorAssemblies:ProcessInitializeOnLoadAttributes (System.Type[]) (at /Users/bokken/build/output/unity/unity/Editor/Mono/EditorAssemblies.cs:119)

(Filename: ./Library/PackageCache/com.daniel-geo.unityhackatime@5ac210a9a2/Editor/Plugin.cs Line: 76)

<HackaTime> Sending heartbeat...
UnityEngine.StackTraceUtility:ExtractStackTrace () (at /Users/bokken/build/output/unity/unity/Runtime/Export/Scripting/StackTrace.cs:37)
UnityEngine.DebugLogHandler:LogFormat (UnityEngine.LogType,UnityEngine.Object,string,object[])
UnityEngine.Logger:Log (UnityEngine.LogType,object)
UnityEngine.Debug:Log (object)
WakaTime.Plugin/<SendHeartbeat>d__29:MoveNext () (at ./Library/PackageCache/com.daniel-geo.unityhackatime@5ac210a9a2/Editor/Plugin.cs:144)
System.Runtime.CompilerServices.AsyncVoidMethodBuilder:Start<WakaTime.Plugin/<SendHeartbeat>d__29> (WakaTime.Plugin/<SendHeartbeat>d__29&)
WakaTime.Plugin:SendHeartbeat (bool)
WakaTime.Plugin:Initialize () (at ./Library/PackageCache/com.daniel-geo.unityhackatime@5ac210a9a2/Editor/Plugin.cs:78)
WakaTime.Plugin:.cctor () (at ./Library/PackageCache/com.daniel-geo.unityhackatime@5ac210a9a2/Editor/Plugin.cs:41)
System.Runtime.CompilerServices.RuntimeHelpers:RunClassConstructor (System.RuntimeTypeHandle)
UnityEditor.EditorAssemblies:ProcessInitializeOnLoadAttributes (System.Type[]) (at /Users/bokken/build/output/unity/unity/Editor/Mono/EditorAssemblies.cs:119)

(Filename: ./Library/PackageCache/com.daniel-geo.unityhackatime@5ac210a9a2/Editor/Plugin.cs Line: 144)

Mono: successfully reloaded assembly
- Finished resetting the current domain, in  3.352 seconds
Domain Reload Profiling: 4291ms
	BeginReloadAssembly (411ms)
		ExecutionOrderSort (0ms)
		DisableScriptedObjects (12ms)
		BackupInstance (0ms)
		ReleaseScriptingObjects (0ms)
		CreateAndSetChildDomain (117ms)
	RebuildCommonClasses (32ms)
	RebuildNativeTypeToScriptingClass (8ms)
	initialDomainReloadingComplete (26ms)
	LoadAllAssembliesAndSetupDomain (460ms)
		LoadAssemblies (646ms)
		RebuildTransferFunctionScriptingTraits (0ms)
		AnalyzeDomain (43ms)
			TypeCache.Refresh (28ms)
				TypeCache.ScanAssembly (0ms)
			ScanForSourceGeneratedMonoScriptInfo (0ms)
			ResolveRequiredComponents (14ms)
	FinalizeReload (3353ms)
		ReleaseScriptCaches (0ms)
		RebuildScriptCaches (0ms)
		SetupLoadedEditorAssemblies (459ms)
			LogAssemblyErrors (0ms)
			InitializePlatformSupportModulesInManaged (7ms)
			SetLoadedEditorAssemblies (4ms)
			RefreshPlugins (0ms)
			BeforeProcessingInitializeOnLoad (44ms)
			ProcessInitializeOnLoadAttributes (391ms)
			ProcessInitializeOnLoadMethodAttributes (12ms)
			AfterProcessingInitializeOnLoad (1ms)
			EditorAssembliesLoaded (0ms)
		ExecutionOrderSort2 (0ms)
		AwakeInstancesAfterBackupRestoration (3ms)
Refreshing native plugins compatible for Editor in 7.50 ms, found 3 plugins.
Preloading 0 native plugins for Editor in 0.00 ms.
<HackaTime> Got response
{"id":2740973465,"user_id":61064,"branch":"main","category":"coding","dependencies":[],"editor":"unity","entity":"Unsaved Scene","language":"unity","machine":null,"operating_system":null,"project":"Duos","type":"file","user_agent":"unity-hackatime","line_additions":null,"line_deletions":null,"lineno":null,"lines":null,"cursorpos":null,"project_root_count":null,"time":1791008384.0,"is_write":false,"created_at":"2026-10-03T06:20:03.718Z","updated_at":"2026-10-03T06:20:03.718Z","fields_hash":"0596e8e92acf227a7f614c2a3208f0c8","source_type":"direct_entry","ip_address":"2001:8003:cc20:b000:d019:d93e:3ea5:ef8b","deleted_at":null,"ja4_id":41,"ai_model":null,"ai_session":null,"ai_subscription_plan":null,"ai_input_tokens":null,"ai_output_tokens":null,"ai_prompt_length":null,"ai_line_changes":null,"human_line_changes":null}
UnityEngine.StackTraceUtility:ExtractStackTrace () (at /Users/bokken/build/output/unity/unity/Runtime/Export/Scripting/StackTrace.cs:37)
UnityEngine.DebugLogHandler:LogFormat (UnityEngine.LogType,UnityEngine.Object,string,object[])
UnityEngine.Logger:Log (UnityEngine.LogType,object)
UnityEngine.Debug:Log (object)
WakaTime.Plugin/<SendHeartbeat>d__29:MoveNext () (at ./Library/PackageCache/com.daniel-geo.unityhackatime@5ac210a9a2/Editor/Plugin.cs:187)
System.Runtime.CompilerServices.AsyncMethodBuilderCore/MoveNextRunner:InvokeMoveNext (object)
System.Threading.ExecutionContext:RunInternal (System.Threading.ExecutionContext,System.Threading.ContextCallback,object,bool)
System.Threading.ExecutionContext:Run (System.Threading.ExecutionContext,System.Threading.ContextCallback,object,bool)
System.Runtime.CompilerServices.AsyncMethodBuilderCore/MoveNextRunner:Run ()
System.Threading.Tasks.AwaitTaskContinuation:InvokeAction (object)
System.Threading.Tasks.AwaitTaskContinuation:RunCallback (System.Threading.ContextCallback,object,System.Threading.Tasks.Task&)
System.Threading.Tasks.SynchronizationContextAwaitTaskContinuation:Run (System.Threading.Tasks.Task,bool)
System.Threading.Tasks.Task:FinishContinuations ()
System.Threading.Tasks.Task:FinishStageThree ()
System.Threading.Tasks.Task`1<bool>:TrySetResult (bool)
System.Threading.Tasks.TaskCompletionSource`1<bool>:TrySetResult (bool)
WakaTime.Plugin/<>c__DisplayClass29_0:<SendHeartbeat>b__0 (UnityEngine.AsyncOperation) (at ./Library/PackageCache/com.daniel-geo.unityhackatime@5ac210a9a2/Editor/Plugin.cs:176)
UnityEngine.AsyncOperation:InvokeCompletionEvent () (at /Users/bokken/build/output/unity/unity/Runtime/Export/Scripting/AsyncOperation.cs:21)

(Filename: ./Library/PackageCache/com.daniel-geo.unityhackatime@5ac210a9a2/Editor/Plugin.cs Line: 187)

<HackaTime> Sent heartbeat!
UnityEngine.StackTraceUtility:ExtractStackTrace () (at /Users/bokken/build/output/unity/unity/Runtime/Export/Scripting/StackTrace.cs:37)
UnityEngine.DebugLogHandler:LogFormat (UnityEngine.LogType,UnityEngine.Object,string,object[])
UnityEngine.Logger:Log (UnityEngine.LogType,object)
UnityEngine.Debug:Log (object)
WakaTime.Plugin/<SendHeartbeat>d__29:MoveNext () (at ./Library/PackageCache/com.daniel-geo.unityhackatime@5ac210a9a2/Editor/Plugin.cs:203)
System.Runtime.CompilerServices.AsyncMethodBuilderCore/MoveNextRunner:InvokeMoveNext (object)
System.Threading.ExecutionContext:RunInternal (System.Threading.ExecutionContext,System.Threading.ContextCallback,object,bool)
System.Threading.ExecutionContext:Run (System.Threading.ExecutionContext,System.Threading.ContextCallback,object,bool)
System.Runtime.CompilerServices.AsyncMethodBuilderCore/MoveNextRunner:Run ()
System.Threading.Tasks.AwaitTaskContinuation:InvokeAction (object)
System.Threading.Tasks.AwaitTaskContinuation:RunCallback (System.Threading.ContextCallback,object,System.Threading.Tasks.Task&)
System.Threading.Tasks.SynchronizationContextAwaitTaskContinuation:Run (System.Threading.Tasks.Task,bool)
System.Threading.Tasks.Task:FinishContinuations ()
System.Threading.Tasks.Task:FinishStageThree ()
System.Threading.Tasks.Task`1<bool>:TrySetResult (bool)
System.Threading.Tasks.TaskCompletionSource`1<bool>:TrySetResult (bool)
WakaTime.Plugin/<>c__DisplayClass29_0:<SendHeartbeat>b__0 (UnityEngine.AsyncOperation) (at ./Library/PackageCache/com.daniel-geo.unityhackatime@5ac210a9a2/Editor/Plugin.cs:176)
UnityEngine.AsyncOperation:InvokeCompletionEvent () (at /Users/bokken/build/output/unity/unity/Runtime/Export/Scripting/AsyncOperation.cs:21)

(Filename: ./Library/PackageCache/com.daniel-geo.unityhackatime@5ac210a9a2/Editor/Plugin.cs Line: 203)

Unloading 3686 Unused Serialized files (Serialized files now loaded: 0)
Unloading 47 unused Assets / (1.8 MB). Loaded Objects now: 4300.
Memory consumption went from 324.9 MB to 323.2 MB.
Total: 13.738542 ms (FindLiveObjects: 0.345875 ms CreateObjectMapping: 0.050834 ms MarkObjects: 12.236000 ms  DeleteObjects: 1.105334 ms)

Prepare: number of updated asset objects reloaded= 0
AssetImportParameters requested are different than current active one (requested -> active):
  custom:container-demuxer-ogg: 62fdf1f143b41e24485cea50d1cbac27 -> 
  custom:video-decoder-ogg-theora: a1e56fd34408186e4bbccfd4996cb3dc -> 
  custom:CustomObjectIndexerAttribute: 9a22284fe3817be447336de3de66b15e -> 
  custom:container-demuxer-webm: 4f35f7cbe854078d1ac9338744f61a02 -> 
  custom:container-muxer-webm: aa71ff27fc2769a1b78a27578f13a17b -> 
  custom:video-decoder-webm-vp8: 9c59270c3fd7afecdb556c50c9e8de78 -> 
  custom:SearchIndexIgnoredProperties: e643bd26f0fe6173181afceb89e7c659 -> 
  custom:AudioImporter_EditorPlatform: 3918e3fc78b5a79bad01e8451be0beb8 -> 
  custom:framework-osx-AVFoundation: e770b220cccbd017edd2c1fefb359320 -> 
  custom:video-encoder-webm-vp8: eb34c28f22e8b96e1ab97ce403110664 -> 
  custom:audio-decoder-ogg-vorbis: bf7c407c2cedff20999df2af8eb42d56 -> 
  custom:audio-encoder-webm-vorbis: bf7c407c2cedff20999df2af8eb42d56 -> 
========================================================================
Received Prepare
Begin MonoManager ReloadAssembly
Thread 0x16d83b000 may have been prematurely finalized
- Loaded All Assemblies, in  0.458 seconds
Refreshing native plugins compatible for Editor in 3.75 ms, found 3 plugins.
Native extension for OSXStandalone target not found
<HackaTime> Initializing...
UnityEngine.StackTraceUtility:ExtractStackTrace () (at /Users/bokken/build/output/unity/unity/Runtime/Export/Scripting/StackTrace.cs:37)
UnityEngine.DebugLogHandler:LogFormat (UnityEngine.LogType,UnityEngine.Object,string,object[])
UnityEngine.Logger:Log (UnityEngine.LogType,object)
UnityEngine.Debug:Log (object)
WakaTime.Plugin:Initialize () (at ./Library/PackageCache/com.daniel-geo.unityhackatime@5ac210a9a2/Editor/Plugin.cs:76)
WakaTime.Plugin:.cctor () (at ./Library/PackageCache/com.daniel-geo.unityhackatime@5ac210a9a2/Editor/Plugin.cs:41)
System.Runtime.CompilerServices.RuntimeHelpers:RunClassConstructor (System.RuntimeTypeHandle)
UnityEditor.EditorAssemblies:ProcessInitializeOnLoadAttributes (System.Type[]) (at /Users/bokken/build/output/unity/unity/Editor/Mono/EditorAssemblies.cs:119)

(Filename: ./Library/PackageCache/com.daniel-geo.unityhackatime@5ac210a9a2/Editor/Plugin.cs Line: 76)

<HackaTime> Sending heartbeat...
UnityEngine.StackTraceUtility:ExtractStackTrace () (at /Users/bokken/build/output/unity/unity/Runtime/Export/Scripting/StackTrace.cs:37)
UnityEngine.DebugLogHandler:LogFormat (UnityEngine.LogType,UnityEngine.Object,string,object[])
UnityEngine.Logger:Log (UnityEngine.LogType,object)
UnityEngine.Debug:Log (object)
WakaTime.Plugin/<SendHeartbeat>d__29:MoveNext () (at ./Library/PackageCache/com.daniel-geo.unityhackatime@5ac210a9a2/Editor/Plugin.cs:144)
System.Runtime.CompilerServices.AsyncVoidMethodBuilder:Start<WakaTime.Plugin/<SendHeartbeat>d__29> (WakaTime.Plugin/<SendHeartbeat>d__29&)
WakaTime.Plugin:SendHeartbeat (bool)
WakaTime.Plugin:Initialize () (at ./Library/PackageCache/com.daniel-geo.unityhackatime@5ac210a9a2/Editor/Plugin.cs:78)
WakaTime.Plugin:.cctor () (at ./Library/PackageCache/com.daniel-geo.unityhackatime@5ac210a9a2/Editor/Plugin.cs:41)
System.Runtime.CompilerServices.RuntimeHelpers:RunClassConstructor (System.RuntimeTypeHandle)
UnityEditor.EditorAssemblies:ProcessInitializeOnLoadAttributes (System.Type[]) (at /Users/bokken/build/output/unity/unity/Editor/Mono/EditorAssemblies.cs:119)

(Filename: ./Library/PackageCache/com.daniel-geo.unityhackatime@5ac210a9a2/Editor/Plugin.cs Line: 144)

Mono: successfully reloaded assembly
- Finished resetting the current domain, in  2.727 seconds
Domain Reload Profiling: 3185ms
	BeginReloadAssembly (169ms)
		ExecutionOrderSort (0ms)
		DisableScriptedObjects (4ms)
		BackupInstance (0ms)
		ReleaseScriptingObjects (0ms)
		CreateAndSetChildDomain (57ms)
	RebuildCommonClasses (28ms)
	RebuildNativeTypeToScriptingClass (9ms)
	initialDomainReloadingComplete (21ms)
	LoadAllAssembliesAndSetupDomain (231ms)
		LoadAssemblies (297ms)
		RebuildTransferFunctionScriptingTraits (0ms)
		AnalyzeDomain (16ms)
			TypeCache.Refresh (9ms)
				TypeCache.ScanAssembly (0ms)
			ScanForSourceGeneratedMonoScriptInfo (0ms)
			ResolveRequiredComponents (6ms)
	FinalizeReload (2727ms)
		ReleaseScriptCaches (0ms)
		RebuildScriptCaches (0ms)
		SetupLoadedEditorAssemblies (467ms)
			LogAssemblyErrors (0ms)
			InitializePlatformSupportModulesInManaged (7ms)
			SetLoadedEditorAssemblies (3ms)
			RefreshPlugins (0ms)
			BeforeProcessingInitializeOnLoad (47ms)
			ProcessInitializeOnLoadAttributes (397ms)
			ProcessInitializeOnLoadMethodAttributes (13ms)
			AfterProcessingInitializeOnLoad (1ms)
			EditorAssembliesLoaded (0ms)
		ExecutionOrderSort2 (0ms)
		AwakeInstancesAfterBackupRestoration (3ms)
Refreshing native plugins compatible for Editor in 2.49 ms, found 3 plugins.
Preloading 0 native plugins for Editor in 0.00 ms.
<HackaTime> Got response
{"id":2740990405,"user_id":61064,"branch":"main","category":"coding","dependencies":[],"editor":"unity","entity":"Unsaved Scene","language":"unity","machine":null,"operating_system":null,"project":"Duos","type":"file","user_agent":"unity-hackatime","line_additions":null,"line_deletions":null,"lineno":null,"lines":null,"cursorpos":null,"project_root_count":null,"time":1791010432.0,"is_write":false,"created_at":"2026-10-03T06:53:45.658Z","updated_at":"2026-10-03T06:53:45.658Z","fields_hash":"f749261405bb584d7ef58ad02fac77ee","source_type":"direct_entry","ip_address":"2001:8003:cc20:b000:d019:d93e:3ea5:ef8b","deleted_at":null,"ja4_id":41,"ai_model":null,"ai_session":null,"ai_subscription_plan":null,"ai_input_tokens":null,"ai_output_tokens":null,"ai_prompt_length":null,"ai_line_changes":null,"human_line_changes":null}
UnityEngine.StackTraceUtility:ExtractStackTrace () (at /Users/bokken/build/output/unity/unity/Runtime/Export/Scripting/StackTrace.cs:37)
UnityEngine.DebugLogHandler:LogFormat (UnityEngine.LogType,UnityEngine.Object,string,object[])
UnityEngine.Logger:Log (UnityEngine.LogType,object)
UnityEngine.Debug:Log (object)
WakaTime.Plugin/<SendHeartbeat>d__29:MoveNext () (at ./Library/PackageCache/com.daniel-geo.unityhackatime@5ac210a9a2/Editor/Plugin.cs:187)
System.Runtime.CompilerServices.AsyncMethodBuilderCore/MoveNextRunner:InvokeMoveNext (object)
System.Threading.ExecutionContext:RunInternal (System.Threading.ExecutionContext,System.Threading.ContextCallback,object,bool)
System.Threading.ExecutionContext:Run (System.Threading.ExecutionContext,System.Threading.ContextCallback,object,bool)
System.Runtime.CompilerServices.AsyncMethodBuilderCore/MoveNextRunner:Run ()
System.Threading.Tasks.AwaitTaskContinuation:InvokeAction (object)
System.Threading.Tasks.AwaitTaskContinuation:RunCallback (System.Threading.ContextCallback,object,System.Threading.Tasks.Task&)
System.Threading.Tasks.SynchronizationContextAwaitTaskContinuation:Run (System.Threading.Tasks.Task,bool)
System.Threading.Tasks.Task:FinishContinuations ()
System.Threading.Tasks.Task:FinishStageThree ()
System.Threading.Tasks.Task`1<bool>:TrySetResult (bool)
System.Threading.Tasks.TaskCompletionSource`1<bool>:TrySetResult (bool)
WakaTime.Plugin/<>c__DisplayClass29_0:<SendHeartbeat>b__0 (UnityEngine.AsyncOperation) (at ./Library/PackageCache/com.daniel-geo.unityhackatime@5ac210a9a2/Editor/Plugin.cs:176)
UnityEngine.AsyncOperation:InvokeCompletionEvent () (at /Users/bokken/build/output/unity/unity/Runtime/Export/Scripting/AsyncOperation.cs:21)

(Filename: ./Library/PackageCache/com.daniel-geo.unityhackatime@5ac210a9a2/Editor/Plugin.cs Line: 187)

<HackaTime> Sent heartbeat!
UnityEngine.StackTraceUtility:ExtractStackTrace () (at /Users/bokken/build/output/unity/unity/Runtime/Export/Scripting/StackTrace.cs:37)
UnityEngine.DebugLogHandler:LogFormat (UnityEngine.LogType,UnityEngine.Object,string,object[])
UnityEngine.Logger:Log (UnityEngine.LogType,object)
UnityEngine.Debug:Log (object)
WakaTime.Plugin/<SendHeartbeat>d__29:MoveNext () (at ./Library/PackageCache/com.daniel-geo.unityhackatime@5ac210a9a2/Editor/Plugin.cs:203)
System.Runtime.CompilerServices.AsyncMethodBuilderCore/MoveNextRunner:InvokeMoveNext (object)
System.Threading.ExecutionContext:RunInternal (System.Threading.ExecutionContext,System.Threading.ContextCallback,object,bool)
System.Threading.ExecutionContext:Run (System.Threading.ExecutionContext,System.Threading.ContextCallback,object,bool)
System.Runtime.CompilerServices.AsyncMethodBuilderCore/MoveNextRunner:Run ()
System.Threading.Tasks.AwaitTaskContinuation:InvokeAction (object)
System.Threading.Tasks.AwaitTaskContinuation:RunCallback (System.Threading.ContextCallback,object,System.Threading.Tasks.Task&)
System.Threading.Tasks.SynchronizationContextAwaitTaskContinuation:Run (System.Threading.Tasks.Task,bool)
System.Threading.Tasks.Task:FinishContinuations ()
System.Threading.Tasks.Task:FinishStageThree ()
System.Threading.Tasks.Task`1<bool>:TrySetResult (bool)
System.Threading.Tasks.TaskCompletionSource`1<bool>:TrySetResult (bool)
WakaTime.Plugin/<>c__DisplayClass29_0:<SendHeartbeat>b__0 (UnityEngine.AsyncOperation) (at ./Library/PackageCache/com.daniel-geo.unityhackatime@5ac210a9a2/Editor/Plugin.cs:176)
UnityEngine.AsyncOperation:InvokeCompletionEvent () (at /Users/bokken/build/output/unity/unity/Runtime/Export/Scripting/AsyncOperation.cs:21)

(Filename: ./Library/PackageCache/com.daniel-geo.unityhackatime@5ac210a9a2/Editor/Plugin.cs Line: 203)

Unloading 3686 Unused Serialized files (Serialized files now loaded: 0)
Unloading 47 unused Assets / (1.8 MB). Loaded Objects now: 4304.
Memory consumption went from 332.2 MB to 330.4 MB.
Total: 3.852708 ms (FindLiveObjects: 0.270041 ms CreateObjectMapping: 0.063917 ms MarkObjects: 3.248917 ms  DeleteObjects: 0.268875 ms)

Prepare: number of updated asset objects reloaded= 0
AssetImportParameters requested are different than current active one (requested -> active):
  custom:container-demuxer-ogg: 62fdf1f143b41e24485cea50d1cbac27 -> 
  custom:video-decoder-ogg-theora: a1e56fd34408186e4bbccfd4996cb3dc -> 
  custom:CustomObjectIndexerAttribute: 9a22284fe3817be447336de3de66b15e -> 
  custom:container-demuxer-webm: 4f35f7cbe854078d1ac9338744f61a02 -> 
  custom:container-muxer-webm: aa71ff27fc2769a1b78a27578f13a17b -> 
  custom:video-decoder-webm-vp8: 9c59270c3fd7afecdb556c50c9e8de78 -> 
  custom:SearchIndexIgnoredProperties: e643bd26f0fe6173181afceb89e7c659 -> 
  custom:AudioImporter_EditorPlatform: 3918e3fc78b5a79bad01e8451be0beb8 -> 
  custom:framework-osx-AVFoundation: e770b220cccbd017edd2c1fefb359320 -> 
  custom:video-encoder-webm-vp8: eb34c28f22e8b96e1ab97ce403110664 -> 
  custom:audio-decoder-ogg-vorbis: bf7c407c2cedff20999df2af8eb42d56 -> 
  custom:audio-encoder-webm-vorbis: bf7c407c2cedff20999df2af8eb42d56 -> 
========================================================================
Received Prepare
Begin MonoManager ReloadAssembly
Thread 0x16d83b000 may have been prematurely finalized
- Loaded All Assemblies, in  0.894 seconds
Refreshing native plugins compatible for Editor in 2.20 ms, found 3 plugins.
Native extension for OSXStandalone target not found
<HackaTime> Initializing...
UnityEngine.StackTraceUtility:ExtractStackTrace () (at /Users/bokken/build/output/unity/unity/Runtime/Export/Scripting/StackTrace.cs:37)
UnityEngine.DebugLogHandler:LogFormat (UnityEngine.LogType,UnityEngine.Object,string,object[])
UnityEngine.Logger:Log (UnityEngine.LogType,object)
UnityEngine.Debug:Log (object)
WakaTime.Plugin:Initialize () (at ./Library/PackageCache/com.daniel-geo.unityhackatime@5ac210a9a2/Editor/Plugin.cs:76)
WakaTime.Plugin:.cctor () (at ./Library/PackageCache/com.daniel-geo.unityhackatime@5ac210a9a2/Editor/Plugin.cs:41)
System.Runtime.CompilerServices.RuntimeHelpers:RunClassConstructor (System.RuntimeTypeHandle)
UnityEditor.EditorAssemblies:ProcessInitializeOnLoadAttributes (System.Type[]) (at /Users/bokken/build/output/unity/unity/Editor/Mono/EditorAssemblies.cs:119)

(Filename: ./Library/PackageCache/com.daniel-geo.unityhackatime@5ac210a9a2/Editor/Plugin.cs Line: 76)

<HackaTime> Sending heartbeat...
UnityEngine.StackTraceUtility:ExtractStackTrace () (at /Users/bokken/build/output/unity/unity/Runtime/Export/Scripting/StackTrace.cs:37)
UnityEngine.DebugLogHandler:LogFormat (UnityEngine.LogType,UnityEngine.Object,string,object[])
UnityEngine.Logger:Log (UnityEngine.LogType,object)
UnityEngine.Debug:Log (object)
WakaTime.Plugin/<SendHeartbeat>d__29:MoveNext () (at ./Library/PackageCache/com.daniel-geo.unityhackatime@5ac210a9a2/Editor/Plugin.cs:144)
System.Runtime.CompilerServices.AsyncVoidMethodBuilder:Start<WakaTime.Plugin/<SendHeartbeat>d__29> (WakaTime.Plugin/<SendHeartbeat>d__29&)
WakaTime.Plugin:SendHeartbeat (bool)
WakaTime.Plugin:Initialize () (at ./Library/PackageCache/com.daniel-geo.unityhackatime@5ac210a9a2/Editor/Plugin.cs:78)
WakaTime.Plugin:.cctor () (at ./Library/PackageCache/com.daniel-geo.unityhackatime@5ac210a9a2/Editor/Plugin.cs:41)
System.Runtime.CompilerServices.RuntimeHelpers:RunClassConstructor (System.RuntimeTypeHandle)
UnityEditor.EditorAssemblies:ProcessInitializeOnLoadAttributes (System.Type[]) (at /Users/bokken/build/output/unity/unity/Editor/Mono/EditorAssemblies.cs:119)

(Filename: ./Library/PackageCache/com.daniel-geo.unityhackatime@5ac210a9a2/Editor/Plugin.cs Line: 144)

Mono: successfully reloaded assembly
- Finished resetting the current domain, in  3.260 seconds
Domain Reload Profiling: 4159ms
	BeginReloadAssembly (393ms)
		ExecutionOrderSort (0ms)
		DisableScriptedObjects (10ms)
		BackupInstance (0ms)
		ReleaseScriptingObjects (0ms)
		CreateAndSetChildDomain (112ms)
	RebuildCommonClasses (28ms)
	RebuildNativeTypeToScriptingClass (9ms)
	initialDomainReloadingComplete (20ms)
	LoadAllAssembliesAndSetupDomain (449ms)
		LoadAssemblies (645ms)
		RebuildTransferFunctionScriptingTraits (0ms)
		AnalyzeDomain (28ms)
			TypeCache.Refresh (20ms)
				TypeCache.ScanAssembly (0ms)
			ScanForSourceGeneratedMonoScriptInfo (0ms)
			ResolveRequiredComponents (7ms)
	FinalizeReload (3260ms)
		ReleaseScriptCaches (0ms)
		RebuildScriptCaches (0ms)
		SetupLoadedEditorAssemblies (493ms)
			LogAssemblyErrors (0ms)
			InitializePlatformSupportModulesInManaged (4ms)
			SetLoadedEditorAssemblies (3ms)
			RefreshPlugins (0ms)
			BeforeProcessingInitializeOnLoad (43ms)
			ProcessInitializeOnLoadAttributes (426ms)
			ProcessInitializeOnLoadMethodAttributes (15ms)
			AfterProcessingInitializeOnLoad (1ms)
			EditorAssembliesLoaded (1ms)
		ExecutionOrderSort2 (0ms)
		AwakeInstancesAfterBackupRestoration (4ms)
Refreshing native plugins compatible for Editor in 2.74 ms, found 3 plugins.
Preloading 0 native plugins for Editor in 0.00 ms.
<HackaTime> Got response
{"id":2741089469,"user_id":61064,"branch":"main","category":"coding","dependencies":[],"editor":"unity","entity":"Unsaved Scene","language":"unity","machine":null,"operating_system":null,"project":"Duos","type":"file","user_agent":"unity-hackatime","line_additions":null,"line_deletions":null,"lineno":null,"lines":null,"cursorpos":null,"project_root_count":null,"time":1791018752.0,"is_write":false,"created_at":"2026-10-03T09:11:57.637Z","updated_at":"2026-10-03T09:11:57.637Z","fields_hash":"02b104ca56b6766a78ae049b27f27b21","source_type":"direct_entry","ip_address":"2001:8003:cc20:b000:7ce7:6084:d273:5081","deleted_at":null,"ja4_id":41,"ai_model":null,"ai_session":null,"ai_subscription_plan":null,"ai_input_tokens":null,"ai_output_tokens":null,"ai_prompt_length":null,"ai_line_changes":null,"human_line_changes":null}
UnityEngine.StackTraceUtility:ExtractStackTrace () (at /Users/bokken/build/output/unity/unity/Runtime/Export/Scripting/StackTrace.cs:37)
UnityEngine.DebugLogHandler:LogFormat (UnityEngine.LogType,UnityEngine.Object,string,object[])
UnityEngine.Logger:Log (UnityEngine.LogType,object)
UnityEngine.Debug:Log (object)
WakaTime.Plugin/<SendHeartbeat>d__29:MoveNext () (at ./Library/PackageCache/com.daniel-geo.unityhackatime@5ac210a9a2/Editor/Plugin.cs:187)
System.Runtime.CompilerServices.AsyncMethodBuilderCore/MoveNextRunner:InvokeMoveNext (object)
System.Threading.ExecutionContext:RunInternal (System.Threading.ExecutionContext,System.Threading.ContextCallback,object,bool)
System.Threading.ExecutionContext:Run (System.Threading.ExecutionContext,System.Threading.ContextCallback,object,bool)
System.Runtime.CompilerServices.AsyncMethodBuilderCore/MoveNextRunner:Run ()
System.Threading.Tasks.AwaitTaskContinuation:InvokeAction (object)
System.Threading.Tasks.AwaitTaskContinuation:RunCallback (System.Threading.ContextCallback,object,System.Threading.Tasks.Task&)
System.Threading.Tasks.SynchronizationContextAwaitTaskContinuation:Run (System.Threading.Tasks.Task,bool)
System.Threading.Tasks.Task:FinishContinuations ()
System.Threading.Tasks.Task:FinishStageThree ()
System.Threading.Tasks.Task`1<bool>:TrySetResult (bool)
System.Threading.Tasks.TaskCompletionSource`1<bool>:TrySetResult (bool)
WakaTime.Plugin/<>c__DisplayClass29_0:<SendHeartbeat>b__0 (UnityEngine.AsyncOperation) (at ./Library/PackageCache/com.daniel-geo.unityhackatime@5ac210a9a2/Editor/Plugin.cs:176)
UnityEngine.AsyncOperation:InvokeCompletionEvent () (at /Users/bokken/build/output/unity/unity/Runtime/Export/Scripting/AsyncOperation.cs:21)

(Filename: ./Library/PackageCache/com.daniel-geo.unityhackatime@5ac210a9a2/Editor/Plugin.cs Line: 187)

<HackaTime> Sent heartbeat!
UnityEngine.StackTraceUtility:ExtractStackTrace () (at /Users/bokken/build/output/unity/unity/Runtime/Export/Scripting/StackTrace.cs:37)
UnityEngine.DebugLogHandler:LogFormat (UnityEngine.LogType,UnityEngine.Object,string,object[])
UnityEngine.Logger:Log (UnityEngine.LogType,object)
UnityEngine.Debug:Log (object)
WakaTime.Plugin/<SendHeartbeat>d__29:MoveNext () (at ./Library/PackageCache/com.daniel-geo.unityhackatime@5ac210a9a2/Editor/Plugin.cs:203)
System.Runtime.CompilerServices.AsyncMethodBuilderCore/MoveNextRunner:InvokeMoveNext (object)
System.Threading.ExecutionContext:RunInternal (System.Threading.ExecutionContext,System.Threading.ContextCallback,object,bool)
System.Threading.ExecutionContext:Run (System.Threading.ExecutionContext,System.Threading.ContextCallback,object,bool)
System.Runtime.CompilerServices.AsyncMethodBuilderCore/MoveNextRunner:Run ()
System.Threading.Tasks.AwaitTaskContinuation:InvokeAction (object)
System.Threading.Tasks.AwaitTaskContinuation:RunCallback (System.Threading.ContextCallback,object,System.Threading.Tasks.Task&)
System.Threading.Tasks.SynchronizationContextAwaitTaskContinuation:Run (System.Threading.Tasks.Task,bool)
System.Threading.Tasks.Task:FinishContinuations ()
System.Threading.Tasks.Task:FinishStageThree ()
System.Threading.Tasks.Task`1<bool>:TrySetResult (bool)
System.Threading.Tasks.TaskCompletionSource`1<bool>:TrySetResult (bool)
WakaTime.Plugin/<>c__DisplayClass29_0:<SendHeartbeat>b__0 (UnityEngine.AsyncOperation) (at ./Library/PackageCache/com.daniel-geo.unityhackatime@5ac210a9a2/Editor/Plugin.cs:176)
UnityEngine.AsyncOperation:InvokeCompletionEvent () (at /Users/bokken/build/output/unity/unity/Runtime/Export/Scripting/AsyncOperation.cs:21)

(Filename: ./Library/PackageCache/com.daniel-geo.unityhackatime@5ac210a9a2/Editor/Plugin.cs Line: 203)

Unloading 3686 Unused Serialized files (Serialized files now loaded: 0)
Unloading 47 unused Assets / (1.8 MB). Loaded Objects now: 4308.
Memory consumption went from 339.3 MB to 337.5 MB.
Total: 5.679834 ms (FindLiveObjects: 0.157333 ms CreateObjectMapping: 0.048042 ms MarkObjects: 5.053875 ms  DeleteObjects: 0.420250 ms)

Prepare: number of updated asset objects reloaded= 0
AssetImportParameters requested are different than current active one (requested -> active):
  custom:container-demuxer-ogg: 62fdf1f143b41e24485cea50d1cbac27 -> 
  custom:video-decoder-ogg-theora: a1e56fd34408186e4bbccfd4996cb3dc -> 
  custom:CustomObjectIndexerAttribute: 9a22284fe3817be447336de3de66b15e -> 
  custom:container-demuxer-webm: 4f35f7cbe854078d1ac9338744f61a02 -> 
  custom:container-muxer-webm: aa71ff27fc2769a1b78a27578f13a17b -> 
  custom:video-decoder-webm-vp8: 9c59270c3fd7afecdb556c50c9e8de78 -> 
  custom:SearchIndexIgnoredProperties: e643bd26f0fe6173181afceb89e7c659 -> 
  custom:AudioImporter_EditorPlatform: 3918e3fc78b5a79bad01e8451be0beb8 -> 
  custom:framework-osx-AVFoundation: e770b220cccbd017edd2c1fefb359320 -> 
  custom:video-encoder-webm-vp8: eb34c28f22e8b96e1ab97ce403110664 -> 
  custom:audio-decoder-ogg-vorbis: bf7c407c2cedff20999df2af8eb42d56 -> 
  custom:audio-encoder-webm-vorbis: bf7c407c2cedff20999df2af8eb42d56 -> 
========================================================================
Received Prepare
Begin MonoManager ReloadAssembly
Thread 0x17ffeb000 may have been prematurely finalized
- Loaded All Assemblies, in  0.513 seconds
Refreshing native plugins compatible for Editor in 2.86 ms, found 3 plugins.
Native extension for OSXStandalone target not found
<HackaTime> Initializing...
UnityEngine.StackTraceUtility:ExtractStackTrace () (at /Users/bokken/build/output/unity/unity/Runtime/Export/Scripting/StackTrace.cs:37)
UnityEngine.DebugLogHandler:LogFormat (UnityEngine.LogType,UnityEngine.Object,string,object[])
UnityEngine.Logger:Log (UnityEngine.LogType,object)
UnityEngine.Debug:Log (object)
WakaTime.Plugin:Initialize () (at ./Library/PackageCache/com.daniel-geo.unityhackatime@5ac210a9a2/Editor/Plugin.cs:76)
WakaTime.Plugin:.cctor () (at ./Library/PackageCache/com.daniel-geo.unityhackatime@5ac210a9a2/Editor/Plugin.cs:41)
System.Runtime.CompilerServices.RuntimeHelpers:RunClassConstructor (System.RuntimeTypeHandle)
UnityEditor.EditorAssemblies:ProcessInitializeOnLoadAttributes (System.Type[]) (at /Users/bokken/build/output/unity/unity/Editor/Mono/EditorAssemblies.cs:119)

(Filename: ./Library/PackageCache/com.daniel-geo.unityhackatime@5ac210a9a2/Editor/Plugin.cs Line: 76)

<HackaTime> Sending heartbeat...
UnityEngine.StackTraceUtility:ExtractStackTrace () (at /Users/bokken/build/output/unity/unity/Runtime/Export/Scripting/StackTrace.cs:37)
UnityEngine.DebugLogHandler:LogFormat (UnityEngine.LogType,UnityEngine.Object,string,object[])
UnityEngine.Logger:Log (UnityEngine.LogType,object)
UnityEngine.Debug:Log (object)
WakaTime.Plugin/<SendHeartbeat>d__29:MoveNext () (at ./Library/PackageCache/com.daniel-geo.unityhackatime@5ac210a9a2/Editor/Plugin.cs:144)
System.Runtime.CompilerServices.AsyncVoidMethodBuilder:Start<WakaTime.Plugin/<SendHeartbeat>d__29> (WakaTime.Plugin/<SendHeartbeat>d__29&)
WakaTime.Plugin:SendHeartbeat (bool)
WakaTime.Plugin:Initialize () (at ./Library/PackageCache/com.daniel-geo.unityhackatime@5ac210a9a2/Editor/Plugin.cs:78)
WakaTime.Plugin:.cctor () (at ./Library/PackageCache/com.daniel-geo.unityhackatime@5ac210a9a2/Editor/Plugin.cs:41)
System.Runtime.CompilerServices.RuntimeHelpers:RunClassConstructor (System.RuntimeTypeHandle)
UnityEditor.EditorAssemblies:ProcessInitializeOnLoadAttributes (System.Type[]) (at /Users/bokken/build/output/unity/unity/Editor/Mono/EditorAssemblies.cs:119)

(Filename: ./Library/PackageCache/com.daniel-geo.unityhackatime@5ac210a9a2/Editor/Plugin.cs Line: 144)

Mono: successfully reloaded assembly
- Finished resetting the current domain, in  1.473 seconds
Domain Reload Profiling: 1987ms
	BeginReloadAssembly (187ms)
		ExecutionOrderSort (0ms)
		DisableScriptedObjects (6ms)
		BackupInstance (0ms)
		ReleaseScriptingObjects (0ms)
		CreateAndSetChildDomain (54ms)
	RebuildCommonClasses (29ms)
	RebuildNativeTypeToScriptingClass (10ms)
	initialDomainReloadingComplete (16ms)
	LoadAllAssembliesAndSetupDomain (271ms)
		LoadAssemblies (337ms)
		RebuildTransferFunctionScriptingTraits (0ms)
		AnalyzeDomain (30ms)
			TypeCache.Refresh (20ms)
				TypeCache.ScanAssembly (1ms)
			ScanForSourceGeneratedMonoScriptInfo (5ms)
			ResolveRequiredComponents (4ms)
	FinalizeReload (1474ms)
		ReleaseScriptCaches (0ms)
		RebuildScriptCaches (0ms)
		SetupLoadedEditorAssemblies (377ms)
			LogAssemblyErrors (0ms)
			InitializePlatformSupportModulesInManaged (3ms)
			SetLoadedEditorAssemblies (3ms)
			RefreshPlugins (0ms)
			BeforeProcessingInitializeOnLoad (42ms)
			ProcessInitializeOnLoadAttributes (316ms)
			ProcessInitializeOnLoadMethodAttributes (11ms)
			AfterProcessingInitializeOnLoad (1ms)
			EditorAssembliesLoaded (0ms)
		ExecutionOrderSort2 (0ms)
		AwakeInstancesAfterBackupRestoration (2ms)
Refreshing native plugins compatible for Editor in 3.33 ms, found 3 plugins.
Preloading 0 native plugins for Editor in 0.00 ms.
<HackaTime> Got response
{"id":2741092621,"user_id":61064,"branch":"main","category":"coding","dependencies":[],"editor":"unity","entity":"Unsaved Scene","language":"unity","machine":null,"operating_system":null,"project":"Duos","type":"file","user_agent":"unity-hackatime","line_additions":null,"line_deletions":null,"lineno":null,"lines":null,"cursorpos":null,"project_root_count":null,"time":1791019008.0,"is_write":false,"created_at":"2026-10-03T09:16:46.009Z","updated_at":"2026-10-03T09:16:46.009Z","fields_hash":"9588c5049f1abbbb59241cdd9de85753","source_type":"direct_entry","ip_address":"2001:8003:cc20:b000:7ce7:6084:d273:5081","deleted_at":null,"ja4_id":41,"ai_model":null,"ai_session":null,"ai_subscription_plan":null,"ai_input_tokens":null,"ai_output_tokens":null,"ai_prompt_length":null,"ai_line_changes":null,"human_line_changes":null}
UnityEngine.StackTraceUtility:ExtractStackTrace () (at /Users/bokken/build/output/unity/unity/Runtime/Export/Scripting/StackTrace.cs:37)
UnityEngine.DebugLogHandler:LogFormat (UnityEngine.LogType,UnityEngine.Object,string,object[])
UnityEngine.Logger:Log (UnityEngine.LogType,object)
UnityEngine.Debug:Log (object)
WakaTime.Plugin/<SendHeartbeat>d__29:MoveNext () (at ./Library/PackageCache/com.daniel-geo.unityhackatime@5ac210a9a2/Editor/Plugin.cs:187)
System.Runtime.CompilerServices.AsyncMethodBuilderCore/MoveNextRunner:InvokeMoveNext (object)
System.Threading.ExecutionContext:RunInternal (System.Threading.ExecutionContext,System.Threading.ContextCallback,object,bool)
System.Threading.ExecutionContext:Run (System.Threading.ExecutionContext,System.Threading.ContextCallback,object,bool)
System.Runtime.CompilerServices.AsyncMethodBuilderCore/MoveNextRunner:Run ()
System.Threading.Tasks.AwaitTaskContinuation:InvokeAction (object)
System.Threading.Tasks.AwaitTaskContinuation:RunCallback (System.Threading.ContextCallback,object,System.Threading.Tasks.Task&)
System.Threading.Tasks.SynchronizationContextAwaitTaskContinuation:Run (System.Threading.Tasks.Task,bool)
System.Threading.Tasks.Task:FinishContinuations ()
System.Threading.Tasks.Task:FinishStageThree ()
System.Threading.Tasks.Task`1<bool>:TrySetResult (bool)
System.Threading.Tasks.TaskCompletionSource`1<bool>:TrySetResult (bool)
WakaTime.Plugin/<>c__DisplayClass29_0:<SendHeartbeat>b__0 (UnityEngine.AsyncOperation) (at ./Library/PackageCache/com.daniel-geo.unityhackatime@5ac210a9a2/Editor/Plugin.cs:176)
UnityEngine.AsyncOperation:InvokeCompletionEvent () (at /Users/bokken/build/output/unity/unity/Runtime/Export/Scripting/AsyncOperation.cs:21)

(Filename: ./Library/PackageCache/com.daniel-geo.unityhackatime@5ac210a9a2/Editor/Plugin.cs Line: 187)

<HackaTime> Sent heartbeat!
UnityEngine.StackTraceUtility:ExtractStackTrace () (at /Users/bokken/build/output/unity/unity/Runtime/Export/Scripting/StackTrace.cs:37)
UnityEngine.DebugLogHandler:LogFormat (UnityEngine.LogType,UnityEngine.Object,string,object[])
UnityEngine.Logger:Log (UnityEngine.LogType,object)
UnityEngine.Debug:Log (object)
WakaTime.Plugin/<SendHeartbeat>d__29:MoveNext () (at ./Library/PackageCache/com.daniel-geo.unityhackatime@5ac210a9a2/Editor/Plugin.cs:203)
System.Runtime.CompilerServices.AsyncMethodBuilderCore/MoveNextRunner:InvokeMoveNext (object)
System.Threading.ExecutionContext:RunInternal (System.Threading.ExecutionContext,System.Threading.ContextCallback,object,bool)
System.Threading.ExecutionContext:Run (System.Threading.ExecutionContext,System.Threading.ContextCallback,object,bool)
System.Runtime.CompilerServices.AsyncMethodBuilderCore/MoveNextRunner:Run ()
System.Threading.Tasks.AwaitTaskContinuation:InvokeAction (object)
System.Threading.Tasks.AwaitTaskContinuation:RunCallback (System.Threading.ContextCallback,object,System.Threading.Tasks.Task&)
System.Threading.Tasks.SynchronizationContextAwaitTaskContinuation:Run (System.Threading.Tasks.Task,bool)
System.Threading.Tasks.Task:FinishContinuations ()
System.Threading.Tasks.Task:FinishStageThree ()
System.Threading.Tasks.Task`1<bool>:TrySetResult (bool)
System.Threading.Tasks.TaskCompletionSource`1<bool>:TrySetResult (bool)
WakaTime.Plugin/<>c__DisplayClass29_0:<SendHeartbeat>b__0 (UnityEngine.AsyncOperation) (at ./Library/PackageCache/com.daniel-geo.unityhackatime@5ac210a9a2/Editor/Plugin.cs:176)
UnityEngine.AsyncOperation:InvokeCompletionEvent () (at /Users/bokken/build/output/unity/unity/Runtime/Export/Scripting/AsyncOperation.cs:21)

(Filename: ./Library/PackageCache/com.daniel-geo.unityhackatime@5ac210a9a2/Editor/Plugin.cs Line: 203)

Unloading 3686 Unused Serialized files (Serialized files now loaded: 0)
Unloading 47 unused Assets / (1.8 MB). Loaded Objects now: 4312.
Memory consumption went from 346.5 MB to 344.7 MB.
Total: 3.779166 ms (FindLiveObjects: 0.206292 ms CreateObjectMapping: 0.050000 ms MarkObjects: 3.186750 ms  DeleteObjects: 0.335125 ms)

Prepare: number of updated asset objects reloaded= 0
AssetImportParameters requested are different than current active one (requested -> active):
  custom:container-demuxer-ogg: 62fdf1f143b41e24485cea50d1cbac27 -> 
  custom:video-decoder-ogg-theora: a1e56fd34408186e4bbccfd4996cb3dc -> 
  custom:CustomObjectIndexerAttribute: 9a22284fe3817be447336de3de66b15e -> 
  custom:container-demuxer-webm: 4f35f7cbe854078d1ac9338744f61a02 -> 
  custom:container-muxer-webm: aa71ff27fc2769a1b78a27578f13a17b -> 
  custom:video-decoder-webm-vp8: 9c59270c3fd7afecdb556c50c9e8de78 -> 
  custom:SearchIndexIgnoredProperties: e643bd26f0fe6173181afceb89e7c659 -> 
  custom:AudioImporter_EditorPlatform: 3918e3fc78b5a79bad01e8451be0beb8 -> 
  custom:framework-osx-AVFoundation: e770b220cccbd017edd2c1fefb359320 -> 
  custom:video-encoder-webm-vp8: eb34c28f22e8b96e1ab97ce403110664 -> 
  custom:audio-decoder-ogg-vorbis: bf7c407c2cedff20999df2af8eb42d56 -> 
  custom:audio-encoder-webm-vorbis: bf7c407c2cedff20999df2af8eb42d56 -> 
========================================================================
Received Prepare
Begin MonoManager ReloadAssembly
Thread 0x16df57000 may have been prematurely finalized
- Loaded All Assemblies, in  1.054 seconds
Refreshing native plugins compatible for Editor in 2.41 ms, found 3 plugins.
Native extension for OSXStandalone target not found
<HackaTime> Initializing...
UnityEngine.StackTraceUtility:ExtractStackTrace () (at /Users/bokken/build/output/unity/unity/Runtime/Export/Scripting/StackTrace.cs:37)
UnityEngine.DebugLogHandler:LogFormat (UnityEngine.LogType,UnityEngine.Object,string,object[])
UnityEngine.Logger:Log (UnityEngine.LogType,object)
UnityEngine.Debug:Log (object)
WakaTime.Plugin:Initialize () (at ./Library/PackageCache/com.daniel-geo.unityhackatime@5ac210a9a2/Editor/Plugin.cs:76)
WakaTime.Plugin:.cctor () (at ./Library/PackageCache/com.daniel-geo.unityhackatime@5ac210a9a2/Editor/Plugin.cs:41)
System.Runtime.CompilerServices.RuntimeHelpers:RunClassConstructor (System.RuntimeTypeHandle)
UnityEditor.EditorAssemblies:ProcessInitializeOnLoadAttributes (System.Type[]) (at /Users/bokken/build/output/unity/unity/Editor/Mono/EditorAssemblies.cs:119)

(Filename: ./Library/PackageCache/com.daniel-geo.unityhackatime@5ac210a9a2/Editor/Plugin.cs Line: 76)

<HackaTime> Sending heartbeat...
UnityEngine.StackTraceUtility:ExtractStackTrace () (at /Users/bokken/build/output/unity/unity/Runtime/Export/Scripting/StackTrace.cs:37)
UnityEngine.DebugLogHandler:LogFormat (UnityEngine.LogType,UnityEngine.Object,string,object[])
UnityEngine.Logger:Log (UnityEngine.LogType,object)
UnityEngine.Debug:Log (object)
WakaTime.Plugin/<SendHeartbeat>d__29:MoveNext () (at ./Library/PackageCache/com.daniel-geo.unityhackatime@5ac210a9a2/Editor/Plugin.cs:144)
System.Runtime.CompilerServices.AsyncVoidMethodBuilder:Start<WakaTime.Plugin/<SendHeartbeat>d__29> (WakaTime.Plugin/<SendHeartbeat>d__29&)
WakaTime.Plugin:SendHeartbeat (bool)
WakaTime.Plugin:Initialize () (at ./Library/PackageCache/com.daniel-geo.unityhackatime@5ac210a9a2/Editor/Plugin.cs:78)
WakaTime.Plugin:.cctor () (at ./Library/PackageCache/com.daniel-geo.unityhackatime@5ac210a9a2/Editor/Plugin.cs:41)
System.Runtime.CompilerServices.RuntimeHelpers:RunClassConstructor (System.RuntimeTypeHandle)
UnityEditor.EditorAssemblies:ProcessInitializeOnLoadAttributes (System.Type[]) (at /Users/bokken/build/output/unity/unity/Editor/Mono/EditorAssemblies.cs:119)

(Filename: ./Library/PackageCache/com.daniel-geo.unityhackatime@5ac210a9a2/Editor/Plugin.cs Line: 144)

Mono: successfully reloaded assembly
- Finished resetting the current domain, in  2.573 seconds
Domain Reload Profiling: 3631ms
	BeginReloadAssembly (393ms)
		ExecutionOrderSort (0ms)
		DisableScriptedObjects (15ms)
		BackupInstance (0ms)
		ReleaseScriptingObjects (1ms)
		CreateAndSetChildDomain (133ms)
	RebuildCommonClasses (46ms)
	RebuildNativeTypeToScriptingClass (10ms)
	initialDomainReloadingComplete (22ms)
	LoadAllAssembliesAndSetupDomain (585ms)
		LoadAssemblies (754ms)
		RebuildTransferFunctionScriptingTraits (0ms)
		AnalyzeDomain (24ms)
			TypeCache.Refresh (15ms)
				TypeCache.ScanAssembly (0ms)
			ScanForSourceGeneratedMonoScriptInfo (0ms)
			ResolveRequiredComponents (7ms)
	FinalizeReload (2574ms)
		ReleaseScriptCaches (0ms)
		RebuildScriptCaches (0ms)
		SetupLoadedEditorAssemblies (396ms)
			LogAssemblyErrors (0ms)
			InitializePlatformSupportModulesInManaged (4ms)
			SetLoadedEditorAssemblies (2ms)
			RefreshPlugins (0ms)
			BeforeProcessingInitializeOnLoad (39ms)
			ProcessInitializeOnLoadAttributes (339ms)
			ProcessInitializeOnLoadMethodAttributes (12ms)
			AfterProcessingInitializeOnLoad (1ms)
			EditorAssembliesLoaded (0ms)
		ExecutionOrderSort2 (0ms)
		AwakeInstancesAfterBackupRestoration (4ms)
Refreshing native plugins compatible for Editor in 2.10 ms, found 3 plugins.
Preloading 0 native plugins for Editor in 0.00 ms.
<HackaTime> Got response
{"id":2741136948,"user_id":61064,"branch":"main","category":"coding","dependencies":[],"editor":"unity","entity":"Unsaved Scene","language":"unity","machine":null,"operating_system":null,"project":"Duos","type":"file","user_agent":"unity-hackatime","line_additions":null,"line_deletions":null,"lineno":null,"lines":null,"cursorpos":null,"project_root_count":null,"time":1791022848.0,"is_write":false,"created_at":"2026-10-03T10:20:35.661Z","updated_at":"2026-10-03T10:20:35.661Z","fields_hash":"44d207edb42737f3aee56721b6ed2c2e","source_type":"direct_entry","ip_address":"2001:8003:cc20:b000:7ce7:6084:d273:5081","deleted_at":null,"ja4_id":41,"ai_model":null,"ai_session":null,"ai_subscription_plan":null,"ai_input_tokens":null,"ai_output_tokens":null,"ai_prompt_length":null,"ai_line_changes":null,"human_line_changes":null}
UnityEngine.StackTraceUtility:ExtractStackTrace () (at /Users/bokken/build/output/unity/unity/Runtime/Export/Scripting/StackTrace.cs:37)
UnityEngine.DebugLogHandler:LogFormat (UnityEngine.LogType,UnityEngine.Object,string,object[])
UnityEngine.Logger:Log (UnityEngine.LogType,object)
UnityEngine.Debug:Log (object)
WakaTime.Plugin/<SendHeartbeat>d__29:MoveNext () (at ./Library/PackageCache/com.daniel-geo.unityhackatime@5ac210a9a2/Editor/Plugin.cs:187)
System.Runtime.CompilerServices.AsyncMethodBuilderCore/MoveNextRunner:InvokeMoveNext (object)
System.Threading.ExecutionContext:RunInternal (System.Threading.ExecutionContext,System.Threading.ContextCallback,object,bool)
System.Threading.ExecutionContext:Run (System.Threading.ExecutionContext,System.Threading.ContextCallback,object,bool)
System.Runtime.CompilerServices.AsyncMethodBuilderCore/MoveNextRunner:Run ()
System.Threading.Tasks.AwaitTaskContinuation:InvokeAction (object)
System.Threading.Tasks.AwaitTaskContinuation:RunCallback (System.Threading.ContextCallback,object,System.Threading.Tasks.Task&)
System.Threading.Tasks.SynchronizationContextAwaitTaskContinuation:Run (System.Threading.Tasks.Task,bool)
System.Threading.Tasks.Task:FinishContinuations ()
System.Threading.Tasks.Task:FinishStageThree ()
System.Threading.Tasks.Task`1<bool>:TrySetResult (bool)
System.Threading.Tasks.TaskCompletionSource`1<bool>:TrySetResult (bool)
WakaTime.Plugin/<>c__DisplayClass29_0:<SendHeartbeat>b__0 (UnityEngine.AsyncOperation) (at ./Library/PackageCache/com.daniel-geo.unityhackatime@5ac210a9a2/Editor/Plugin.cs:176)
UnityEngine.AsyncOperation:InvokeCompletionEvent () (at /Users/bokken/build/output/unity/unity/Runtime/Export/Scripting/AsyncOperation.cs:21)

(Filename: ./Library/PackageCache/com.daniel-geo.unityhackatime@5ac210a9a2/Editor/Plugin.cs Line: 187)

<HackaTime> Sent heartbeat!
UnityEngine.StackTraceUtility:ExtractStackTrace () (at /Users/bokken/build/output/unity/unity/Runtime/Export/Scripting/StackTrace.cs:37)
UnityEngine.DebugLogHandler:LogFormat (UnityEngine.LogType,UnityEngine.Object,string,object[])
UnityEngine.Logger:Log (UnityEngine.LogType,object)
UnityEngine.Debug:Log (object)
WakaTime.Plugin/<SendHeartbeat>d__29:MoveNext () (at ./Library/PackageCache/com.daniel-geo.unityhackatime@5ac210a9a2/Editor/Plugin.cs:203)
System.Runtime.CompilerServices.AsyncMethodBuilderCore/MoveNextRunner:InvokeMoveNext (object)
System.Threading.ExecutionContext:RunInternal (System.Threading.ExecutionContext,System.Threading.ContextCallback,object,bool)
System.Threading.ExecutionContext:Run (System.Threading.ExecutionContext,System.Threading.ContextCallback,object,bool)
System.Runtime.CompilerServices.AsyncMethodBuilderCore/MoveNextRunner:Run ()
System.Threading.Tasks.AwaitTaskContinuation:InvokeAction (object)
System.Threading.Tasks.AwaitTaskContinuation:RunCallback (System.Threading.ContextCallback,object,System.Threading.Tasks.Task&)
System.Threading.Tasks.SynchronizationContextAwaitTaskContinuation:Run (System.Threading.Tasks.Task,bool)
System.Threading.Tasks.Task:FinishContinuations ()
System.Threading.Tasks.Task:FinishStageThree ()
System.Threading.Tasks.Task`1<bool>:TrySetResult (bool)
System.Threading.Tasks.TaskCompletionSource`1<bool>:TrySetResult (bool)
WakaTime.Plugin/<>c__DisplayClass29_0:<SendHeartbeat>b__0 (UnityEngine.AsyncOperation) (at ./Library/PackageCache/com.daniel-geo.unityhackatime@5ac210a9a2/Editor/Plugin.cs:176)
UnityEngine.AsyncOperation:InvokeCompletionEvent () (at /Users/bokken/build/output/unity/unity/Runtime/Export/Scripting/AsyncOperation.cs:21)

(Filename: ./Library/PackageCache/com.daniel-geo.unityhackatime@5ac210a9a2/Editor/Plugin.cs Line: 203)

Unloading 3686 Unused Serialized files (Serialized files now loaded: 0)
Unloading 47 unused Assets / (1.8 MB). Loaded Objects now: 4316.
Memory consumption went from 353.6 MB to 351.9 MB.
Total: 3.502625 ms (FindLiveObjects: 0.153500 ms CreateObjectMapping: 0.049625 ms MarkObjects: 3.052959 ms  DeleteObjects: 0.246083 ms)

Prepare: number of updated asset objects reloaded= 0
AssetImportParameters requested are different than current active one (requested -> active):
  custom:container-demuxer-ogg: 62fdf1f143b41e24485cea50d1cbac27 -> 
  custom:video-decoder-ogg-theora: a1e56fd34408186e4bbccfd4996cb3dc -> 
  custom:CustomObjectIndexerAttribute: 9a22284fe3817be447336de3de66b15e -> 
  custom:container-demuxer-webm: 4f35f7cbe854078d1ac9338744f61a02 -> 
  custom:container-muxer-webm: aa71ff27fc2769a1b78a27578f13a17b -> 
  custom:video-decoder-webm-vp8: 9c59270c3fd7afecdb556c50c9e8de78 -> 
  custom:SearchIndexIgnoredProperties: e643bd26f0fe6173181afceb89e7c659 -> 
  custom:AudioImporter_EditorPlatform: 3918e3fc78b5a79bad01e8451be0beb8 -> 
  custom:framework-osx-AVFoundation: e770b220cccbd017edd2c1fefb359320 -> 
  custom:video-encoder-webm-vp8: eb34c28f22e8b96e1ab97ce403110664 -> 
  custom:audio-decoder-ogg-vorbis: bf7c407c2cedff20999df2af8eb42d56 -> 
  custom:audio-encoder-webm-vorbis: bf7c407c2cedff20999df2af8eb42d56 -> 
========================================================================
Received Prepare
Begin MonoManager ReloadAssembly
Thread 0x16df57000 may have been prematurely finalized
- Loaded All Assemblies, in  0.618 seconds
Refreshing native plugins compatible for Editor in 2.34 ms, found 3 plugins.
Native extension for OSXStandalone target not found
<HackaTime> Initializing...
UnityEngine.StackTraceUtility:ExtractStackTrace () (at /Users/bokken/build/output/unity/unity/Runtime/Export/Scripting/StackTrace.cs:37)
UnityEngine.DebugLogHandler:LogFormat (UnityEngine.LogType,UnityEngine.Object,string,object[])
UnityEngine.Logger:Log (UnityEngine.LogType,object)
UnityEngine.Debug:Log (object)
WakaTime.Plugin:Initialize () (at ./Library/PackageCache/com.daniel-geo.unityhackatime@5ac210a9a2/Editor/Plugin.cs:76)
WakaTime.Plugin:.cctor () (at ./Library/PackageCache/com.daniel-geo.unityhackatime@5ac210a9a2/Editor/Plugin.cs:41)
System.Runtime.CompilerServices.RuntimeHelpers:RunClassConstructor (System.RuntimeTypeHandle)
UnityEditor.EditorAssemblies:ProcessInitializeOnLoadAttributes (System.Type[]) (at /Users/bokken/build/output/unity/unity/Editor/Mono/EditorAssemblies.cs:119)

(Filename: ./Library/PackageCache/com.daniel-geo.unityhackatime@5ac210a9a2/Editor/Plugin.cs Line: 76)

<HackaTime> Sending heartbeat...
UnityEngine.StackTraceUtility:ExtractStackTrace () (at /Users/bokken/build/output/unity/unity/Runtime/Export/Scripting/StackTrace.cs:37)
UnityEngine.DebugLogHandler:LogFormat (UnityEngine.LogType,UnityEngine.Object,string,object[])
UnityEngine.Logger:Log (UnityEngine.LogType,object)
UnityEngine.Debug:Log (object)
WakaTime.Plugin/<SendHeartbeat>d__29:MoveNext () (at ./Library/PackageCache/com.daniel-geo.unityhackatime@5ac210a9a2/Editor/Plugin.cs:144)
System.Runtime.CompilerServices.AsyncVoidMethodBuilder:Start<WakaTime.Plugin/<SendHeartbeat>d__29> (WakaTime.Plugin/<SendHeartbeat>d__29&)
WakaTime.Plugin:SendHeartbeat (bool)
WakaTime.Plugin:Initialize () (at ./Library/PackageCache/com.daniel-geo.unityhackatime@5ac210a9a2/Editor/Plugin.cs:78)
WakaTime.Plugin:.cctor () (at ./Library/PackageCache/com.daniel-geo.unityhackatime@5ac210a9a2/Editor/Plugin.cs:41)
System.Runtime.CompilerServices.RuntimeHelpers:RunClassConstructor (System.RuntimeTypeHandle)
UnityEditor.EditorAssemblies:ProcessInitializeOnLoadAttributes (System.Type[]) (at /Users/bokken/build/output/unity/unity/Editor/Mono/EditorAssemblies.cs:119)

(Filename: ./Library/PackageCache/com.daniel-geo.unityhackatime@5ac210a9a2/Editor/Plugin.cs Line: 144)

Mono: successfully reloaded assembly
- Finished resetting the current domain, in  1.397 seconds
Domain Reload Profiling: 2015ms
	BeginReloadAssembly (264ms)
		ExecutionOrderSort (0ms)
		DisableScriptedObjects (5ms)
		BackupInstance (0ms)
		ReleaseScriptingObjects (0ms)
		CreateAndSetChildDomain (57ms)
	RebuildCommonClasses (31ms)
	RebuildNativeTypeToScriptingClass (9ms)
	initialDomainReloadingComplete (19ms)
	LoadAllAssembliesAndSetupDomain (295ms)
		LoadAssemblies (447ms)
		RebuildTransferFunctionScriptingTraits (0ms)
		AnalyzeDomain (24ms)
			TypeCache.Refresh (19ms)
				TypeCache.ScanAssembly (0ms)
			ScanForSourceGeneratedMonoScriptInfo (0ms)
			ResolveRequiredComponents (4ms)
	FinalizeReload (1397ms)
		ReleaseScriptCaches (0ms)
		RebuildScriptCaches (0ms)
		SetupLoadedEditorAssemblies (531ms)
			LogAssemblyErrors (0ms)
			InitializePlatformSupportModulesInManaged (5ms)
			SetLoadedEditorAssemblies (3ms)
			RefreshPlugins (0ms)
			BeforeProcessingInitializeOnLoad (42ms)
			ProcessInitializeOnLoadAttributes (461ms)
			ProcessInitializeOnLoadMethodAttributes (19ms)
			AfterProcessingInitializeOnLoad (1ms)
			EditorAssembliesLoaded (0ms)
		ExecutionOrderSort2 (0ms)
		AwakeInstancesAfterBackupRestoration (3ms)
Refreshing native plugins compatible for Editor in 2.39 ms, found 3 plugins.
Preloading 0 native plugins for Editor in 0.00 ms.
<HackaTime> Got response
{"id":2741139816,"user_id":61064,"branch":"main","category":"coding","dependencies":[],"editor":"unity","entity":"Unsaved Scene","language":"unity","machine":null,"operating_system":null,"project":"Duos","type":"file","user_agent":"unity-hackatime","line_additions":null,"line_deletions":null,"lineno":null,"lines":null,"cursorpos":null,"project_root_count":null,"time":1791023104.0,"is_write":false,"created_at":"2026-10-03T10:25:06.893Z","updated_at":"2026-10-03T10:25:06.893Z","fields_hash":"6da155358e33dfcf1a606576af1f09cb","source_type":"direct_entry","ip_address":"2001:8003:cc20:b000:7ce7:6084:d273:5081","deleted_at":null,"ja4_id":41,"ai_model":null,"ai_session":null,"ai_subscription_plan":null,"ai_input_tokens":null,"ai_output_tokens":null,"ai_prompt_length":null,"ai_line_changes":null,"human_line_changes":null}
UnityEngine.StackTraceUtility:ExtractStackTrace () (at /Users/bokken/build/output/unity/unity/Runtime/Export/Scripting/StackTrace.cs:37)
UnityEngine.DebugLogHandler:LogFormat (UnityEngine.LogType,UnityEngine.Object,string,object[])
UnityEngine.Logger:Log (UnityEngine.LogType,object)
UnityEngine.Debug:Log (object)
WakaTime.Plugin/<SendHeartbeat>d__29:MoveNext () (at ./Library/PackageCache/com.daniel-geo.unityhackatime@5ac210a9a2/Editor/Plugin.cs:187)
System.Runtime.CompilerServices.AsyncMethodBuilderCore/MoveNextRunner:InvokeMoveNext (object)
System.Threading.ExecutionContext:RunInternal (System.Threading.ExecutionContext,System.Threading.ContextCallback,object,bool)
System.Threading.ExecutionContext:Run (System.Threading.ExecutionContext,System.Threading.ContextCallback,object,bool)
System.Runtime.CompilerServices.AsyncMethodBuilderCore/MoveNextRunner:Run ()
System.Threading.Tasks.AwaitTaskContinuation:InvokeAction (object)
System.Threading.Tasks.AwaitTaskContinuation:RunCallback (System.Threading.ContextCallback,object,System.Threading.Tasks.Task&)
System.Threading.Tasks.SynchronizationContextAwaitTaskContinuation:Run (System.Threading.Tasks.Task,bool)
System.Threading.Tasks.Task:FinishContinuations ()
System.Threading.Tasks.Task:FinishStageThree ()
System.Threading.Tasks.Task`1<bool>:TrySetResult (bool)
System.Threading.Tasks.TaskCompletionSource`1<bool>:TrySetResult (bool)
WakaTime.Plugin/<>c__DisplayClass29_0:<SendHeartbeat>b__0 (UnityEngine.AsyncOperation) (at ./Library/PackageCache/com.daniel-geo.unityhackatime@5ac210a9a2/Editor/Plugin.cs:176)
UnityEngine.AsyncOperation:InvokeCompletionEvent () (at /Users/bokken/build/output/unity/unity/Runtime/Export/Scripting/AsyncOperation.cs:21)

(Filename: ./Library/PackageCache/com.daniel-geo.unityhackatime@5ac210a9a2/Editor/Plugin.cs Line: 187)

<HackaTime> Sent heartbeat!
UnityEngine.StackTraceUtility:ExtractStackTrace () (at /Users/bokken/build/output/unity/unity/Runtime/Export/Scripting/StackTrace.cs:37)
UnityEngine.DebugLogHandler:LogFormat (UnityEngine.LogType,UnityEngine.Object,string,object[])
UnityEngine.Logger:Log (UnityEngine.LogType,object)
UnityEngine.Debug:Log (object)
WakaTime.Plugin/<SendHeartbeat>d__29:MoveNext () (at ./Library/PackageCache/com.daniel-geo.unityhackatime@5ac210a9a2/Editor/Plugin.cs:203)
System.Runtime.CompilerServices.AsyncMethodBuilderCore/MoveNextRunner:InvokeMoveNext (object)
System.Threading.ExecutionContext:RunInternal (System.Threading.ExecutionContext,System.Threading.ContextCallback,object,bool)
System.Threading.ExecutionContext:Run (System.Threading.ExecutionContext,System.Threading.ContextCallback,object,bool)
System.Runtime.CompilerServices.AsyncMethodBuilderCore/MoveNextRunner:Run ()
System.Threading.Tasks.AwaitTaskContinuation:InvokeAction (object)
System.Threading.Tasks.AwaitTaskContinuation:RunCallback (System.Threading.ContextCallback,object,System.Threading.Tasks.Task&)
System.Threading.Tasks.SynchronizationContextAwaitTaskContinuation:Run (System.Threading.Tasks.Task,bool)
System.Threading.Tasks.Task:FinishContinuations ()
System.Threading.Tasks.Task:FinishStageThree ()
System.Threading.Tasks.Task`1<bool>:TrySetResult (bool)
System.Threading.Tasks.TaskCompletionSource`1<bool>:TrySetResult (bool)
WakaTime.Plugin/<>c__DisplayClass29_0:<SendHeartbeat>b__0 (UnityEngine.AsyncOperation) (at ./Library/PackageCache/com.daniel-geo.unityhackatime@5ac210a9a2/Editor/Plugin.cs:176)
UnityEngine.AsyncOperation:InvokeCompletionEvent () (at /Users/bokken/build/output/unity/unity/Runtime/Export/Scripting/AsyncOperation.cs:21)

(Filename: ./Library/PackageCache/com.daniel-geo.unityhackatime@5ac210a9a2/Editor/Plugin.cs Line: 203)

Unloading 3686 Unused Serialized files (Serialized files now loaded: 0)
Unloading 47 unused Assets / (1.8 MB). Loaded Objects now: 4320.
Memory consumption went from 360.8 MB to 359.0 MB.
Total: 14.808583 ms (FindLiveObjects: 0.218667 ms CreateObjectMapping: 0.049541 ms MarkObjects: 14.187833 ms  DeleteObjects: 0.351917 ms)

Prepare: number of updated asset objects reloaded= 0
AssetImportParameters requested are different than current active one (requested -> active):
  custom:container-demuxer-ogg: 62fdf1f143b41e24485cea50d1cbac27 -> 
  custom:video-decoder-ogg-theora: a1e56fd34408186e4bbccfd4996cb3dc -> 
  custom:CustomObjectIndexerAttribute: 9a22284fe3817be447336de3de66b15e -> 
  custom:container-demuxer-webm: 4f35f7cbe854078d1ac9338744f61a02 -> 
  custom:container-muxer-webm: aa71ff27fc2769a1b78a27578f13a17b -> 
  custom:video-decoder-webm-vp8: 9c59270c3fd7afecdb556c50c9e8de78 -> 
  custom:SearchIndexIgnoredProperties: e643bd26f0fe6173181afceb89e7c659 -> 
  custom:AudioImporter_EditorPlatform: 3918e3fc78b5a79bad01e8451be0beb8 -> 
  custom:framework-osx-AVFoundation: e770b220cccbd017edd2c1fefb359320 -> 
  custom:video-encoder-webm-vp8: eb34c28f22e8b96e1ab97ce403110664 -> 
  custom:audio-decoder-ogg-vorbis: bf7c407c2cedff20999df2af8eb42d56 -> 
  custom:audio-encoder-webm-vorbis: bf7c407c2cedff20999df2af8eb42d56 -> 
========================================================================
Received Prepare
Begin MonoManager ReloadAssembly
Thread 0x16df57000 may have been prematurely finalized
- Loaded All Assemblies, in  1.591 seconds
Refreshing native plugins compatible for Editor in 2.42 ms, found 3 plugins.
Native extension for OSXStandalone target not found
<HackaTime> Initializing...
UnityEngine.StackTraceUtility:ExtractStackTrace () (at /Users/bokken/build/output/unity/unity/Runtime/Export/Scripting/StackTrace.cs:37)
UnityEngine.DebugLogHandler:LogFormat (UnityEngine.LogType,UnityEngine.Object,string,object[])
UnityEngine.Logger:Log (UnityEngine.LogType,object)
UnityEngine.Debug:Log (object)
WakaTime.Plugin:Initialize () (at ./Library/PackageCache/com.daniel-geo.unityhackatime@5ac210a9a2/Editor/Plugin.cs:76)
WakaTime.Plugin:.cctor () (at ./Library/PackageCache/com.daniel-geo.unityhackatime@5ac210a9a2/Editor/Plugin.cs:41)
System.Runtime.CompilerServices.RuntimeHelpers:RunClassConstructor (System.RuntimeTypeHandle)
UnityEditor.EditorAssemblies:ProcessInitializeOnLoadAttributes (System.Type[]) (at /Users/bokken/build/output/unity/unity/Editor/Mono/EditorAssemblies.cs:119)

(Filename: ./Library/PackageCache/com.daniel-geo.unityhackatime@5ac210a9a2/Editor/Plugin.cs Line: 76)

<HackaTime> Sending heartbeat...
UnityEngine.StackTraceUtility:ExtractStackTrace () (at /Users/bokken/build/output/unity/unity/Runtime/Export/Scripting/StackTrace.cs:37)
UnityEngine.DebugLogHandler:LogFormat (UnityEngine.LogType,UnityEngine.Object,string,object[])
UnityEngine.Logger:Log (UnityEngine.LogType,object)
UnityEngine.Debug:Log (object)
WakaTime.Plugin/<SendHeartbeat>d__29:MoveNext () (at ./Library/PackageCache/com.daniel-geo.unityhackatime@5ac210a9a2/Editor/Plugin.cs:144)
System.Runtime.CompilerServices.AsyncVoidMethodBuilder:Start<WakaTime.Plugin/<SendHeartbeat>d__29> (WakaTime.Plugin/<SendHeartbeat>d__29&)
WakaTime.Plugin:SendHeartbeat (bool)
WakaTime.Plugin:Initialize () (at ./Library/PackageCache/com.daniel-geo.unityhackatime@5ac210a9a2/Editor/Plugin.cs:78)
WakaTime.Plugin:.cctor () (at ./Library/PackageCache/com.daniel-geo.unityhackatime@5ac210a9a2/Editor/Plugin.cs:41)
System.Runtime.CompilerServices.RuntimeHelpers:RunClassConstructor (System.RuntimeTypeHandle)
UnityEditor.EditorAssemblies:ProcessInitializeOnLoadAttributes (System.Type[]) (at /Users/bokken/build/output/unity/unity/Editor/Mono/EditorAssemblies.cs:119)

(Filename: ./Library/PackageCache/com.daniel-geo.unityhackatime@5ac210a9a2/Editor/Plugin.cs Line: 144)

Mono: successfully reloaded assembly
- Finished resetting the current domain, in  2.561 seconds
Domain Reload Profiling: 4156ms
	BeginReloadAssembly (468ms)
		ExecutionOrderSort (0ms)
		DisableScriptedObjects (27ms)
		BackupInstance (0ms)
		ReleaseScriptingObjects (1ms)
		CreateAndSetChildDomain (197ms)
	RebuildCommonClasses (31ms)
	RebuildNativeTypeToScriptingClass (9ms)
	initialDomainReloadingComplete (22ms)
	LoadAllAssembliesAndSetupDomain (1065ms)
		LoadAssemblies (1212ms)
		RebuildTransferFunctionScriptingTraits (0ms)
		AnalyzeDomain (25ms)
			TypeCache.Refresh (15ms)
				TypeCache.ScanAssembly (0ms)
			ScanForSourceGeneratedMonoScriptInfo (0ms)
			ResolveRequiredComponents (8ms)
	FinalizeReload (2562ms)
		ReleaseScriptCaches (0ms)
		RebuildScriptCaches (0ms)
		SetupLoadedEditorAssemblies (478ms)
			LogAssemblyErrors (0ms)
			InitializePlatformSupportModulesInManaged (4ms)
			SetLoadedEditorAssemblies (3ms)
			RefreshPlugins (0ms)
			BeforeProcessingInitializeOnLoad (50ms)
			ProcessInitializeOnLoadAttributes (406ms)
			ProcessInitializeOnLoadMethodAttributes (14ms)
			AfterProcessingInitializeOnLoad (1ms)
			EditorAssembliesLoaded (0ms)
		ExecutionOrderSort2 (0ms)
		AwakeInstancesAfterBackupRestoration (3ms)
Refreshing native plugins compatible for Editor in 2.60 ms, found 3 plugins.
Preloading 0 native plugins for Editor in 0.00 ms.
<HackaTime> Got response
{"id":2741840202,"user_id":61064,"branch":"main","category":"coding","dependencies":[],"editor":"unity","entity":"Unsaved Scene","language":"unity","machine":null,"operating_system":null,"project":"Duos","type":"file","user_agent":"unity-hackatime","line_additions":null,"line_deletions":null,"lineno":null,"lines":null,"cursorpos":null,"project_root_count":null,"time":1791071360.0,"is_write":false,"created_at":"2026-10-03T23:49:45.437Z","updated_at":"2026-10-03T23:49:45.437Z","fields_hash":"25a0a4ea8007bc16b0fa7a2329b3b181","source_type":"direct_entry","ip_address":"2001:8003:cc20:b000:7ce7:6084:d273:5081","deleted_at":null,"ja4_id":41,"ai_model":null,"ai_session":null,"ai_subscription_plan":null,"ai_input_tokens":null,"ai_output_tokens":null,"ai_prompt_length":null,"ai_line_changes":null,"human_line_changes":null}
UnityEngine.StackTraceUtility:ExtractStackTrace () (at /Users/bokken/build/output/unity/unity/Runtime/Export/Scripting/StackTrace.cs:37)
UnityEngine.DebugLogHandler:LogFormat (UnityEngine.LogType,UnityEngine.Object,string,object[])
UnityEngine.Logger:Log (UnityEngine.LogType,object)
UnityEngine.Debug:Log (object)
WakaTime.Plugin/<SendHeartbeat>d__29:MoveNext () (at ./Library/PackageCache/com.daniel-geo.unityhackatime@5ac210a9a2/Editor/Plugin.cs:187)
System.Runtime.CompilerServices.AsyncMethodBuilderCore/MoveNextRunner:InvokeMoveNext (object)
System.Threading.ExecutionContext:RunInternal (System.Threading.ExecutionContext,System.Threading.ContextCallback,object,bool)
System.Threading.ExecutionContext:Run (System.Threading.ExecutionContext,System.Threading.ContextCallback,object,bool)
System.Runtime.CompilerServices.AsyncMethodBuilderCore/MoveNextRunner:Run ()
System.Threading.Tasks.AwaitTaskContinuation:InvokeAction (object)
System.Threading.Tasks.AwaitTaskContinuation:RunCallback (System.Threading.ContextCallback,object,System.Threading.Tasks.Task&)
System.Threading.Tasks.SynchronizationContextAwaitTaskContinuation:Run (System.Threading.Tasks.Task,bool)
System.Threading.Tasks.Task:FinishContinuations ()
System.Threading.Tasks.Task:FinishStageThree ()
System.Threading.Tasks.Task`1<bool>:TrySetResult (bool)
System.Threading.Tasks.TaskCompletionSource`1<bool>:TrySetResult (bool)
WakaTime.Plugin/<>c__DisplayClass29_0:<SendHeartbeat>b__0 (UnityEngine.AsyncOperation) (at ./Library/PackageCache/com.daniel-geo.unityhackatime@5ac210a9a2/Editor/Plugin.cs:176)
UnityEngine.AsyncOperation:InvokeCompletionEvent () (at /Users/bokken/build/output/unity/unity/Runtime/Export/Scripting/AsyncOperation.cs:21)

(Filename: ./Library/PackageCache/com.daniel-geo.unityhackatime@5ac210a9a2/Editor/Plugin.cs Line: 187)

<HackaTime> Sent heartbeat!
UnityEngine.StackTraceUtility:ExtractStackTrace () (at /Users/bokken/build/output/unity/unity/Runtime/Export/Scripting/StackTrace.cs:37)
UnityEngine.DebugLogHandler:LogFormat (UnityEngine.LogType,UnityEngine.Object,string,object[])
UnityEngine.Logger:Log (UnityEngine.LogType,object)
UnityEngine.Debug:Log (object)
WakaTime.Plugin/<SendHeartbeat>d__29:MoveNext () (at ./Library/PackageCache/com.daniel-geo.unityhackatime@5ac210a9a2/Editor/Plugin.cs:203)
System.Runtime.CompilerServices.AsyncMethodBuilderCore/MoveNextRunner:InvokeMoveNext (object)
System.Threading.ExecutionContext:RunInternal (System.Threading.ExecutionContext,System.Threading.ContextCallback,object,bool)
System.Threading.ExecutionContext:Run (System.Threading.ExecutionContext,System.Threading.ContextCallback,object,bool)
System.Runtime.CompilerServices.AsyncMethodBuilderCore/MoveNextRunner:Run ()
System.Threading.Tasks.AwaitTaskContinuation:InvokeAction (object)
System.Threading.Tasks.AwaitTaskContinuation:RunCallback (System.Threading.ContextCallback,object,System.Threading.Tasks.Task&)
System.Threading.Tasks.SynchronizationContextAwaitTaskContinuation:Run (System.Threading.Tasks.Task,bool)
System.Threading.Tasks.Task:FinishContinuations ()
System.Threading.Tasks.Task:FinishStageThree ()
System.Threading.Tasks.Task`1<bool>:TrySetResult (bool)
System.Threading.Tasks.TaskCompletionSource`1<bool>:TrySetResult (bool)
WakaTime.Plugin/<>c__DisplayClass29_0:<SendHeartbeat>b__0 (UnityEngine.AsyncOperation) (at ./Library/PackageCache/com.daniel-geo.unityhackatime@5ac210a9a2/Editor/Plugin.cs:176)
UnityEngine.AsyncOperation:InvokeCompletionEvent () (at /Users/bokken/build/output/unity/unity/Runtime/Export/Scripting/AsyncOperation.cs:21)

(Filename: ./Library/PackageCache/com.daniel-geo.unityhackatime@5ac210a9a2/Editor/Plugin.cs Line: 203)

Unloading 3686 Unused Serialized files (Serialized files now loaded: 0)
Unloading 47 unused Assets / (1.8 MB). Loaded Objects now: 4324.
Memory consumption went from 367.8 MB to 366.0 MB.
Total: 18.996375 ms (FindLiveObjects: 0.457916 ms CreateObjectMapping: 0.052000 ms MarkObjects: 17.182916 ms  DeleteObjects: 1.302208 ms)

Prepare: number of updated asset objects reloaded= 0
AssetImportParameters requested are different than current active one (requested -> active):
  custom:container-demuxer-ogg: 62fdf1f143b41e24485cea50d1cbac27 -> 
  custom:video-decoder-ogg-theora: a1e56fd34408186e4bbccfd4996cb3dc -> 
  custom:CustomObjectIndexerAttribute: 9a22284fe3817be447336de3de66b15e -> 
  custom:container-demuxer-webm: 4f35f7cbe854078d1ac9338744f61a02 -> 
  custom:container-muxer-webm: aa71ff27fc2769a1b78a27578f13a17b -> 
  custom:video-decoder-webm-vp8: 9c59270c3fd7afecdb556c50c9e8de78 -> 
  custom:SearchIndexIgnoredProperties: e643bd26f0fe6173181afceb89e7c659 -> 
  custom:AudioImporter_EditorPlatform: 3918e3fc78b5a79bad01e8451be0beb8 -> 
  custom:framework-osx-AVFoundation: e770b220cccbd017edd2c1fefb359320 -> 
  custom:video-encoder-webm-vp8: eb34c28f22e8b96e1ab97ce403110664 -> 
  custom:audio-decoder-ogg-vorbis: bf7c407c2cedff20999df2af8eb42d56 -> 
  custom:audio-encoder-webm-vorbis: bf7c407c2cedff20999df2af8eb42d56 -> 
========================================================================
Received Prepare
Begin MonoManager ReloadAssembly
Thread 0x16df57000 may have been prematurely finalized
- Loaded All Assemblies, in  0.451 seconds
Refreshing native plugins compatible for Editor in 3.84 ms, found 3 plugins.
Native extension for OSXStandalone target not found
<HackaTime> Initializing...
UnityEngine.StackTraceUtility:ExtractStackTrace () (at /Users/bokken/build/output/unity/unity/Runtime/Export/Scripting/StackTrace.cs:37)
UnityEngine.DebugLogHandler:LogFormat (UnityEngine.LogType,UnityEngine.Object,string,object[])
UnityEngine.Logger:Log (UnityEngine.LogType,object)
UnityEngine.Debug:Log (object)
WakaTime.Plugin:Initialize () (at ./Library/PackageCache/com.daniel-geo.unityhackatime@5ac210a9a2/Editor/Plugin.cs:76)
WakaTime.Plugin:.cctor () (at ./Library/PackageCache/com.daniel-geo.unityhackatime@5ac210a9a2/Editor/Plugin.cs:41)
System.Runtime.CompilerServices.RuntimeHelpers:RunClassConstructor (System.RuntimeTypeHandle)
UnityEditor.EditorAssemblies:ProcessInitializeOnLoadAttributes (System.Type[]) (at /Users/bokken/build/output/unity/unity/Editor/Mono/EditorAssemblies.cs:119)

(Filename: ./Library/PackageCache/com.daniel-geo.unityhackatime@5ac210a9a2/Editor/Plugin.cs Line: 76)

<HackaTime> Sending heartbeat...
UnityEngine.StackTraceUtility:ExtractStackTrace () (at /Users/bokken/build/output/unity/unity/Runtime/Export/Scripting/StackTrace.cs:37)
UnityEngine.DebugLogHandler:LogFormat (UnityEngine.LogType,UnityEngine.Object,string,object[])
UnityEngine.Logger:Log (UnityEngine.LogType,object)
UnityEngine.Debug:Log (object)
WakaTime.Plugin/<SendHeartbeat>d__29:MoveNext () (at ./Library/PackageCache/com.daniel-geo.unityhackatime@5ac210a9a2/Editor/Plugin.cs:144)
System.Runtime.CompilerServices.AsyncVoidMethodBuilder:Start<WakaTime.Plugin/<SendHeartbeat>d__29> (WakaTime.Plugin/<SendHeartbeat>d__29&)
WakaTime.Plugin:SendHeartbeat (bool)
WakaTime.Plugin:Initialize () (at ./Library/PackageCache/com.daniel-geo.unityhackatime@5ac210a9a2/Editor/Plugin.cs:78)
WakaTime.Plugin:.cctor () (at ./Library/PackageCache/com.daniel-geo.unityhackatime@5ac210a9a2/Editor/Plugin.cs:41)
System.Runtime.CompilerServices.RuntimeHelpers:RunClassConstructor (System.RuntimeTypeHandle)
UnityEditor.EditorAssemblies:ProcessInitializeOnLoadAttributes (System.Type[]) (at /Users/bokken/build/output/unity/unity/Editor/Mono/EditorAssemblies.cs:119)

(Filename: ./Library/PackageCache/com.daniel-geo.unityhackatime@5ac210a9a2/Editor/Plugin.cs Line: 144)

Mono: successfully reloaded assembly
- Finished resetting the current domain, in  1.357 seconds
Domain Reload Profiling: 1808ms
	BeginReloadAssembly (164ms)
		ExecutionOrderSort (0ms)
		DisableScriptedObjects (7ms)
		BackupInstance (0ms)
		ReleaseScriptingObjects (0ms)
		CreateAndSetChildDomain (60ms)
	RebuildCommonClasses (28ms)
	RebuildNativeTypeToScriptingClass (9ms)
	initialDomainReloadingComplete (19ms)
	LoadAllAssembliesAndSetupDomain (231ms)
		LoadAssemblies (275ms)
		RebuildTransferFunctionScriptingTraits (0ms)
		AnalyzeDomain (22ms)
			TypeCache.Refresh (13ms)
				TypeCache.ScanAssembly (0ms)
			ScanForSourceGeneratedMonoScriptInfo (0ms)
			ResolveRequiredComponents (7ms)
	FinalizeReload (1358ms)
		ReleaseScriptCaches (0ms)
		RebuildScriptCaches (0ms)
		SetupLoadedEditorAssemblies (398ms)
			LogAssemblyErrors (0ms)
			InitializePlatformSupportModulesInManaged (4ms)
			SetLoadedEditorAssemblies (2ms)
			RefreshPlugins (0ms)
			BeforeProcessingInitializeOnLoad (33ms)
			ProcessInitializeOnLoadAttributes (344ms)
			ProcessInitializeOnLoadMethodAttributes (14ms)
			AfterProcessingInitializeOnLoad (1ms)
			EditorAssembliesLoaded (0ms)
		ExecutionOrderSort2 (0ms)
		AwakeInstancesAfterBackupRestoration (3ms)
Refreshing native plugins compatible for Editor in 2.57 ms, found 3 plugins.
Preloading 0 native plugins for Editor in 0.00 ms.
<HackaTime> Got response
{"id":2741843251,"user_id":61064,"branch":"main","category":"coding","dependencies":[],"editor":"unity","entity":"Unsaved Scene","language":"unity","machine":null,"operating_system":null,"project":"Duos","type":"file","user_agent":"unity-hackatime","line_additions":null,"line_deletions":null,"lineno":null,"lines":null,"cursorpos":null,"project_root_count":null,"time":1791071744.0,"is_write":false,"created_at":"2026-10-03T23:55:58.958Z","updated_at":"2026-10-03T23:55:58.958Z","fields_hash":"2bb7e146ee8e42c85108e729f903792e","source_type":"direct_entry","ip_address":"2001:8003:cc20:b000:7ce7:6084:d273:5081","deleted_at":null,"ja4_id":41,"ai_model":null,"ai_session":null,"ai_subscription_plan":null,"ai_input_tokens":null,"ai_output_tokens":null,"ai_prompt_length":null,"ai_line_changes":null,"human_line_changes":null}
UnityEngine.StackTraceUtility:ExtractStackTrace () (at /Users/bokken/build/output/unity/unity/Runtime/Export/Scripting/StackTrace.cs:37)
UnityEngine.DebugLogHandler:LogFormat (UnityEngine.LogType,UnityEngine.Object,string,object[])
UnityEngine.Logger:Log (UnityEngine.LogType,object)
UnityEngine.Debug:Log (object)
WakaTime.Plugin/<SendHeartbeat>d__29:MoveNext () (at ./Library/PackageCache/com.daniel-geo.unityhackatime@5ac210a9a2/Editor/Plugin.cs:187)
System.Runtime.CompilerServices.AsyncMethodBuilderCore/MoveNextRunner:InvokeMoveNext (object)
System.Threading.ExecutionContext:RunInternal (System.Threading.ExecutionContext,System.Threading.ContextCallback,object,bool)
System.Threading.ExecutionContext:Run (System.Threading.ExecutionContext,System.Threading.ContextCallback,object,bool)
System.Runtime.CompilerServices.AsyncMethodBuilderCore/MoveNextRunner:Run ()
System.Threading.Tasks.AwaitTaskContinuation:InvokeAction (object)
System.Threading.Tasks.AwaitTaskContinuation:RunCallback (System.Threading.ContextCallback,object,System.Threading.Tasks.Task&)
System.Threading.Tasks.SynchronizationContextAwaitTaskContinuation:Run (System.Threading.Tasks.Task,bool)
System.Threading.Tasks.Task:FinishContinuations ()
System.Threading.Tasks.Task:FinishStageThree ()
System.Threading.Tasks.Task`1<bool>:TrySetResult (bool)
System.Threading.Tasks.TaskCompletionSource`1<bool>:TrySetResult (bool)
WakaTime.Plugin/<>c__DisplayClass29_0:<SendHeartbeat>b__0 (UnityEngine.AsyncOperation) (at ./Library/PackageCache/com.daniel-geo.unityhackatime@5ac210a9a2/Editor/Plugin.cs:176)
UnityEngine.AsyncOperation:InvokeCompletionEvent () (at /Users/bokken/build/output/unity/unity/Runtime/Export/Scripting/AsyncOperation.cs:21)

(Filename: ./Library/PackageCache/com.daniel-geo.unityhackatime@5ac210a9a2/Editor/Plugin.cs Line: 187)

<HackaTime> Sent heartbeat!
UnityEngine.StackTraceUtility:ExtractStackTrace () (at /Users/bokken/build/output/unity/unity/Runtime/Export/Scripting/StackTrace.cs:37)
UnityEngine.DebugLogHandler:LogFormat (UnityEngine.LogType,UnityEngine.Object,string,object[])
UnityEngine.Logger:Log (UnityEngine.LogType,object)
UnityEngine.Debug:Log (object)
WakaTime.Plugin/<SendHeartbeat>d__29:MoveNext () (at ./Library/PackageCache/com.daniel-geo.unityhackatime@5ac210a9a2/Editor/Plugin.cs:203)
System.Runtime.CompilerServices.AsyncMethodBuilderCore/MoveNextRunner:InvokeMoveNext (object)
System.Threading.ExecutionContext:RunInternal (System.Threading.ExecutionContext,System.Threading.ContextCallback,object,bool)
System.Threading.ExecutionContext:Run (System.Threading.ExecutionContext,System.Threading.ContextCallback,object,bool)
System.Runtime.CompilerServices.AsyncMethodBuilderCore/MoveNextRunner:Run ()
System.Threading.Tasks.AwaitTaskContinuation:InvokeAction (object)
System.Threading.Tasks.AwaitTaskContinuation:RunCallback (System.Threading.ContextCallback,object,System.Threading.Tasks.Task&)
System.Threading.Tasks.SynchronizationContextAwaitTaskContinuation:Run (System.Threading.Tasks.Task,bool)
System.Threading.Tasks.Task:FinishContinuations ()
System.Threading.Tasks.Task:FinishStageThree ()
System.Threading.Tasks.Task`1<bool>:TrySetResult (bool)
System.Threading.Tasks.TaskCompletionSource`1<bool>:TrySetResult (bool)
WakaTime.Plugin/<>c__DisplayClass29_0:<SendHeartbeat>b__0 (UnityEngine.AsyncOperation) (at ./Library/PackageCache/com.daniel-geo.unityhackatime@5ac210a9a2/Editor/Plugin.cs:176)
UnityEngine.AsyncOperation:InvokeCompletionEvent () (at /Users/bokken/build/output/unity/unity/Runtime/Export/Scripting/AsyncOperation.cs:21)

(Filename: ./Library/PackageCache/com.daniel-geo.unityhackatime@5ac210a9a2/Editor/Plugin.cs Line: 203)

Unloading 3686 Unused Serialized files (Serialized files now loaded: 0)
Unloading 47 unused Assets / (1.8 MB). Loaded Objects now: 4328.
Memory consumption went from 375.0 MB to 373.3 MB.
Total: 8.825541 ms (FindLiveObjects: 0.186333 ms CreateObjectMapping: 0.057917 ms MarkObjects: 8.010333 ms  DeleteObjects: 0.568750 ms)

Prepare: number of updated asset objects reloaded= 0
AssetImportParameters requested are different than current active one (requested -> active):
  custom:container-demuxer-ogg: 62fdf1f143b41e24485cea50d1cbac27 -> 
  custom:video-decoder-ogg-theora: a1e56fd34408186e4bbccfd4996cb3dc -> 
  custom:CustomObjectIndexerAttribute: 9a22284fe3817be447336de3de66b15e -> 
  custom:container-demuxer-webm: 4f35f7cbe854078d1ac9338744f61a02 -> 
  custom:container-muxer-webm: aa71ff27fc2769a1b78a27578f13a17b -> 
  custom:video-decoder-webm-vp8: 9c59270c3fd7afecdb556c50c9e8de78 -> 
  custom:SearchIndexIgnoredProperties: e643bd26f0fe6173181afceb89e7c659 -> 
  custom:AudioImporter_EditorPlatform: 3918e3fc78b5a79bad01e8451be0beb8 -> 
  custom:framework-osx-AVFoundation: e770b220cccbd017edd2c1fefb359320 -> 
  custom:video-encoder-webm-vp8: eb34c28f22e8b96e1ab97ce403110664 -> 
  custom:audio-decoder-ogg-vorbis: bf7c407c2cedff20999df2af8eb42d56 -> 
  custom:audio-encoder-webm-vorbis: bf7c407c2cedff20999df2af8eb42d56 -> 
========================================================================
Received Prepare
Begin MonoManager ReloadAssembly
Thread 0x16d83b000 may have been prematurely finalized
- Loaded All Assemblies, in  1.048 seconds
Refreshing native plugins compatible for Editor in 2.73 ms, found 3 plugins.
Native extension for OSXStandalone target not found
<HackaTime> Initializing...
UnityEngine.StackTraceUtility:ExtractStackTrace () (at /Users/bokken/build/output/unity/unity/Runtime/Export/Scripting/StackTrace.cs:37)
UnityEngine.DebugLogHandler:LogFormat (UnityEngine.LogType,UnityEngine.Object,string,object[])
UnityEngine.Logger:Log (UnityEngine.LogType,object)
UnityEngine.Debug:Log (object)
WakaTime.Plugin:Initialize () (at ./Library/PackageCache/com.daniel-geo.unityhackatime@5ac210a9a2/Editor/Plugin.cs:76)
WakaTime.Plugin:.cctor () (at ./Library/PackageCache/com.daniel-geo.unityhackatime@5ac210a9a2/Editor/Plugin.cs:41)
System.Runtime.CompilerServices.RuntimeHelpers:RunClassConstructor (System.RuntimeTypeHandle)
UnityEditor.EditorAssemblies:ProcessInitializeOnLoadAttributes (System.Type[]) (at /Users/bokken/build/output/unity/unity/Editor/Mono/EditorAssemblies.cs:119)

(Filename: ./Library/PackageCache/com.daniel-geo.unityhackatime@5ac210a9a2/Editor/Plugin.cs Line: 76)

<HackaTime> Sending heartbeat...
UnityEngine.StackTraceUtility:ExtractStackTrace () (at /Users/bokken/build/output/unity/unity/Runtime/Export/Scripting/StackTrace.cs:37)
UnityEngine.DebugLogHandler:LogFormat (UnityEngine.LogType,UnityEngine.Object,string,object[])
UnityEngine.Logger:Log (UnityEngine.LogType,object)
UnityEngine.Debug:Log (object)
WakaTime.Plugin/<SendHeartbeat>d__29:MoveNext () (at ./Library/PackageCache/com.daniel-geo.unityhackatime@5ac210a9a2/Editor/Plugin.cs:144)
System.Runtime.CompilerServices.AsyncVoidMethodBuilder:Start<WakaTime.Plugin/<SendHeartbeat>d__29> (WakaTime.Plugin/<SendHeartbeat>d__29&)
WakaTime.Plugin:SendHeartbeat (bool)
WakaTime.Plugin:Initialize () (at ./Library/PackageCache/com.daniel-geo.unityhackatime@5ac210a9a2/Editor/Plugin.cs:78)
WakaTime.Plugin:.cctor () (at ./Library/PackageCache/com.daniel-geo.unityhackatime@5ac210a9a2/Editor/Plugin.cs:41)
System.Runtime.CompilerServices.RuntimeHelpers:RunClassConstructor (System.RuntimeTypeHandle)
UnityEditor.EditorAssemblies:ProcessInitializeOnLoadAttributes (System.Type[]) (at /Users/bokken/build/output/unity/unity/Editor/Mono/EditorAssemblies.cs:119)

(Filename: ./Library/PackageCache/com.daniel-geo.unityhackatime@5ac210a9a2/Editor/Plugin.cs Line: 144)

Mono: successfully reloaded assembly
- Finished resetting the current domain, in  3.457 seconds
Domain Reload Profiling: 4533ms
	BeginReloadAssembly (532ms)
		ExecutionOrderSort (1ms)
		DisableScriptedObjects (17ms)
		BackupInstance (0ms)
		ReleaseScriptingObjects (0ms)
		CreateAndSetChildDomain (119ms)
	RebuildCommonClasses (26ms)
	RebuildNativeTypeToScriptingClass (9ms)
	initialDomainReloadingComplete (20ms)
	LoadAllAssembliesAndSetupDomain (489ms)
		LoadAssemblies (736ms)
		RebuildTransferFunctionScriptingTraits (0ms)
		AnalyzeDomain (45ms)
			TypeCache.Refresh (29ms)
				TypeCache.ScanAssembly (2ms)
			ScanForSourceGeneratedMonoScriptInfo (10ms)
			ResolveRequiredComponents (5ms)
	FinalizeReload (3457ms)
		ReleaseScriptCaches (0ms)
		RebuildScriptCaches (0ms)
		SetupLoadedEditorAssemblies (427ms)
			LogAssemblyErrors (0ms)
			InitializePlatformSupportModulesInManaged (6ms)
			SetLoadedEditorAssemblies (3ms)
			RefreshPlugins (0ms)
			BeforeProcessingInitializeOnLoad (38ms)
			ProcessInitializeOnLoadAttributes (368ms)
			ProcessInitializeOnLoadMethodAttributes (11ms)
			AfterProcessingInitializeOnLoad (1ms)
			EditorAssembliesLoaded (1ms)
		ExecutionOrderSort2 (0ms)
		AwakeInstancesAfterBackupRestoration (3ms)
Refreshing native plugins compatible for Editor in 2.63 ms, found 3 plugins.
Preloading 0 native plugins for Editor in 0.00 ms.
<HackaTime> Got response
{"id":2741866896,"user_id":61064,"branch":"main","category":"coding","dependencies":[],"editor":"unity","entity":"Unsaved Scene","language":"unity","machine":null,"operating_system":null,"project":"Duos","type":"file","user_agent":"unity-hackatime","line_additions":null,"line_deletions":null,"lineno":null,"lines":null,"cursorpos":null,"project_root_count":null,"time":1791074816.0,"is_write":false,"created_at":"2026-10-04T00:47:24.615Z","updated_at":"2026-10-04T00:47:24.615Z","fields_hash":"7193f66687bcd0260f23073cdac0fb86","source_type":"direct_entry","ip_address":"2001:8003:cc20:b000:7ce7:6084:d273:5081","deleted_at":null,"ja4_id":41,"ai_model":null,"ai_session":null,"ai_subscription_plan":null,"ai_input_tokens":null,"ai_output_tokens":null,"ai_prompt_length":null,"ai_line_changes":null,"human_line_changes":null}
UnityEngine.StackTraceUtility:ExtractStackTrace () (at /Users/bokken/build/output/unity/unity/Runtime/Export/Scripting/StackTrace.cs:37)
UnityEngine.DebugLogHandler:LogFormat (UnityEngine.LogType,UnityEngine.Object,string,object[])
UnityEngine.Logger:Log (UnityEngine.LogType,object)
UnityEngine.Debug:Log (object)
WakaTime.Plugin/<SendHeartbeat>d__29:MoveNext () (at ./Library/PackageCache/com.daniel-geo.unityhackatime@5ac210a9a2/Editor/Plugin.cs:187)
System.Runtime.CompilerServices.AsyncMethodBuilderCore/MoveNextRunner:InvokeMoveNext (object)
System.Threading.ExecutionContext:RunInternal (System.Threading.ExecutionContext,System.Threading.ContextCallback,object,bool)
System.Threading.ExecutionContext:Run (System.Threading.ExecutionContext,System.Threading.ContextCallback,object,bool)
System.Runtime.CompilerServices.AsyncMethodBuilderCore/MoveNextRunner:Run ()
System.Threading.Tasks.AwaitTaskContinuation:InvokeAction (object)
System.Threading.Tasks.AwaitTaskContinuation:RunCallback (System.Threading.ContextCallback,object,System.Threading.Tasks.Task&)
System.Threading.Tasks.SynchronizationContextAwaitTaskContinuation:Run (System.Threading.Tasks.Task,bool)
System.Threading.Tasks.Task:FinishContinuations ()
System.Threading.Tasks.Task:FinishStageThree ()
System.Threading.Tasks.Task`1<bool>:TrySetResult (bool)
System.Threading.Tasks.TaskCompletionSource`1<bool>:TrySetResult (bool)
WakaTime.Plugin/<>c__DisplayClass29_0:<SendHeartbeat>b__0 (UnityEngine.AsyncOperation) (at ./Library/PackageCache/com.daniel-geo.unityhackatime@5ac210a9a2/Editor/Plugin.cs:176)
UnityEngine.AsyncOperation:InvokeCompletionEvent () (at /Users/bokken/build/output/unity/unity/Runtime/Export/Scripting/AsyncOperation.cs:21)

(Filename: ./Library/PackageCache/com.daniel-geo.unityhackatime@5ac210a9a2/Editor/Plugin.cs Line: 187)

<HackaTime> Sent heartbeat!
UnityEngine.StackTraceUtility:ExtractStackTrace () (at /Users/bokken/build/output/unity/unity/Runtime/Export/Scripting/StackTrace.cs:37)
UnityEngine.DebugLogHandler:LogFormat (UnityEngine.LogType,UnityEngine.Object,string,object[])
UnityEngine.Logger:Log (UnityEngine.LogType,object)
UnityEngine.Debug:Log (object)
WakaTime.Plugin/<SendHeartbeat>d__29:MoveNext () (at ./Library/PackageCache/com.daniel-geo.unityhackatime@5ac210a9a2/Editor/Plugin.cs:203)
System.Runtime.CompilerServices.AsyncMethodBuilderCore/MoveNextRunner:InvokeMoveNext (object)
System.Threading.ExecutionContext:RunInternal (System.Threading.ExecutionContext,System.Threading.ContextCallback,object,bool)
System.Threading.ExecutionContext:Run (System.Threading.ExecutionContext,System.Threading.ContextCallback,object,bool)
System.Runtime.CompilerServices.AsyncMethodBuilderCore/MoveNextRunner:Run ()
System.Threading.Tasks.AwaitTaskContinuation:InvokeAction (object)
System.Threading.Tasks.AwaitTaskContinuation:RunCallback (System.Threading.ContextCallback,object,System.Threading.Tasks.Task&)
System.Threading.Tasks.SynchronizationContextAwaitTaskContinuation:Run (System.Threading.Tasks.Task,bool)
System.Threading.Tasks.Task:FinishContinuations ()
System.Threading.Tasks.Task:FinishStageThree ()
System.Threading.Tasks.Task`1<bool>:TrySetResult (bool)
System.Threading.Tasks.TaskCompletionSource`1<bool>:TrySetResult (bool)
WakaTime.Plugin/<>c__DisplayClass29_0:<SendHeartbeat>b__0 (UnityEngine.AsyncOperation) (at ./Library/PackageCache/com.daniel-geo.unityhackatime@5ac210a9a2/Editor/Plugin.cs:176)
UnityEngine.AsyncOperation:InvokeCompletionEvent () (at /Users/bokken/build/output/unity/unity/Runtime/Export/Scripting/AsyncOperation.cs:21)

(Filename: ./Library/PackageCache/com.daniel-geo.unityhackatime@5ac210a9a2/Editor/Plugin.cs Line: 203)

Unloading 3687 Unused Serialized files (Serialized files now loaded: 0)
Unloading 47 unused Assets / (1.8 MB). Loaded Objects now: 4333.
Memory consumption went from 382.3 MB to 380.5 MB.
Total: 3.955875 ms (FindLiveObjects: 0.177625 ms CreateObjectMapping: 0.049500 ms MarkObjects: 3.479416 ms  DeleteObjects: 0.248708 ms)

Prepare: number of updated asset objects reloaded= 0
AssetImportParameters requested are different than current active one (requested -> active):
  custom:container-demuxer-ogg: 62fdf1f143b41e24485cea50d1cbac27 -> 
  custom:video-decoder-ogg-theora: a1e56fd34408186e4bbccfd4996cb3dc -> 
  custom:CustomObjectIndexerAttribute: 9a22284fe3817be447336de3de66b15e -> 
  custom:container-demuxer-webm: 4f35f7cbe854078d1ac9338744f61a02 -> 
  custom:container-muxer-webm: aa71ff27fc2769a1b78a27578f13a17b -> 
  custom:video-decoder-webm-vp8: 9c59270c3fd7afecdb556c50c9e8de78 -> 
  custom:SearchIndexIgnoredProperties: e643bd26f0fe6173181afceb89e7c659 -> 
  custom:AudioImporter_EditorPlatform: 3918e3fc78b5a79bad01e8451be0beb8 -> 
  custom:framework-osx-AVFoundation: e770b220cccbd017edd2c1fefb359320 -> 
  custom:video-encoder-webm-vp8: eb34c28f22e8b96e1ab97ce403110664 -> 
  custom:audio-decoder-ogg-vorbis: bf7c407c2cedff20999df2af8eb42d56 -> 
  custom:audio-encoder-webm-vorbis: bf7c407c2cedff20999df2af8eb42d56 -> 
========================================================================
Received Prepare
Begin MonoManager ReloadAssembly
Thread 0x16d83b000 may have been prematurely finalized
- Loaded All Assemblies, in  0.630 seconds
Refreshing native plugins compatible for Editor in 2.39 ms, found 3 plugins.
Native extension for OSXStandalone target not found
<HackaTime> Initializing...
UnityEngine.StackTraceUtility:ExtractStackTrace () (at /Users/bokken/build/output/unity/unity/Runtime/Export/Scripting/StackTrace.cs:37)
UnityEngine.DebugLogHandler:LogFormat (UnityEngine.LogType,UnityEngine.Object,string,object[])
UnityEngine.Logger:Log (UnityEngine.LogType,object)
UnityEngine.Debug:Log (object)
WakaTime.Plugin:Initialize () (at ./Library/PackageCache/com.daniel-geo.unityhackatime@5ac210a9a2/Editor/Plugin.cs:76)
WakaTime.Plugin:.cctor () (at ./Library/PackageCache/com.daniel-geo.unityhackatime@5ac210a9a2/Editor/Plugin.cs:41)
System.Runtime.CompilerServices.RuntimeHelpers:RunClassConstructor (System.RuntimeTypeHandle)
UnityEditor.EditorAssemblies:ProcessInitializeOnLoadAttributes (System.Type[]) (at /Users/bokken/build/output/unity/unity/Editor/Mono/EditorAssemblies.cs:119)

(Filename: ./Library/PackageCache/com.daniel-geo.unityhackatime@5ac210a9a2/Editor/Plugin.cs Line: 76)

<HackaTime> Sending heartbeat...
UnityEngine.StackTraceUtility:ExtractStackTrace () (at /Users/bokken/build/output/unity/unity/Runtime/Export/Scripting/StackTrace.cs:37)
UnityEngine.DebugLogHandler:LogFormat (UnityEngine.LogType,UnityEngine.Object,string,object[])
UnityEngine.Logger:Log (UnityEngine.LogType,object)
UnityEngine.Debug:Log (object)
WakaTime.Plugin/<SendHeartbeat>d__29:MoveNext () (at ./Library/PackageCache/com.daniel-geo.unityhackatime@5ac210a9a2/Editor/Plugin.cs:144)
System.Runtime.CompilerServices.AsyncVoidMethodBuilder:Start<WakaTime.Plugin/<SendHeartbeat>d__29> (WakaTime.Plugin/<SendHeartbeat>d__29&)
WakaTime.Plugin:SendHeartbeat (bool)
WakaTime.Plugin:Initialize () (at ./Library/PackageCache/com.daniel-geo.unityhackatime@5ac210a9a2/Editor/Plugin.cs:78)
WakaTime.Plugin:.cctor () (at ./Library/PackageCache/com.daniel-geo.unityhackatime@5ac210a9a2/Editor/Plugin.cs:41)
System.Runtime.CompilerServices.RuntimeHelpers:RunClassConstructor (System.RuntimeTypeHandle)
UnityEditor.EditorAssemblies:ProcessInitializeOnLoadAttributes (System.Type[]) (at /Users/bokken/build/output/unity/unity/Editor/Mono/EditorAssemblies.cs:119)

(Filename: ./Library/PackageCache/com.daniel-geo.unityhackatime@5ac210a9a2/Editor/Plugin.cs Line: 144)

Mono: successfully reloaded assembly
- Finished resetting the current domain, in  1.202 seconds
Domain Reload Profiling: 1833ms
	BeginReloadAssembly (272ms)
		ExecutionOrderSort (0ms)
		DisableScriptedObjects (11ms)
		BackupInstance (0ms)
		ReleaseScriptingObjects (0ms)
		CreateAndSetChildDomain (116ms)
	RebuildCommonClasses (30ms)
	RebuildNativeTypeToScriptingClass (8ms)
	initialDomainReloadingComplete (19ms)
	LoadAllAssembliesAndSetupDomain (302ms)
		LoadAssemblies (359ms)
		RebuildTransferFunctionScriptingTraits (0ms)
		AnalyzeDomain (48ms)
			TypeCache.Refresh (35ms)
				TypeCache.ScanAssembly (2ms)
			ScanForSourceGeneratedMonoScriptInfo (8ms)
			ResolveRequiredComponents (4ms)
	FinalizeReload (1202ms)
		ReleaseScriptCaches (0ms)
		RebuildScriptCaches (0ms)
		SetupLoadedEditorAssemblies (383ms)
			LogAssemblyErrors (0ms)
			InitializePlatformSupportModulesInManaged (3ms)
			SetLoadedEditorAssemblies (3ms)
			RefreshPlugins (0ms)
			BeforeProcessingInitializeOnLoad (40ms)
			ProcessInitializeOnLoadAttributes (324ms)
			ProcessInitializeOnLoadMethodAttributes (12ms)
			AfterProcessingInitializeOnLoad (1ms)
			EditorAssembliesLoaded (0ms)
		ExecutionOrderSort2 (0ms)
		AwakeInstancesAfterBackupRestoration (3ms)
Refreshing native plugins compatible for Editor in 2.47 ms, found 3 plugins.
Preloading 0 native plugins for Editor in 0.00 ms.
<HackaTime> Got response
{"id":2741867460,"user_id":61064,"branch":"main","category":"coding","dependencies":[],"editor":"unity","entity":"Unsaved Scene","language":"unity","machine":null,"operating_system":null,"project":"Duos","type":"file","user_agent":"unity-hackatime","line_additions":null,"line_deletions":null,"lineno":null,"lines":null,"cursorpos":null,"project_root_count":null,"time":1791074944.0,"is_write":false,"created_at":"2026-10-04T00:48:19.173Z","updated_at":"2026-10-04T00:48:19.173Z","fields_hash":"f093674e8459f0fa768fb9b922fd1e1f","source_type":"direct_entry","ip_address":"2001:8003:cc20:b000:7ce7:6084:d273:5081","deleted_at":null,"ja4_id":41,"ai_model":null,"ai_session":null,"ai_subscription_plan":null,"ai_input_tokens":null,"ai_output_tokens":null,"ai_prompt_length":null,"ai_line_changes":null,"human_line_changes":null}
UnityEngine.StackTraceUtility:ExtractStackTrace () (at /Users/bokken/build/output/unity/unity/Runtime/Export/Scripting/StackTrace.cs:37)
UnityEngine.DebugLogHandler:LogFormat (UnityEngine.LogType,UnityEngine.Object,string,object[])
UnityEngine.Logger:Log (UnityEngine.LogType,object)
UnityEngine.Debug:Log (object)
WakaTime.Plugin/<SendHeartbeat>d__29:MoveNext () (at ./Library/PackageCache/com.daniel-geo.unityhackatime@5ac210a9a2/Editor/Plugin.cs:187)
System.Runtime.CompilerServices.AsyncMethodBuilderCore/MoveNextRunner:InvokeMoveNext (object)
System.Threading.ExecutionContext:RunInternal (System.Threading.ExecutionContext,System.Threading.ContextCallback,object,bool)
System.Threading.ExecutionContext:Run (System.Threading.ExecutionContext,System.Threading.ContextCallback,object,bool)
System.Runtime.CompilerServices.AsyncMethodBuilderCore/MoveNextRunner:Run ()
System.Threading.Tasks.AwaitTaskContinuation:InvokeAction (object)
System.Threading.Tasks.AwaitTaskContinuation:RunCallback (System.Threading.ContextCallback,object,System.Threading.Tasks.Task&)
System.Threading.Tasks.SynchronizationContextAwaitTaskContinuation:Run (System.Threading.Tasks.Task,bool)
System.Threading.Tasks.Task:FinishContinuations ()
System.Threading.Tasks.Task:FinishStageThree ()
System.Threading.Tasks.Task`1<bool>:TrySetResult (bool)
System.Threading.Tasks.TaskCompletionSource`1<bool>:TrySetResult (bool)
WakaTime.Plugin/<>c__DisplayClass29_0:<SendHeartbeat>b__0 (UnityEngine.AsyncOperation) (at ./Library/PackageCache/com.daniel-geo.unityhackatime@5ac210a9a2/Editor/Plugin.cs:176)
UnityEngine.AsyncOperation:InvokeCompletionEvent () (at /Users/bokken/build/output/unity/unity/Runtime/Export/Scripting/AsyncOperation.cs:21)

(Filename: ./Library/PackageCache/com.daniel-geo.unityhackatime@5ac210a9a2/Editor/Plugin.cs Line: 187)

<HackaTime> Sent heartbeat!
UnityEngine.StackTraceUtility:ExtractStackTrace () (at /Users/bokken/build/output/unity/unity/Runtime/Export/Scripting/StackTrace.cs:37)
UnityEngine.DebugLogHandler:LogFormat (UnityEngine.LogType,UnityEngine.Object,string,object[])
UnityEngine.Logger:Log (UnityEngine.LogType,object)
UnityEngine.Debug:Log (object)
WakaTime.Plugin/<SendHeartbeat>d__29:MoveNext () (at ./Library/PackageCache/com.daniel-geo.unityhackatime@5ac210a9a2/Editor/Plugin.cs:203)
System.Runtime.CompilerServices.AsyncMethodBuilderCore/MoveNextRunner:InvokeMoveNext (object)
System.Threading.ExecutionContext:RunInternal (System.Threading.ExecutionContext,System.Threading.ContextCallback,object,bool)
System.Threading.ExecutionContext:Run (System.Threading.ExecutionContext,System.Threading.ContextCallback,object,bool)
System.Runtime.CompilerServices.AsyncMethodBuilderCore/MoveNextRunner:Run ()
System.Threading.Tasks.AwaitTaskContinuation:InvokeAction (object)
System.Threading.Tasks.AwaitTaskContinuation:RunCallback (System.Threading.ContextCallback,object,System.Threading.Tasks.Task&)
System.Threading.Tasks.SynchronizationContextAwaitTaskContinuation:Run (System.Threading.Tasks.Task,bool)
System.Threading.Tasks.Task:FinishContinuations ()
System.Threading.Tasks.Task:FinishStageThree ()
System.Threading.Tasks.Task`1<bool>:TrySetResult (bool)
System.Threading.Tasks.TaskCompletionSource`1<bool>:TrySetResult (bool)
WakaTime.Plugin/<>c__DisplayClass29_0:<SendHeartbeat>b__0 (UnityEngine.AsyncOperation) (at ./Library/PackageCache/com.daniel-geo.unityhackatime@5ac210a9a2/Editor/Plugin.cs:176)
UnityEngine.AsyncOperation:InvokeCompletionEvent () (at /Users/bokken/build/output/unity/unity/Runtime/Export/Scripting/AsyncOperation.cs:21)

(Filename: ./Library/PackageCache/com.daniel-geo.unityhackatime@5ac210a9a2/Editor/Plugin.cs Line: 203)

Unloading 3687 Unused Serialized files (Serialized files now loaded: 0)
Unloading 47 unused Assets / (1.8 MB). Loaded Objects now: 4337.
Memory consumption went from 389.5 MB to 387.7 MB.
Total: 5.613083 ms (FindLiveObjects: 0.195167 ms CreateObjectMapping: 0.050666 ms MarkObjects: 5.137334 ms  DeleteObjects: 0.228916 ms)

Prepare: number of updated asset objects reloaded= 0
AssetImportParameters requested are different than current active one (requested -> active):
  custom:container-demuxer-ogg: 62fdf1f143b41e24485cea50d1cbac27 -> 
  custom:video-decoder-ogg-theora: a1e56fd34408186e4bbccfd4996cb3dc -> 
  custom:CustomObjectIndexerAttribute: 9a22284fe3817be447336de3de66b15e -> 
  custom:container-demuxer-webm: 4f35f7cbe854078d1ac9338744f61a02 -> 
  custom:container-muxer-webm: aa71ff27fc2769a1b78a27578f13a17b -> 
  custom:video-decoder-webm-vp8: 9c59270c3fd7afecdb556c50c9e8de78 -> 
  custom:SearchIndexIgnoredProperties: e643bd26f0fe6173181afceb89e7c659 -> 
  custom:AudioImporter_EditorPlatform: 3918e3fc78b5a79bad01e8451be0beb8 -> 
  custom:framework-osx-AVFoundation: e770b220cccbd017edd2c1fefb359320 -> 
  custom:video-encoder-webm-vp8: eb34c28f22e8b96e1ab97ce403110664 -> 
  custom:audio-decoder-ogg-vorbis: bf7c407c2cedff20999df2af8eb42d56 -> 
  custom:audio-encoder-webm-vorbis: bf7c407c2cedff20999df2af8eb42d56 -> 
========================================================================
Received Prepare
Begin MonoManager ReloadAssembly
Thread 0x16d83b000 may have been prematurely finalized
- Loaded All Assemblies, in  0.541 seconds
Refreshing native plugins compatible for Editor in 2.48 ms, found 3 plugins.
Native extension for OSXStandalone target not found
<HackaTime> Initializing...
UnityEngine.StackTraceUtility:ExtractStackTrace () (at /Users/bokken/build/output/unity/unity/Runtime/Export/Scripting/StackTrace.cs:37)
UnityEngine.DebugLogHandler:LogFormat (UnityEngine.LogType,UnityEngine.Object,string,object[])
UnityEngine.Logger:Log (UnityEngine.LogType,object)
UnityEngine.Debug:Log (object)
WakaTime.Plugin:Initialize () (at ./Library/PackageCache/com.daniel-geo.unityhackatime@5ac210a9a2/Editor/Plugin.cs:76)
WakaTime.Plugin:.cctor () (at ./Library/PackageCache/com.daniel-geo.unityhackatime@5ac210a9a2/Editor/Plugin.cs:41)
System.Runtime.CompilerServices.RuntimeHelpers:RunClassConstructor (System.RuntimeTypeHandle)
UnityEditor.EditorAssemblies:ProcessInitializeOnLoadAttributes (System.Type[]) (at /Users/bokken/build/output/unity/unity/Editor/Mono/EditorAssemblies.cs:119)

(Filename: ./Library/PackageCache/com.daniel-geo.unityhackatime@5ac210a9a2/Editor/Plugin.cs Line: 76)

<HackaTime> Sending heartbeat...
UnityEngine.StackTraceUtility:ExtractStackTrace () (at /Users/bokken/build/output/unity/unity/Runtime/Export/Scripting/StackTrace.cs:37)
UnityEngine.DebugLogHandler:LogFormat (UnityEngine.LogType,UnityEngine.Object,string,object[])
UnityEngine.Logger:Log (UnityEngine.LogType,object)
UnityEngine.Debug:Log (object)
WakaTime.Plugin/<SendHeartbeat>d__29:MoveNext () (at ./Library/PackageCache/com.daniel-geo.unityhackatime@5ac210a9a2/Editor/Plugin.cs:144)
System.Runtime.CompilerServices.AsyncVoidMethodBuilder:Start<WakaTime.Plugin/<SendHeartbeat>d__29> (WakaTime.Plugin/<SendHeartbeat>d__29&)
WakaTime.Plugin:SendHeartbeat (bool)
WakaTime.Plugin:Initialize () (at ./Library/PackageCache/com.daniel-geo.unityhackatime@5ac210a9a2/Editor/Plugin.cs:78)
WakaTime.Plugin:.cctor () (at ./Library/PackageCache/com.daniel-geo.unityhackatime@5ac210a9a2/Editor/Plugin.cs:41)
System.Runtime.CompilerServices.RuntimeHelpers:RunClassConstructor (System.RuntimeTypeHandle)
UnityEditor.EditorAssemblies:ProcessInitializeOnLoadAttributes (System.Type[]) (at /Users/bokken/build/output/unity/unity/Editor/Mono/EditorAssemblies.cs:119)

(Filename: ./Library/PackageCache/com.daniel-geo.unityhackatime@5ac210a9a2/Editor/Plugin.cs Line: 144)

Mono: successfully reloaded assembly
- Finished resetting the current domain, in  1.132 seconds
Domain Reload Profiling: 1673ms
	BeginReloadAssembly (200ms)
		ExecutionOrderSort (0ms)
		DisableScriptedObjects (12ms)
		BackupInstance (0ms)
		ReleaseScriptingObjects (0ms)
		CreateAndSetChildDomain (80ms)
	RebuildCommonClasses (26ms)
	RebuildNativeTypeToScriptingClass (8ms)
	initialDomainReloadingComplete (17ms)
	LoadAllAssembliesAndSetupDomain (290ms)
		LoadAssemblies (330ms)
		RebuildTransferFunctionScriptingTraits (0ms)
		AnalyzeDomain (39ms)
			TypeCache.Refresh (27ms)
				TypeCache.ScanAssembly (1ms)
			ScanForSourceGeneratedMonoScriptInfo (7ms)
			ResolveRequiredComponents (5ms)
	FinalizeReload (1132ms)
		ReleaseScriptCaches (0ms)
		RebuildScriptCaches (0ms)
		SetupLoadedEditorAssemblies (390ms)
			LogAssemblyErrors (0ms)
			InitializePlatformSupportModulesInManaged (3ms)
			SetLoadedEditorAssemblies (3ms)
			RefreshPlugins (0ms)
			BeforeProcessingInitializeOnLoad (34ms)
			ProcessInitializeOnLoadAttributes (337ms)
			ProcessInitializeOnLoadMethodAttributes (12ms)
			AfterProcessingInitializeOnLoad (1ms)
			EditorAssembliesLoaded (0ms)
		ExecutionOrderSort2 (0ms)
		AwakeInstancesAfterBackupRestoration (3ms)
Refreshing native plugins compatible for Editor in 2.46 ms, found 3 plugins.
Preloading 0 native plugins for Editor in 0.00 ms.
<HackaTime> Got response
{"id":2741867460,"user_id":61064,"branch":"main","category":"coding","dependencies":[],"editor":"unity","entity":"Unsaved Scene","language":"unity","machine":null,"operating_system":null,"project":"Duos","type":"file","user_agent":"unity-hackatime","line_additions":null,"line_deletions":null,"lineno":null,"lines":null,"cursorpos":null,"project_root_count":null,"time":1791074944.0,"is_write":false,"created_at":"2026-10-04T00:48:19.173Z","updated_at":"2026-10-04T00:48:19.173Z","fields_hash":"f093674e8459f0fa768fb9b922fd1e1f","source_type":"direct_entry","ip_address":"2001:8003:cc20:b000:7ce7:6084:d273:5081","deleted_at":null,"ja4_id":41,"ai_model":null,"ai_session":null,"ai_subscription_plan":null,"ai_input_tokens":null,"ai_output_tokens":null,"ai_prompt_length":null,"ai_line_changes":null,"human_line_changes":null}
UnityEngine.StackTraceUtility:ExtractStackTrace () (at /Users/bokken/build/output/unity/unity/Runtime/Export/Scripting/StackTrace.cs:37)
UnityEngine.DebugLogHandler:LogFormat (UnityEngine.LogType,UnityEngine.Object,string,object[])
UnityEngine.Logger:Log (UnityEngine.LogType,object)
UnityEngine.Debug:Log (object)
WakaTime.Plugin/<SendHeartbeat>d__29:MoveNext () (at ./Library/PackageCache/com.daniel-geo.unityhackatime@5ac210a9a2/Editor/Plugin.cs:187)
System.Runtime.CompilerServices.AsyncMethodBuilderCore/MoveNextRunner:InvokeMoveNext (object)
System.Threading.ExecutionContext:RunInternal (System.Threading.ExecutionContext,System.Threading.ContextCallback,object,bool)
System.Threading.ExecutionContext:Run (System.Threading.ExecutionContext,System.Threading.ContextCallback,object,bool)
System.Runtime.CompilerServices.AsyncMethodBuilderCore/MoveNextRunner:Run ()
System.Threading.Tasks.AwaitTaskContinuation:InvokeAction (object)
System.Threading.Tasks.AwaitTaskContinuation:RunCallback (System.Threading.ContextCallback,object,System.Threading.Tasks.Task&)
System.Threading.Tasks.SynchronizationContextAwaitTaskContinuation:Run (System.Threading.Tasks.Task,bool)
System.Threading.Tasks.Task:FinishContinuations ()
System.Threading.Tasks.Task:FinishStageThree ()
System.Threading.Tasks.Task`1<bool>:TrySetResult (bool)
System.Threading.Tasks.TaskCompletionSource`1<bool>:TrySetResult (bool)
WakaTime.Plugin/<>c__DisplayClass29_0:<SendHeartbeat>b__0 (UnityEngine.AsyncOperation) (at ./Library/PackageCache/com.daniel-geo.unityhackatime@5ac210a9a2/Editor/Plugin.cs:176)
UnityEngine.AsyncOperation:InvokeCompletionEvent () (at /Users/bokken/build/output/unity/unity/Runtime/Export/Scripting/AsyncOperation.cs:21)

(Filename: ./Library/PackageCache/com.daniel-geo.unityhackatime@5ac210a9a2/Editor/Plugin.cs Line: 187)

<HackaTime> Sent heartbeat!
UnityEngine.StackTraceUtility:ExtractStackTrace () (at /Users/bokken/build/output/unity/unity/Runtime/Export/Scripting/StackTrace.cs:37)
UnityEngine.DebugLogHandler:LogFormat (UnityEngine.LogType,UnityEngine.Object,string,object[])
UnityEngine.Logger:Log (UnityEngine.LogType,object)
UnityEngine.Debug:Log (object)
WakaTime.Plugin/<SendHeartbeat>d__29:MoveNext () (at ./Library/PackageCache/com.daniel-geo.unityhackatime@5ac210a9a2/Editor/Plugin.cs:203)
System.Runtime.CompilerServices.AsyncMethodBuilderCore/MoveNextRunner:InvokeMoveNext (object)
System.Threading.ExecutionContext:RunInternal (System.Threading.ExecutionContext,System.Threading.ContextCallback,object,bool)
System.Threading.ExecutionContext:Run (System.Threading.ExecutionContext,System.Threading.ContextCallback,object,bool)
System.Runtime.CompilerServices.AsyncMethodBuilderCore/MoveNextRunner:Run ()
System.Threading.Tasks.AwaitTaskContinuation:InvokeAction (object)
System.Threading.Tasks.AwaitTaskContinuation:RunCallback (System.Threading.ContextCallback,object,System.Threading.Tasks.Task&)
System.Threading.Tasks.SynchronizationContextAwaitTaskContinuation:Run (System.Threading.Tasks.Task,bool)
System.Threading.Tasks.Task:FinishContinuations ()
System.Threading.Tasks.Task:FinishStageThree ()
System.Threading.Tasks.Task`1<bool>:TrySetResult (bool)
System.Threading.Tasks.TaskCompletionSource`1<bool>:TrySetResult (bool)
WakaTime.Plugin/<>c__DisplayClass29_0:<SendHeartbeat>b__0 (UnityEngine.AsyncOperation) (at ./Library/PackageCache/com.daniel-geo.unityhackatime@5ac210a9a2/Editor/Plugin.cs:176)
UnityEngine.AsyncOperation:InvokeCompletionEvent () (at /Users/bokken/build/output/unity/unity/Runtime/Export/Scripting/AsyncOperation.cs:21)

(Filename: ./Library/PackageCache/com.daniel-geo.unityhackatime@5ac210a9a2/Editor/Plugin.cs Line: 203)

Unloading 3687 Unused Serialized files (Serialized files now loaded: 0)
Unloading 47 unused Assets / (1.8 MB). Loaded Objects now: 4341.
Memory consumption went from 396.7 MB to 394.9 MB.
Total: 3.409958 ms (FindLiveObjects: 0.153166 ms CreateObjectMapping: 0.050625 ms MarkObjects: 3.011375 ms  DeleteObjects: 0.194417 ms)

Prepare: number of updated asset objects reloaded= 0
AssetImportParameters requested are different than current active one (requested -> active):
  custom:container-demuxer-ogg: 62fdf1f143b41e24485cea50d1cbac27 -> 
  custom:video-decoder-ogg-theora: a1e56fd34408186e4bbccfd4996cb3dc -> 
  custom:CustomObjectIndexerAttribute: 9a22284fe3817be447336de3de66b15e -> 
  custom:container-demuxer-webm: 4f35f7cbe854078d1ac9338744f61a02 -> 
  custom:container-muxer-webm: aa71ff27fc2769a1b78a27578f13a17b -> 
  custom:video-decoder-webm-vp8: 9c59270c3fd7afecdb556c50c9e8de78 -> 
  custom:SearchIndexIgnoredProperties: e643bd26f0fe6173181afceb89e7c659 -> 
  custom:AudioImporter_EditorPlatform: 3918e3fc78b5a79bad01e8451be0beb8 -> 
  custom:framework-osx-AVFoundation: e770b220cccbd017edd2c1fefb359320 -> 
  custom:video-encoder-webm-vp8: eb34c28f22e8b96e1ab97ce403110664 -> 
  custom:audio-decoder-ogg-vorbis: bf7c407c2cedff20999df2af8eb42d56 -> 
  custom:audio-encoder-webm-vorbis: bf7c407c2cedff20999df2af8eb42d56 -> 
========================================================================
Received Prepare
Begin MonoManager ReloadAssembly
Thread 0x16d83b000 may have been prematurely finalized
- Loaded All Assemblies, in  0.400 seconds
Refreshing native plugins compatible for Editor in 2.36 ms, found 3 plugins.
Native extension for OSXStandalone target not found
<HackaTime> Initializing...
UnityEngine.StackTraceUtility:ExtractStackTrace () (at /Users/bokken/build/output/unity/unity/Runtime/Export/Scripting/StackTrace.cs:37)
UnityEngine.DebugLogHandler:LogFormat (UnityEngine.LogType,UnityEngine.Object,string,object[])
UnityEngine.Logger:Log (UnityEngine.LogType,object)
UnityEngine.Debug:Log (object)
WakaTime.Plugin:Initialize () (at ./Library/PackageCache/com.daniel-geo.unityhackatime@5ac210a9a2/Editor/Plugin.cs:76)
WakaTime.Plugin:.cctor () (at ./Library/PackageCache/com.daniel-geo.unityhackatime@5ac210a9a2/Editor/Plugin.cs:41)
System.Runtime.CompilerServices.RuntimeHelpers:RunClassConstructor (System.RuntimeTypeHandle)
UnityEditor.EditorAssemblies:ProcessInitializeOnLoadAttributes (System.Type[]) (at /Users/bokken/build/output/unity/unity/Editor/Mono/EditorAssemblies.cs:119)

(Filename: ./Library/PackageCache/com.daniel-geo.unityhackatime@5ac210a9a2/Editor/Plugin.cs Line: 76)

<HackaTime> Sending heartbeat...
UnityEngine.StackTraceUtility:ExtractStackTrace () (at /Users/bokken/build/output/unity/unity/Runtime/Export/Scripting/StackTrace.cs:37)
UnityEngine.DebugLogHandler:LogFormat (UnityEngine.LogType,UnityEngine.Object,string,object[])
UnityEngine.Logger:Log (UnityEngine.LogType,object)
UnityEngine.Debug:Log (object)
WakaTime.Plugin/<SendHeartbeat>d__29:MoveNext () (at ./Library/PackageCache/com.daniel-geo.unityhackatime@5ac210a9a2/Editor/Plugin.cs:144)
System.Runtime.CompilerServices.AsyncVoidMethodBuilder:Start<WakaTime.Plugin/<SendHeartbeat>d__29> (WakaTime.Plugin/<SendHeartbeat>d__29&)
WakaTime.Plugin:SendHeartbeat (bool)
WakaTime.Plugin:Initialize () (at ./Library/PackageCache/com.daniel-geo.unityhackatime@5ac210a9a2/Editor/Plugin.cs:78)
WakaTime.Plugin:.cctor () (at ./Library/PackageCache/com.daniel-geo.unityhackatime@5ac210a9a2/Editor/Plugin.cs:41)
System.Runtime.CompilerServices.RuntimeHelpers:RunClassConstructor (System.RuntimeTypeHandle)
UnityEditor.EditorAssemblies:ProcessInitializeOnLoadAttributes (System.Type[]) (at /Users/bokken/build/output/unity/unity/Editor/Mono/EditorAssemblies.cs:119)

(Filename: ./Library/PackageCache/com.daniel-geo.unityhackatime@5ac210a9a2/Editor/Plugin.cs Line: 144)

Mono: successfully reloaded assembly
- Finished resetting the current domain, in  1.013 seconds
Domain Reload Profiling: 1416ms
	BeginReloadAssembly (131ms)
		ExecutionOrderSort (0ms)
		DisableScriptedObjects (4ms)
		BackupInstance (0ms)
		ReleaseScriptingObjects (0ms)
		CreateAndSetChildDomain (47ms)
	RebuildCommonClasses (25ms)
	RebuildNativeTypeToScriptingClass (8ms)
	initialDomainReloadingComplete (27ms)
	LoadAllAssembliesAndSetupDomain (210ms)
		LoadAssemblies (246ms)
		RebuildTransferFunctionScriptingTraits (0ms)
		AnalyzeDomain (17ms)
			TypeCache.Refresh (12ms)
				TypeCache.ScanAssembly (0ms)
			ScanForSourceGeneratedMonoScriptInfo (0ms)
			ResolveRequiredComponents (4ms)
	FinalizeReload (1016ms)
		ReleaseScriptCaches (0ms)
		RebuildScriptCaches (0ms)
		SetupLoadedEditorAssemblies (356ms)
			LogAssemblyErrors (0ms)
			InitializePlatformSupportModulesInManaged (3ms)
			SetLoadedEditorAssemblies (2ms)
			RefreshPlugins (0ms)
			BeforeProcessingInitializeOnLoad (33ms)
			ProcessInitializeOnLoadAttributes (304ms)
			ProcessInitializeOnLoadMethodAttributes (11ms)
			AfterProcessingInitializeOnLoad (1ms)
			EditorAssembliesLoaded (1ms)
		ExecutionOrderSort2 (0ms)
		AwakeInstancesAfterBackupRestoration (2ms)
Refreshing native plugins compatible for Editor in 2.71 ms, found 3 plugins.
Preloading 0 native plugins for Editor in 0.00 ms.
<HackaTime> Got response
{"id":2741867460,"user_id":61064,"branch":"main","category":"coding","dependencies":[],"editor":"unity","entity":"Unsaved Scene","language":"unity","machine":null,"operating_system":null,"project":"Duos","type":"file","user_agent":"unity-hackatime","line_additions":null,"line_deletions":null,"lineno":null,"lines":null,"cursorpos":null,"project_root_count":null,"time":1791074944.0,"is_write":false,"created_at":"2026-10-04T00:48:19.173Z","updated_at":"2026-10-04T00:48:19.173Z","fields_hash":"f093674e8459f0fa768fb9b922fd1e1f","source_type":"direct_entry","ip_address":"2001:8003:cc20:b000:7ce7:6084:d273:5081","deleted_at":null,"ja4_id":41,"ai_model":null,"ai_session":null,"ai_subscription_plan":null,"ai_input_tokens":null,"ai_output_tokens":null,"ai_prompt_length":null,"ai_line_changes":null,"human_line_changes":null}
UnityEngine.StackTraceUtility:ExtractStackTrace () (at /Users/bokken/build/output/unity/unity/Runtime/Export/Scripting/StackTrace.cs:37)
UnityEngine.DebugLogHandler:LogFormat (UnityEngine.LogType,UnityEngine.Object,string,object[])
UnityEngine.Logger:Log (UnityEngine.LogType,object)
UnityEngine.Debug:Log (object)
WakaTime.Plugin/<SendHeartbeat>d__29:MoveNext () (at ./Library/PackageCache/com.daniel-geo.unityhackatime@5ac210a9a2/Editor/Plugin.cs:187)
System.Runtime.CompilerServices.AsyncMethodBuilderCore/MoveNextRunner:InvokeMoveNext (object)
System.Threading.ExecutionContext:RunInternal (System.Threading.ExecutionContext,System.Threading.ContextCallback,object,bool)
System.Threading.ExecutionContext:Run (System.Threading.ExecutionContext,System.Threading.ContextCallback,object,bool)
System.Runtime.CompilerServices.AsyncMethodBuilderCore/MoveNextRunner:Run ()
System.Threading.Tasks.AwaitTaskContinuation:InvokeAction (object)
System.Threading.Tasks.AwaitTaskContinuation:RunCallback (System.Threading.ContextCallback,object,System.Threading.Tasks.Task&)
System.Threading.Tasks.SynchronizationContextAwaitTaskContinuation:Run (System.Threading.Tasks.Task,bool)
System.Threading.Tasks.Task:FinishContinuations ()
System.Threading.Tasks.Task:FinishStageThree ()
System.Threading.Tasks.Task`1<bool>:TrySetResult (bool)
System.Threading.Tasks.TaskCompletionSource`1<bool>:TrySetResult (bool)
WakaTime.Plugin/<>c__DisplayClass29_0:<SendHeartbeat>b__0 (UnityEngine.AsyncOperation) (at ./Library/PackageCache/com.daniel-geo.unityhackatime@5ac210a9a2/Editor/Plugin.cs:176)
UnityEngine.AsyncOperation:InvokeCompletionEvent () (at /Users/bokken/build/output/unity/unity/Runtime/Export/Scripting/AsyncOperation.cs:21)

(Filename: ./Library/PackageCache/com.daniel-geo.unityhackatime@5ac210a9a2/Editor/Plugin.cs Line: 187)

<HackaTime> Sent heartbeat!
UnityEngine.StackTraceUtility:ExtractStackTrace () (at /Users/bokken/build/output/unity/unity/Runtime/Export/Scripting/StackTrace.cs:37)
UnityEngine.DebugLogHandler:LogFormat (UnityEngine.LogType,UnityEngine.Object,string,object[])
UnityEngine.Logger:Log (UnityEngine.LogType,object)
UnityEngine.Debug:Log (object)
WakaTime.Plugin/<SendHeartbeat>d__29:MoveNext () (at ./Library/PackageCache/com.daniel-geo.unityhackatime@5ac210a9a2/Editor/Plugin.cs:203)
System.Runtime.CompilerServices.AsyncMethodBuilderCore/MoveNextRunner:InvokeMoveNext (object)
System.Threading.ExecutionContext:RunInternal (System.Threading.ExecutionContext,System.Threading.ContextCallback,object,bool)
System.Threading.ExecutionContext:Run (System.Threading.ExecutionContext,System.Threading.ContextCallback,object,bool)
System.Runtime.CompilerServices.AsyncMethodBuilderCore/MoveNextRunner:Run ()
System.Threading.Tasks.AwaitTaskContinuation:InvokeAction (object)
System.Threading.Tasks.AwaitTaskContinuation:RunCallback (System.Threading.ContextCallback,object,System.Threading.Tasks.Task&)
System.Threading.Tasks.SynchronizationContextAwaitTaskContinuation:Run (System.Threading.Tasks.Task,bool)
System.Threading.Tasks.Task:FinishContinuations ()
System.Threading.Tasks.Task:FinishStageThree ()
System.Threading.Tasks.Task`1<bool>:TrySetResult (bool)
System.Threading.Tasks.TaskCompletionSource`1<bool>:TrySetResult (bool)
WakaTime.Plugin/<>c__DisplayClass29_0:<SendHeartbeat>b__0 (UnityEngine.AsyncOperation) (at ./Library/PackageCache/com.daniel-geo.unityhackatime@5ac210a9a2/Editor/Plugin.cs:176)
UnityEngine.AsyncOperation:InvokeCompletionEvent () (at /Users/bokken/build/output/unity/unity/Runtime/Export/Scripting/AsyncOperation.cs:21)

(Filename: ./Library/PackageCache/com.daniel-geo.unityhackatime@5ac210a9a2/Editor/Plugin.cs Line: 203)

Unloading 3687 Unused Serialized files (Serialized files now loaded: 0)
Unloading 47 unused Assets / (1.8 MB). Loaded Objects now: 4345.
Memory consumption went from 403.9 MB to 402.2 MB.
Total: 11.616125 ms (FindLiveObjects: 0.199583 ms CreateObjectMapping: 0.052834 ms MarkObjects: 11.047917 ms  DeleteObjects: 0.315167 ms)

Prepare: number of updated asset objects reloaded= 0
AssetImportParameters requested are different than current active one (requested -> active):
  custom:container-demuxer-ogg: 62fdf1f143b41e24485cea50d1cbac27 -> 
  custom:video-decoder-ogg-theora: a1e56fd34408186e4bbccfd4996cb3dc -> 
  custom:CustomObjectIndexerAttribute: 9a22284fe3817be447336de3de66b15e -> 
  custom:container-demuxer-webm: 4f35f7cbe854078d1ac9338744f61a02 -> 
  custom:container-muxer-webm: aa71ff27fc2769a1b78a27578f13a17b -> 
  custom:video-decoder-webm-vp8: 9c59270c3fd7afecdb556c50c9e8de78 -> 
  custom:SearchIndexIgnoredProperties: e643bd26f0fe6173181afceb89e7c659 -> 
  custom:AudioImporter_EditorPlatform: 3918e3fc78b5a79bad01e8451be0beb8 -> 
  custom:framework-osx-AVFoundation: e770b220cccbd017edd2c1fefb359320 -> 
  custom:video-encoder-webm-vp8: eb34c28f22e8b96e1ab97ce403110664 -> 
  custom:audio-decoder-ogg-vorbis: bf7c407c2cedff20999df2af8eb42d56 -> 
  custom:audio-encoder-webm-vorbis: bf7c407c2cedff20999df2af8eb42d56 -> 
========================================================================
Received Prepare
Begin MonoManager ReloadAssembly
Thread 0x16d83b000 may have been prematurely finalized
- Loaded All Assemblies, in  0.447 seconds
Refreshing native plugins compatible for Editor in 2.56 ms, found 3 plugins.
Native extension for OSXStandalone target not found
<HackaTime> Initializing...
UnityEngine.StackTraceUtility:ExtractStackTrace () (at /Users/bokken/build/output/unity/unity/Runtime/Export/Scripting/StackTrace.cs:37)
UnityEngine.DebugLogHandler:LogFormat (UnityEngine.LogType,UnityEngine.Object,string,object[])
UnityEngine.Logger:Log (UnityEngine.LogType,object)
UnityEngine.Debug:Log (object)
WakaTime.Plugin:Initialize () (at ./Library/PackageCache/com.daniel-geo.unityhackatime@5ac210a9a2/Editor/Plugin.cs:76)
WakaTime.Plugin:.cctor () (at ./Library/PackageCache/com.daniel-geo.unityhackatime@5ac210a9a2/Editor/Plugin.cs:41)
System.Runtime.CompilerServices.RuntimeHelpers:RunClassConstructor (System.RuntimeTypeHandle)
UnityEditor.EditorAssemblies:ProcessInitializeOnLoadAttributes (System.Type[]) (at /Users/bokken/build/output/unity/unity/Editor/Mono/EditorAssemblies.cs:119)

(Filename: ./Library/PackageCache/com.daniel-geo.unityhackatime@5ac210a9a2/Editor/Plugin.cs Line: 76)

<HackaTime> Sending heartbeat...
UnityEngine.StackTraceUtility:ExtractStackTrace () (at /Users/bokken/build/output/unity/unity/Runtime/Export/Scripting/StackTrace.cs:37)
UnityEngine.DebugLogHandler:LogFormat (UnityEngine.LogType,UnityEngine.Object,string,object[])
UnityEngine.Logger:Log (UnityEngine.LogType,object)
UnityEngine.Debug:Log (object)
WakaTime.Plugin/<SendHeartbeat>d__29:MoveNext () (at ./Library/PackageCache/com.daniel-geo.unityhackatime@5ac210a9a2/Editor/Plugin.cs:144)
System.Runtime.CompilerServices.AsyncVoidMethodBuilder:Start<WakaTime.Plugin/<SendHeartbeat>d__29> (WakaTime.Plugin/<SendHeartbeat>d__29&)
WakaTime.Plugin:SendHeartbeat (bool)
WakaTime.Plugin:Initialize () (at ./Library/PackageCache/com.daniel-geo.unityhackatime@5ac210a9a2/Editor/Plugin.cs:78)
WakaTime.Plugin:.cctor () (at ./Library/PackageCache/com.daniel-geo.unityhackatime@5ac210a9a2/Editor/Plugin.cs:41)
System.Runtime.CompilerServices.RuntimeHelpers:RunClassConstructor (System.RuntimeTypeHandle)
UnityEditor.EditorAssemblies:ProcessInitializeOnLoadAttributes (System.Type[]) (at /Users/bokken/build/output/unity/unity/Editor/Mono/EditorAssemblies.cs:119)

(Filename: ./Library/PackageCache/com.daniel-geo.unityhackatime@5ac210a9a2/Editor/Plugin.cs Line: 144)

Mono: successfully reloaded assembly
- Finished resetting the current domain, in  1.090 seconds
Domain Reload Profiling: 1537ms
	BeginReloadAssembly (142ms)
		ExecutionOrderSort (0ms)
		DisableScriptedObjects (4ms)
		BackupInstance (0ms)
		ReleaseScriptingObjects (0ms)
		CreateAndSetChildDomain (43ms)
	RebuildCommonClasses (25ms)
	RebuildNativeTypeToScriptingClass (8ms)
	initialDomainReloadingComplete (18ms)
	LoadAllAssembliesAndSetupDomain (254ms)
		LoadAssemblies (313ms)
		RebuildTransferFunctionScriptingTraits (0ms)
		AnalyzeDomain (13ms)
			TypeCache.Refresh (8ms)
				TypeCache.ScanAssembly (0ms)
			ScanForSourceGeneratedMonoScriptInfo (0ms)
			ResolveRequiredComponents (4ms)
	FinalizeReload (1090ms)
		ReleaseScriptCaches (0ms)
		RebuildScriptCaches (0ms)
		SetupLoadedEditorAssemblies (370ms)
			LogAssemblyErrors (0ms)
			InitializePlatformSupportModulesInManaged (3ms)
			SetLoadedEditorAssemblies (3ms)
			RefreshPlugins (0ms)
			BeforeProcessingInitializeOnLoad (34ms)
			ProcessInitializeOnLoadAttributes (318ms)
			ProcessInitializeOnLoadMethodAttributes (11ms)
			AfterProcessingInitializeOnLoad (1ms)
			EditorAssembliesLoaded (0ms)
		ExecutionOrderSort2 (0ms)
		AwakeInstancesAfterBackupRestoration (2ms)
Refreshing native plugins compatible for Editor in 2.77 ms, found 3 plugins.
Preloading 0 native plugins for Editor in 0.00 ms.
<HackaTime> Got response
{"id":2741867460,"user_id":61064,"branch":"main","category":"coding","dependencies":[],"editor":"unity","entity":"Unsaved Scene","language":"unity","machine":null,"operating_system":null,"project":"Duos","type":"file","user_agent":"unity-hackatime","line_additions":null,"line_deletions":null,"lineno":null,"lines":null,"cursorpos":null,"project_root_count":null,"time":1791074944.0,"is_write":false,"created_at":"2026-10-04T00:48:19.173Z","updated_at":"2026-10-04T00:48:19.173Z","fields_hash":"f093674e8459f0fa768fb9b922fd1e1f","source_type":"direct_entry","ip_address":"2001:8003:cc20:b000:7ce7:6084:d273:5081","deleted_at":null,"ja4_id":41,"ai_model":null,"ai_session":null,"ai_subscription_plan":null,"ai_input_tokens":null,"ai_output_tokens":null,"ai_prompt_length":null,"ai_line_changes":null,"human_line_changes":null}
UnityEngine.StackTraceUtility:ExtractStackTrace () (at /Users/bokken/build/output/unity/unity/Runtime/Export/Scripting/StackTrace.cs:37)
UnityEngine.DebugLogHandler:LogFormat (UnityEngine.LogType,UnityEngine.Object,string,object[])
UnityEngine.Logger:Log (UnityEngine.LogType,object)
UnityEngine.Debug:Log (object)
WakaTime.Plugin/<SendHeartbeat>d__29:MoveNext () (at ./Library/PackageCache/com.daniel-geo.unityhackatime@5ac210a9a2/Editor/Plugin.cs:187)
System.Runtime.CompilerServices.AsyncMethodBuilderCore/MoveNextRunner:InvokeMoveNext (object)
System.Threading.ExecutionContext:RunInternal (System.Threading.ExecutionContext,System.Threading.ContextCallback,object,bool)
System.Threading.ExecutionContext:Run (System.Threading.ExecutionContext,System.Threading.ContextCallback,object,bool)
System.Runtime.CompilerServices.AsyncMethodBuilderCore/MoveNextRunner:Run ()
System.Threading.Tasks.AwaitTaskContinuation:InvokeAction (object)
System.Threading.Tasks.AwaitTaskContinuation:RunCallback (System.Threading.ContextCallback,object,System.Threading.Tasks.Task&)
System.Threading.Tasks.SynchronizationContextAwaitTaskContinuation:Run (System.Threading.Tasks.Task,bool)
System.Threading.Tasks.Task:FinishContinuations ()
System.Threading.Tasks.Task:FinishStageThree ()
System.Threading.Tasks.Task`1<bool>:TrySetResult (bool)
System.Threading.Tasks.TaskCompletionSource`1<bool>:TrySetResult (bool)
WakaTime.Plugin/<>c__DisplayClass29_0:<SendHeartbeat>b__0 (UnityEngine.AsyncOperation) (at ./Library/PackageCache/com.daniel-geo.unityhackatime@5ac210a9a2/Editor/Plugin.cs:176)
UnityEngine.AsyncOperation:InvokeCompletionEvent () (at /Users/bokken/build/output/unity/unity/Runtime/Export/Scripting/AsyncOperation.cs:21)

(Filename: ./Library/PackageCache/com.daniel-geo.unityhackatime@5ac210a9a2/Editor/Plugin.cs Line: 187)

<HackaTime> Sent heartbeat!
UnityEngine.StackTraceUtility:ExtractStackTrace () (at /Users/bokken/build/output/unity/unity/Runtime/Export/Scripting/StackTrace.cs:37)
UnityEngine.DebugLogHandler:LogFormat (UnityEngine.LogType,UnityEngine.Object,string,object[])
UnityEngine.Logger:Log (UnityEngine.LogType,object)
UnityEngine.Debug:Log (object)
WakaTime.Plugin/<SendHeartbeat>d__29:MoveNext () (at ./Library/PackageCache/com.daniel-geo.unityhackatime@5ac210a9a2/Editor/Plugin.cs:203)
System.Runtime.CompilerServices.AsyncMethodBuilderCore/MoveNextRunner:InvokeMoveNext (object)
System.Threading.ExecutionContext:RunInternal (System.Threading.ExecutionContext,System.Threading.ContextCallback,object,bool)
System.Threading.ExecutionContext:Run (System.Threading.ExecutionContext,System.Threading.ContextCallback,object,bool)
System.Runtime.CompilerServices.AsyncMethodBuilderCore/MoveNextRunner:Run ()
System.Threading.Tasks.AwaitTaskContinuation:InvokeAction (object)
System.Threading.Tasks.AwaitTaskContinuation:RunCallback (System.Threading.ContextCallback,object,System.Threading.Tasks.Task&)
System.Threading.Tasks.SynchronizationContextAwaitTaskContinuation:Run (System.Threading.Tasks.Task,bool)
System.Threading.Tasks.Task:FinishContinuations ()
System.Threading.Tasks.Task:FinishStageThree ()
System.Threading.Tasks.Task`1<bool>:TrySetResult (bool)
System.Threading.Tasks.TaskCompletionSource`1<bool>:TrySetResult (bool)
WakaTime.Plugin/<>c__DisplayClass29_0:<SendHeartbeat>b__0 (UnityEngine.AsyncOperation) (at ./Library/PackageCache/com.daniel-geo.unityhackatime@5ac210a9a2/Editor/Plugin.cs:176)
UnityEngine.AsyncOperation:InvokeCompletionEvent () (at /Users/bokken/build/output/unity/unity/Runtime/Export/Scripting/AsyncOperation.cs:21)

(Filename: ./Library/PackageCache/com.daniel-geo.unityhackatime@5ac210a9a2/Editor/Plugin.cs Line: 203)

Unloading 3687 Unused Serialized files (Serialized files now loaded: 0)
Unloading 47 unused Assets / (1.8 MB). Loaded Objects now: 4349.
Memory consumption went from 411.1 MB to 409.4 MB.
Total: 19.249542 ms (FindLiveObjects: 0.254458 ms CreateObjectMapping: 0.051542 ms MarkObjects: 18.241750 ms  DeleteObjects: 0.700042 ms)

Prepare: number of updated asset objects reloaded= 0
AssetImportParameters requested are different than current active one (requested -> active):
  custom:container-demuxer-ogg: 62fdf1f143b41e24485cea50d1cbac27 -> 
  custom:video-decoder-ogg-theora: a1e56fd34408186e4bbccfd4996cb3dc -> 
  custom:CustomObjectIndexerAttribute: 9a22284fe3817be447336de3de66b15e -> 
  custom:container-demuxer-webm: 4f35f7cbe854078d1ac9338744f61a02 -> 
  custom:container-muxer-webm: aa71ff27fc2769a1b78a27578f13a17b -> 
  custom:video-decoder-webm-vp8: 9c59270c3fd7afecdb556c50c9e8de78 -> 
  custom:SearchIndexIgnoredProperties: e643bd26f0fe6173181afceb89e7c659 -> 
  custom:AudioImporter_EditorPlatform: 3918e3fc78b5a79bad01e8451be0beb8 -> 
  custom:framework-osx-AVFoundation: e770b220cccbd017edd2c1fefb359320 -> 
  custom:video-encoder-webm-vp8: eb34c28f22e8b96e1ab97ce403110664 -> 
  custom:audio-decoder-ogg-vorbis: bf7c407c2cedff20999df2af8eb42d56 -> 
  custom:audio-encoder-webm-vorbis: bf7c407c2cedff20999df2af8eb42d56 -> 
========================================================================
Received Prepare
Begin MonoManager ReloadAssembly
Thread 0x16d83b000 may have been prematurely finalized
- Loaded All Assemblies, in  0.861 seconds
Refreshing native plugins compatible for Editor in 2.20 ms, found 3 plugins.
Native extension for OSXStandalone target not found
<HackaTime> Initializing...
UnityEngine.StackTraceUtility:ExtractStackTrace () (at /Users/bokken/build/output/unity/unity/Runtime/Export/Scripting/StackTrace.cs:37)
UnityEngine.DebugLogHandler:LogFormat (UnityEngine.LogType,UnityEngine.Object,string,object[])
UnityEngine.Logger:Log (UnityEngine.LogType,object)
UnityEngine.Debug:Log (object)
WakaTime.Plugin:Initialize () (at ./Library/PackageCache/com.daniel-geo.unityhackatime@5ac210a9a2/Editor/Plugin.cs:76)
WakaTime.Plugin:.cctor () (at ./Library/PackageCache/com.daniel-geo.unityhackatime@5ac210a9a2/Editor/Plugin.cs:41)
System.Runtime.CompilerServices.RuntimeHelpers:RunClassConstructor (System.RuntimeTypeHandle)
UnityEditor.EditorAssemblies:ProcessInitializeOnLoadAttributes (System.Type[]) (at /Users/bokken/build/output/unity/unity/Editor/Mono/EditorAssemblies.cs:119)

(Filename: ./Library/PackageCache/com.daniel-geo.unityhackatime@5ac210a9a2/Editor/Plugin.cs Line: 76)

<HackaTime> Sending heartbeat...
UnityEngine.StackTraceUtility:ExtractStackTrace () (at /Users/bokken/build/output/unity/unity/Runtime/Export/Scripting/StackTrace.cs:37)
UnityEngine.DebugLogHandler:LogFormat (UnityEngine.LogType,UnityEngine.Object,string,object[])
UnityEngine.Logger:Log (UnityEngine.LogType,object)
UnityEngine.Debug:Log (object)
WakaTime.Plugin/<SendHeartbeat>d__29:MoveNext () (at ./Library/PackageCache/com.daniel-geo.unityhackatime@5ac210a9a2/Editor/Plugin.cs:144)
System.Runtime.CompilerServices.AsyncVoidMethodBuilder:Start<WakaTime.Plugin/<SendHeartbeat>d__29> (WakaTime.Plugin/<SendHeartbeat>d__29&)
WakaTime.Plugin:SendHeartbeat (bool)
WakaTime.Plugin:Initialize () (at ./Library/PackageCache/com.daniel-geo.unityhackatime@5ac210a9a2/Editor/Plugin.cs:78)
WakaTime.Plugin:.cctor () (at ./Library/PackageCache/com.daniel-geo.unityhackatime@5ac210a9a2/Editor/Plugin.cs:41)
System.Runtime.CompilerServices.RuntimeHelpers:RunClassConstructor (System.RuntimeTypeHandle)
UnityEditor.EditorAssemblies:ProcessInitializeOnLoadAttributes (System.Type[]) (at /Users/bokken/build/output/unity/unity/Editor/Mono/EditorAssemblies.cs:119)

(Filename: ./Library/PackageCache/com.daniel-geo.unityhackatime@5ac210a9a2/Editor/Plugin.cs Line: 144)

Mono: successfully reloaded assembly
- Finished resetting the current domain, in  3.016 seconds
Domain Reload Profiling: 3885ms
	BeginReloadAssembly (360ms)
		ExecutionOrderSort (0ms)
		DisableScriptedObjects (19ms)
		BackupInstance (0ms)
		ReleaseScriptingObjects (0ms)
		CreateAndSetChildDomain (89ms)
	RebuildCommonClasses (24ms)
	RebuildNativeTypeToScriptingClass (8ms)
	initialDomainReloadingComplete (19ms)
	LoadAllAssembliesAndSetupDomain (459ms)
		LoadAssemblies (583ms)
		RebuildTransferFunctionScriptingTraits (0ms)
		AnalyzeDomain (51ms)
			TypeCache.Refresh (37ms)
				TypeCache.ScanAssembly (0ms)
			ScanForSourceGeneratedMonoScriptInfo (0ms)
			ResolveRequiredComponents (13ms)
	FinalizeReload (3016ms)
		ReleaseScriptCaches (0ms)
		RebuildScriptCaches (0ms)
		SetupLoadedEditorAssemblies (435ms)
			LogAssemblyErrors (0ms)
			InitializePlatformSupportModulesInManaged (5ms)
			SetLoadedEditorAssemblies (4ms)
			RefreshPlugins (0ms)
			BeforeProcessingInitializeOnLoad (44ms)
			ProcessInitializeOnLoadAttributes (366ms)
			ProcessInitializeOnLoadMethodAttributes (14ms)
			AfterProcessingInitializeOnLoad (1ms)
			EditorAssembliesLoaded (1ms)
		ExecutionOrderSort2 (0ms)
		AwakeInstancesAfterBackupRestoration (4ms)
Refreshing native plugins compatible for Editor in 2.29 ms, found 3 plugins.
Preloading 0 native plugins for Editor in 0.00 ms.
<HackaTime> Got response
{"id":2741877762,"user_id":61064,"branch":"main","category":"coding","dependencies":[],"editor":"unity","entity":"Unsaved Scene","language":"unity","machine":null,"operating_system":null,"project":"Duos","type":"file","user_agent":"unity-hackatime","line_additions":null,"line_deletions":null,"lineno":null,"lines":null,"cursorpos":null,"project_root_count":null,"time":1791076224.0,"is_write":false,"created_at":"2026-10-04T01:09:22.170Z","updated_at":"2026-10-04T01:09:22.170Z","fields_hash":"1ececf7b0ebb1caa38b29e9599dbe7dc","source_type":"direct_entry","ip_address":"2001:8003:cc20:b000:7ce7:6084:d273:5081","deleted_at":null,"ja4_id":41,"ai_model":null,"ai_session":null,"ai_subscription_plan":null,"ai_input_tokens":null,"ai_output_tokens":null,"ai_prompt_length":null,"ai_line_changes":null,"human_line_changes":null}
UnityEngine.StackTraceUtility:ExtractStackTrace () (at /Users/bokken/build/output/unity/unity/Runtime/Export/Scripting/StackTrace.cs:37)
UnityEngine.DebugLogHandler:LogFormat (UnityEngine.LogType,UnityEngine.Object,string,object[])
UnityEngine.Logger:Log (UnityEngine.LogType,object)
UnityEngine.Debug:Log (object)
WakaTime.Plugin/<SendHeartbeat>d__29:MoveNext () (at ./Library/PackageCache/com.daniel-geo.unityhackatime@5ac210a9a2/Editor/Plugin.cs:187)
System.Runtime.CompilerServices.AsyncMethodBuilderCore/MoveNextRunner:InvokeMoveNext (object)
System.Threading.ExecutionContext:RunInternal (System.Threading.ExecutionContext,System.Threading.ContextCallback,object,bool)
System.Threading.ExecutionContext:Run (System.Threading.ExecutionContext,System.Threading.ContextCallback,object,bool)
System.Runtime.CompilerServices.AsyncMethodBuilderCore/MoveNextRunner:Run ()
System.Threading.Tasks.AwaitTaskContinuation:InvokeAction (object)
System.Threading.Tasks.AwaitTaskContinuation:RunCallback (System.Threading.ContextCallback,object,System.Threading.Tasks.Task&)
System.Threading.Tasks.SynchronizationContextAwaitTaskContinuation:Run (System.Threading.Tasks.Task,bool)
System.Threading.Tasks.Task:FinishContinuations ()
System.Threading.Tasks.Task:FinishStageThree ()
System.Threading.Tasks.Task`1<bool>:TrySetResult (bool)
System.Threading.Tasks.TaskCompletionSource`1<bool>:TrySetResult (bool)
WakaTime.Plugin/<>c__DisplayClass29_0:<SendHeartbeat>b__0 (UnityEngine.AsyncOperation) (at ./Library/PackageCache/com.daniel-geo.unityhackatime@5ac210a9a2/Editor/Plugin.cs:176)
UnityEngine.AsyncOperation:InvokeCompletionEvent () (at /Users/bokken/build/output/unity/unity/Runtime/Export/Scripting/AsyncOperation.cs:21)

(Filename: ./Library/PackageCache/com.daniel-geo.unityhackatime@5ac210a9a2/Editor/Plugin.cs Line: 187)

<HackaTime> Sent heartbeat!
UnityEngine.StackTraceUtility:ExtractStackTrace () (at /Users/bokken/build/output/unity/unity/Runtime/Export/Scripting/StackTrace.cs:37)
UnityEngine.DebugLogHandler:LogFormat (UnityEngine.LogType,UnityEngine.Object,string,object[])
UnityEngine.Logger:Log (UnityEngine.LogType,object)
UnityEngine.Debug:Log (object)
WakaTime.Plugin/<SendHeartbeat>d__29:MoveNext () (at ./Library/PackageCache/com.daniel-geo.unityhackatime@5ac210a9a2/Editor/Plugin.cs:203)
System.Runtime.CompilerServices.AsyncMethodBuilderCore/MoveNextRunner:InvokeMoveNext (object)
System.Threading.ExecutionContext:RunInternal (System.Threading.ExecutionContext,System.Threading.ContextCallback,object,bool)
System.Threading.ExecutionContext:Run (System.Threading.ExecutionContext,System.Threading.ContextCallback,object,bool)
System.Runtime.CompilerServices.AsyncMethodBuilderCore/MoveNextRunner:Run ()
System.Threading.Tasks.AwaitTaskContinuation:InvokeAction (object)
System.Threading.Tasks.AwaitTaskContinuation:RunCallback (System.Threading.ContextCallback,object,System.Threading.Tasks.Task&)
System.Threading.Tasks.SynchronizationContextAwaitTaskContinuation:Run (System.Threading.Tasks.Task,bool)
System.Threading.Tasks.Task:FinishContinuations ()
System.Threading.Tasks.Task:FinishStageThree ()
System.Threading.Tasks.Task`1<bool>:TrySetResult (bool)
System.Threading.Tasks.TaskCompletionSource`1<bool>:TrySetResult (bool)
WakaTime.Plugin/<>c__DisplayClass29_0:<SendHeartbeat>b__0 (UnityEngine.AsyncOperation) (at ./Library/PackageCache/com.daniel-geo.unityhackatime@5ac210a9a2/Editor/Plugin.cs:176)
UnityEngine.AsyncOperation:InvokeCompletionEvent () (at /Users/bokken/build/output/unity/unity/Runtime/Export/Scripting/AsyncOperation.cs:21)

(Filename: ./Library/PackageCache/com.daniel-geo.unityhackatime@5ac210a9a2/Editor/Plugin.cs Line: 203)

Unloading 3687 Unused Serialized files (Serialized files now loaded: 0)
Unloading 47 unused Assets / (1.8 MB). Loaded Objects now: 4353.
Memory consumption went from 418.4 MB to 416.6 MB.
Total: 4.672750 ms (FindLiveObjects: 0.177917 ms CreateObjectMapping: 0.048833 ms MarkObjects: 4.117625 ms  DeleteObjects: 0.324708 ms)

Prepare: number of updated asset objects reloaded= 0
AssetImportParameters requested are different than current active one (requested -> active):
  custom:container-demuxer-ogg: 62fdf1f143b41e24485cea50d1cbac27 -> 
  custom:video-decoder-ogg-theora: a1e56fd34408186e4bbccfd4996cb3dc -> 
  custom:CustomObjectIndexerAttribute: 9a22284fe3817be447336de3de66b15e -> 
  custom:container-demuxer-webm: 4f35f7cbe854078d1ac9338744f61a02 -> 
  custom:container-muxer-webm: aa71ff27fc2769a1b78a27578f13a17b -> 
  custom:video-decoder-webm-vp8: 9c59270c3fd7afecdb556c50c9e8de78 -> 
  custom:SearchIndexIgnoredProperties: e643bd26f0fe6173181afceb89e7c659 -> 
  custom:AudioImporter_EditorPlatform: 3918e3fc78b5a79bad01e8451be0beb8 -> 
  custom:framework-osx-AVFoundation: e770b220cccbd017edd2c1fefb359320 -> 
  custom:video-encoder-webm-vp8: eb34c28f22e8b96e1ab97ce403110664 -> 
  custom:audio-decoder-ogg-vorbis: bf7c407c2cedff20999df2af8eb42d56 -> 
  custom:audio-encoder-webm-vorbis: bf7c407c2cedff20999df2af8eb42d56 -> 
========================================================================
Received Prepare
Begin MonoManager ReloadAssembly
Thread 0x16d83b000 may have been prematurely finalized
- Loaded All Assemblies, in  0.549 seconds
Refreshing native plugins compatible for Editor in 2.22 ms, found 3 plugins.
Native extension for OSXStandalone target not found
<HackaTime> Initializing...
UnityEngine.StackTraceUtility:ExtractStackTrace () (at /Users/bokken/build/output/unity/unity/Runtime/Export/Scripting/StackTrace.cs:37)
UnityEngine.DebugLogHandler:LogFormat (UnityEngine.LogType,UnityEngine.Object,string,object[])
UnityEngine.Logger:Log (UnityEngine.LogType,object)
UnityEngine.Debug:Log (object)
WakaTime.Plugin:Initialize () (at ./Library/PackageCache/com.daniel-geo.unityhackatime@5ac210a9a2/Editor/Plugin.cs:76)
WakaTime.Plugin:.cctor () (at ./Library/PackageCache/com.daniel-geo.unityhackatime@5ac210a9a2/Editor/Plugin.cs:41)
System.Runtime.CompilerServices.RuntimeHelpers:RunClassConstructor (System.RuntimeTypeHandle)
UnityEditor.EditorAssemblies:ProcessInitializeOnLoadAttributes (System.Type[]) (at /Users/bokken/build/output/unity/unity/Editor/Mono/EditorAssemblies.cs:119)

(Filename: ./Library/PackageCache/com.daniel-geo.unityhackatime@5ac210a9a2/Editor/Plugin.cs Line: 76)

<HackaTime> Sending heartbeat...
UnityEngine.StackTraceUtility:ExtractStackTrace () (at /Users/bokken/build/output/unity/unity/Runtime/Export/Scripting/StackTrace.cs:37)
UnityEngine.DebugLogHandler:LogFormat (UnityEngine.LogType,UnityEngine.Object,string,object[])
UnityEngine.Logger:Log (UnityEngine.LogType,object)
UnityEngine.Debug:Log (object)
WakaTime.Plugin/<SendHeartbeat>d__29:MoveNext () (at ./Library/PackageCache/com.daniel-geo.unityhackatime@5ac210a9a2/Editor/Plugin.cs:144)
System.Runtime.CompilerServices.AsyncVoidMethodBuilder:Start<WakaTime.Plugin/<SendHeartbeat>d__29> (WakaTime.Plugin/<SendHeartbeat>d__29&)
WakaTime.Plugin:SendHeartbeat (bool)
WakaTime.Plugin:Initialize () (at ./Library/PackageCache/com.daniel-geo.unityhackatime@5ac210a9a2/Editor/Plugin.cs:78)
WakaTime.Plugin:.cctor () (at ./Library/PackageCache/com.daniel-geo.unityhackatime@5ac210a9a2/Editor/Plugin.cs:41)
System.Runtime.CompilerServices.RuntimeHelpers:RunClassConstructor (System.RuntimeTypeHandle)
UnityEditor.EditorAssemblies:ProcessInitializeOnLoadAttributes (System.Type[]) (at /Users/bokken/build/output/unity/unity/Editor/Mono/EditorAssemblies.cs:119)

(Filename: ./Library/PackageCache/com.daniel-geo.unityhackatime@5ac210a9a2/Editor/Plugin.cs Line: 144)

Mono: successfully reloaded assembly
- Finished resetting the current domain, in  1.294 seconds
Domain Reload Profiling: 1844ms
	BeginReloadAssembly (208ms)
		ExecutionOrderSort (0ms)
		DisableScriptedObjects (7ms)
		BackupInstance (0ms)
		ReleaseScriptingObjects (0ms)
		CreateAndSetChildDomain (63ms)
	RebuildCommonClasses (27ms)
	RebuildNativeTypeToScriptingClass (9ms)
	initialDomainReloadingComplete (18ms)
	LoadAllAssembliesAndSetupDomain (287ms)
		LoadAssemblies (369ms)
		RebuildTransferFunctionScriptingTraits (0ms)
		AnalyzeDomain (26ms)
			TypeCache.Refresh (14ms)
				TypeCache.ScanAssembly (1ms)
			ScanForSourceGeneratedMonoScriptInfo (7ms)
			ResolveRequiredComponents (4ms)
	FinalizeReload (1294ms)
		ReleaseScriptCaches (0ms)
		RebuildScriptCaches (0ms)
		SetupLoadedEditorAssemblies (366ms)
			LogAssemblyErrors (0ms)
			InitializePlatformSupportModulesInManaged (4ms)
			SetLoadedEditorAssemblies (3ms)
			RefreshPlugins (0ms)
			BeforeProcessingInitializeOnLoad (38ms)
			ProcessInitializeOnLoadAttributes (310ms)
			ProcessInitializeOnLoadMethodAttributes (10ms)
			AfterProcessingInitializeOnLoad (1ms)
			EditorAssembliesLoaded (0ms)
		ExecutionOrderSort2 (0ms)
		AwakeInstancesAfterBackupRestoration (3ms)
Refreshing native plugins compatible for Editor in 2.48 ms, found 3 plugins.
Preloading 0 native plugins for Editor in 0.00 ms.
<HackaTime> Got response
{"id":2741878832,"user_id":61064,"branch":"main","category":"coding","dependencies":[],"editor":"unity","entity":"Unsaved Scene","language":"unity","machine":null,"operating_system":null,"project":"Duos","type":"file","user_agent":"unity-hackatime","line_additions":null,"line_deletions":null,"lineno":null,"lines":null,"cursorpos":null,"project_root_count":null,"time":1791076352.0,"is_write":false,"created_at":"2026-10-04T01:11:39.390Z","updated_at":"2026-10-04T01:11:39.390Z","fields_hash":"93536ecca19a6e18625af1cba0c016d5","source_type":"direct_entry","ip_address":"2001:8003:cc20:b000:7ce7:6084:d273:5081","deleted_at":null,"ja4_id":41,"ai_model":null,"ai_session":null,"ai_subscription_plan":null,"ai_input_tokens":null,"ai_output_tokens":null,"ai_prompt_length":null,"ai_line_changes":null,"human_line_changes":null}
UnityEngine.StackTraceUtility:ExtractStackTrace () (at /Users/bokken/build/output/unity/unity/Runtime/Export/Scripting/StackTrace.cs:37)
UnityEngine.DebugLogHandler:LogFormat (UnityEngine.LogType,UnityEngine.Object,string,object[])
UnityEngine.Logger:Log (UnityEngine.LogType,object)
UnityEngine.Debug:Log (object)
WakaTime.Plugin/<SendHeartbeat>d__29:MoveNext () (at ./Library/PackageCache/com.daniel-geo.unityhackatime@5ac210a9a2/Editor/Plugin.cs:187)
System.Runtime.CompilerServices.AsyncMethodBuilderCore/MoveNextRunner:InvokeMoveNext (object)
System.Threading.ExecutionContext:RunInternal (System.Threading.ExecutionContext,System.Threading.ContextCallback,object,bool)
System.Threading.ExecutionContext:Run (System.Threading.ExecutionContext,System.Threading.ContextCallback,object,bool)
System.Runtime.CompilerServices.AsyncMethodBuilderCore/MoveNextRunner:Run ()
System.Threading.Tasks.AwaitTaskContinuation:InvokeAction (object)
System.Threading.Tasks.AwaitTaskContinuation:RunCallback (System.Threading.ContextCallback,object,System.Threading.Tasks.Task&)
System.Threading.Tasks.SynchronizationContextAwaitTaskContinuation:Run (System.Threading.Tasks.Task,bool)
System.Threading.Tasks.Task:FinishContinuations ()
System.Threading.Tasks.Task:FinishStageThree ()
System.Threading.Tasks.Task`1<bool>:TrySetResult (bool)
System.Threading.Tasks.TaskCompletionSource`1<bool>:TrySetResult (bool)
WakaTime.Plugin/<>c__DisplayClass29_0:<SendHeartbeat>b__0 (UnityEngine.AsyncOperation) (at ./Library/PackageCache/com.daniel-geo.unityhackatime@5ac210a9a2/Editor/Plugin.cs:176)
UnityEngine.AsyncOperation:InvokeCompletionEvent () (at /Users/bokken/build/output/unity/unity/Runtime/Export/Scripting/AsyncOperation.cs:21)

(Filename: ./Library/PackageCache/com.daniel-geo.unityhackatime@5ac210a9a2/Editor/Plugin.cs Line: 187)

<HackaTime> Sent heartbeat!
UnityEngine.StackTraceUtility:ExtractStackTrace () (at /Users/bokken/build/output/unity/unity/Runtime/Export/Scripting/StackTrace.cs:37)
UnityEngine.DebugLogHandler:LogFormat (UnityEngine.LogType,UnityEngine.Object,string,object[])
UnityEngine.Logger:Log (UnityEngine.LogType,object)
UnityEngine.Debug:Log (object)
WakaTime.Plugin/<SendHeartbeat>d__29:MoveNext () (at ./Library/PackageCache/com.daniel-geo.unityhackatime@5ac210a9a2/Editor/Plugin.cs:203)
System.Runtime.CompilerServices.AsyncMethodBuilderCore/MoveNextRunner:InvokeMoveNext (object)
System.Threading.ExecutionContext:RunInternal (System.Threading.ExecutionContext,System.Threading.ContextCallback,object,bool)
System.Threading.ExecutionContext:Run (System.Threading.ExecutionContext,System.Threading.ContextCallback,object,bool)
System.Runtime.CompilerServices.AsyncMethodBuilderCore/MoveNextRunner:Run ()
System.Threading.Tasks.AwaitTaskContinuation:InvokeAction (object)
System.Threading.Tasks.AwaitTaskContinuation:RunCallback (System.Threading.ContextCallback,object,System.Threading.Tasks.Task&)
System.Threading.Tasks.SynchronizationContextAwaitTaskContinuation:Run (System.Threading.Tasks.Task,bool)
System.Threading.Tasks.Task:FinishContinuations ()
System.Threading.Tasks.Task:FinishStageThree ()
System.Threading.Tasks.Task`1<bool>:TrySetResult (bool)
System.Threading.Tasks.TaskCompletionSource`1<bool>:TrySetResult (bool)
WakaTime.Plugin/<>c__DisplayClass29_0:<SendHeartbeat>b__0 (UnityEngine.AsyncOperation) (at ./Library/PackageCache/com.daniel-geo.unityhackatime@5ac210a9a2/Editor/Plugin.cs:176)
UnityEngine.AsyncOperation:InvokeCompletionEvent () (at /Users/bokken/build/output/unity/unity/Runtime/Export/Scripting/AsyncOperation.cs:21)

(Filename: ./Library/PackageCache/com.daniel-geo.unityhackatime@5ac210a9a2/Editor/Plugin.cs Line: 203)

Unloading 3688 Unused Serialized files (Serialized files now loaded: 0)
Unloading 47 unused Assets / (1.8 MB). Loaded Objects now: 4358.
Memory consumption went from 425.6 MB to 423.8 MB.
Total: 4.438083 ms (FindLiveObjects: 0.150333 ms CreateObjectMapping: 0.048417 ms MarkObjects: 3.939958 ms  DeleteObjects: 0.298750 ms)

Prepare: number of updated asset objects reloaded= 0
AssetImportParameters requested are different than current active one (requested -> active):
  custom:container-demuxer-ogg: 62fdf1f143b41e24485cea50d1cbac27 -> 
  custom:video-decoder-ogg-theora: a1e56fd34408186e4bbccfd4996cb3dc -> 
  custom:CustomObjectIndexerAttribute: 9a22284fe3817be447336de3de66b15e -> 
  custom:container-demuxer-webm: 4f35f7cbe854078d1ac9338744f61a02 -> 
  custom:container-muxer-webm: aa71ff27fc2769a1b78a27578f13a17b -> 
  custom:video-decoder-webm-vp8: 9c59270c3fd7afecdb556c50c9e8de78 -> 
  custom:SearchIndexIgnoredProperties: e643bd26f0fe6173181afceb89e7c659 -> 
  custom:AudioImporter_EditorPlatform: 3918e3fc78b5a79bad01e8451be0beb8 -> 
  custom:framework-osx-AVFoundation: e770b220cccbd017edd2c1fefb359320 -> 
  custom:video-encoder-webm-vp8: eb34c28f22e8b96e1ab97ce403110664 -> 
  custom:audio-decoder-ogg-vorbis: bf7c407c2cedff20999df2af8eb42d56 -> 
  custom:audio-encoder-webm-vorbis: bf7c407c2cedff20999df2af8eb42d56 -> 
========================================================================
Received Import Request.
  Time since last request: 93567.807227 seconds.
  path: Assets/Visuals/WaveScroller.cs
  artifactKey: Guid(254bd0c4354bc4ce0b7fd1398c7ed886) Importer(815301076,1909f56bfc062723c751e8b465ee728b)
Start importing Assets/Visuals/WaveScroller.cs using Guid(254bd0c4354bc4ce0b7fd1398c7ed886) Importer(815301076,1909f56bfc062723c751e8b465ee728b) [PhysX] Initialized MultithreadedTaskDispatcher with 8 workers.
 -> (artifact id: '3adf3573f2f55bafbd1391d780cc5c27') in 0.001874 seconds
Number of updated asset objects reloaded before import = 0
Number of asset objects unloaded after import = 0
